[0.013s] Invoking command in '/home/elijah/go2-convex-mpc/ros2_ws/build/unitree_go': CMAKE_PREFIX_PATH=/opt/ros/humble /usr/bin/cmake /home/elijah/go2-convex-mpc/ros2_ws/src/unitree_ros2/cyclonedds_ws/src/unitree/unitree_go -DAMENT_CMAKE_SYMLINK_INSTALL=1 -DCMAKE_INSTALL_PREFIX=/home/elijah/go2-convex-mpc/ros2_ws/install/unitree_go
[0.025s] -- Found ament_cmake: 1.3.12 (/opt/ros/humble/share/ament_cmake/cmake)
[0.143s] -- Found Python3: /usr/bin/python3 (found version "3.10.12") found components: Interpreter 
[0.192s] -- Override CMake install command with custom implementation using symlinks instead of copying resources
[0.220s] -- Found geometry_msgs: 4.9.0 (/opt/ros/humble/share/geometry_msgs/cmake)
[0.255s] -- Found rosidl_generator_c: 3.1.7 (/opt/ros/humble/share/rosidl_generator_c/cmake)
[0.259s] -- Found rosidl_adapter: 3.1.7 (/opt/ros/humble/share/rosidl_adapter/cmake)
[0.267s] -- Found rosidl_generator_cpp: 3.1.7 (/opt/ros/humble/share/rosidl_generator_cpp/cmake)
[0.279s] -- Using all available rosidl_typesupport_c: rosidl_typesupport_fastrtps_c;rosidl_typesupport_introspection_c
[0.293s] -- Using all available rosidl_typesupport_cpp: rosidl_typesupport_fastrtps_cpp;rosidl_typesupport_introspection_cpp
[0.329s] -- Found rosidl_default_generators: 1.2.0 (/opt/ros/humble/share/rosidl_default_generators/cmake)
[0.336s] -- Found rosidl_generator_dds_idl: 0.8.1 (/opt/ros/humble/share/rosidl_generator_dds_idl/cmake)
[0.654s] -- Found ament_cmake_ros: 0.10.0 (/opt/ros/humble/share/ament_cmake_ros/cmake)
[0.997s] -- Using all available rosidl_typesupport_c: rosidl_typesupport_fastrtps_c;rosidl_typesupport_introspection_c
[1.140s] -- Using all available rosidl_typesupport_cpp: rosidl_typesupport_fastrtps_cpp;rosidl_typesupport_introspection_cpp
[1.157s] -- Found PythonInterp: /usr/bin/python3 (found suitable version "3.10.12", minimum required is "3.6") 
[1.158s] -- Found python_cmake_module: 0.10.0 (/opt/ros/humble/share/python_cmake_module/cmake)
[1.177s] -- Found PythonLibs: /usr/lib/x86_64-linux-gnu/libpython3.10.so (found suitable version "3.10.12", minimum required is "3.5") 
[1.177s] -- Using PYTHON_EXECUTABLE: /usr/bin/python3
[1.177s] -- Using PYTHON_INCLUDE_DIRS: /usr/include/python3.10
[1.177s] -- Using PYTHON_LIBRARIES: /usr/lib/x86_64-linux-gnu/libpython3.10.so
[1.193s] -- Found PythonExtra: .so  
[1.267s] -- Found ament_lint_auto: 0.12.14 (/opt/ros/humble/share/ament_lint_auto/cmake)
[1.291s] -- Added test 'copyright' to check source files copyright and LICENSE
[1.293s] -- Added test 'lint_cmake' to check CMake code style
[1.296s] -- Added test 'xmllint' to check XML markup files
[1.298s] -- Configuring done
[1.386s] -- Generating done
[1.408s] -- Build files have been written to: /home/elijah/go2-convex-mpc/ros2_ws/build/unitree_go
[1.441s] Invoked command in '/home/elijah/go2-convex-mpc/ros2_ws/build/unitree_go' returned '0': CMAKE_PREFIX_PATH=/opt/ros/humble /usr/bin/cmake /home/elijah/go2-convex-mpc/ros2_ws/src/unitree_ros2/cyclonedds_ws/src/unitree/unitree_go -DAMENT_CMAKE_SYMLINK_INSTALL=1 -DCMAKE_INSTALL_PREFIX=/home/elijah/go2-convex-mpc/ros2_ws/install/unitree_go
[1.443s] Invoking command in '/home/elijah/go2-convex-mpc/ros2_ws/build/unitree_go': CMAKE_PREFIX_PATH=/opt/ros/humble /usr/bin/cmake --build /home/elijah/go2-convex-mpc/ros2_ws/build/unitree_go -- -j16 -l16
[1.542s] [  0%] [34m[1mGenerating C code for ROS interfaces[0m
[1.549s] [  0%] [34m[1mGenerating DDS interfaces[0m
[1.557s] [  0%] [34m[1mGenerating C++ code for ROS interfaces[0m
[1.572s] [  0%] Built target ament_cmake_python_symlink_unitree_go
[1.976s] running egg_info
[1.977s] creating unitree_go.egg-info
[1.977s] writing unitree_go.egg-info/PKG-INFO
[1.977s] writing dependency_links to unitree_go.egg-info/dependency_links.txt
[1.978s] writing top-level names to unitree_go.egg-info/top_level.txt
[1.978s] writing manifest file 'unitree_go.egg-info/SOURCES.txt'
[1.980s] reading manifest file 'unitree_go.egg-info/SOURCES.txt'
[1.981s] writing manifest file 'unitree_go.egg-info/SOURCES.txt'
[2.047s] [  0%] Built target ament_cmake_python_build_unitree_go_egg
[3.632s] [  0%] Built target unitree_go__dds_connext_idl
[6.396s] [  2%] [32mBuilding C object CMakeFiles/unitree_go__rosidl_generator_c.dir/rosidl_generator_c/unitree_go/msg/detail/audio_data__functions.c.o[0m
[6.397s] [  2%] [32mBuilding C object CMakeFiles/unitree_go__rosidl_generator_c.dir/rosidl_generator_c/unitree_go/msg/detail/bms_state__functions.c.o[0m
[6.399s] [  3%] [32mBuilding C object CMakeFiles/unitree_go__rosidl_generator_c.dir/rosidl_generator_c/unitree_go/msg/detail/go2_front_video_data__functions.c.o[0m
[6.410s] [  3%] [32mBuilding C object CMakeFiles/unitree_go__rosidl_generator_c.dir/rosidl_generator_c/unitree_go/msg/detail/error__functions.c.o[0m
[6.415s] [  3%] [32mBuilding C object CMakeFiles/unitree_go__rosidl_generator_c.dir/rosidl_generator_c/unitree_go/msg/detail/bms_cmd__functions.c.o[0m
[6.430s] [  4%] [32mBuilding C object CMakeFiles/unitree_go__rosidl_generator_c.dir/rosidl_generator_c/unitree_go/msg/detail/imu_state__functions.c.o[0m
[6.431s] [  5%] [32mBuilding C object CMakeFiles/unitree_go__rosidl_generator_c.dir/rosidl_generator_c/unitree_go/msg/detail/lidar_state__functions.c.o[0m
[6.444s] [  5%] [32mBuilding C object CMakeFiles/unitree_go__rosidl_generator_c.dir/rosidl_generator_c/unitree_go/msg/detail/interface_config__functions.c.o[0m
[6.450s] [  5%] [32mBuilding C object CMakeFiles/unitree_go__rosidl_generator_c.dir/rosidl_generator_c/unitree_go/msg/detail/height_map__functions.c.o[0m
[6.478s] [  5%] [32mBuilding C object CMakeFiles/unitree_go__rosidl_generator_c.dir/rosidl_generator_c/unitree_go/msg/detail/low_state__functions.c.o[0m
[6.500s] [  6%] [32mBuilding C object CMakeFiles/unitree_go__rosidl_generator_c.dir/rosidl_generator_c/unitree_go/msg/detail/motor_cmd__functions.c.o[0m
[6.502s] [  7%] [32mBuilding C object CMakeFiles/unitree_go__rosidl_generator_c.dir/rosidl_generator_c/unitree_go/msg/detail/motor_state__functions.c.o[0m
[6.509s] [  7%] [32mBuilding C object CMakeFiles/unitree_go__rosidl_generator_c.dir/rosidl_generator_c/unitree_go/msg/detail/motor_cmds__functions.c.o[0m
[6.509s] [  7%] [32mBuilding C object CMakeFiles/unitree_go__rosidl_generator_c.dir/rosidl_generator_c/unitree_go/msg/detail/motor_states__functions.c.o[0m
[6.521s] [  7%] [32mBuilding C object CMakeFiles/unitree_go__rosidl_generator_c.dir/rosidl_generator_c/unitree_go/msg/detail/low_cmd__functions.c.o[0m
[6.574s] [  8%] [32mBuilding C object CMakeFiles/unitree_go__rosidl_generator_c.dir/rosidl_generator_c/unitree_go/msg/detail/path_point__functions.c.o[0m
[6.629s] [  8%] [32mBuilding C object CMakeFiles/unitree_go__rosidl_generator_c.dir/rosidl_generator_c/unitree_go/msg/detail/req__functions.c.o[0m
[6.673s] [  9%] [32mBuilding C object CMakeFiles/unitree_go__rosidl_generator_c.dir/rosidl_generator_c/unitree_go/msg/detail/res__functions.c.o[0m
[6.686s] [  9%] [32mBuilding C object CMakeFiles/unitree_go__rosidl_generator_c.dir/rosidl_generator_c/unitree_go/msg/detail/sport_mode_cmd__functions.c.o[0m
[6.732s] [ 10%] [32mBuilding C object CMakeFiles/unitree_go__rosidl_generator_c.dir/rosidl_generator_c/unitree_go/msg/detail/sport_mode_state__functions.c.o[0m
[6.755s] [ 11%] [32mBuilding C object CMakeFiles/unitree_go__rosidl_generator_c.dir/rosidl_generator_c/unitree_go/msg/detail/uwb_state__functions.c.o[0m
[6.775s] [ 11%] [32mBuilding C object CMakeFiles/unitree_go__rosidl_generator_c.dir/rosidl_generator_c/unitree_go/msg/detail/time_spec__functions.c.o[0m
[6.798s] [ 11%] [32mBuilding C object CMakeFiles/unitree_go__rosidl_generator_c.dir/rosidl_generator_c/unitree_go/msg/detail/uwb_switch__functions.c.o[0m
[6.820s] [ 11%] [32mBuilding C object CMakeFiles/unitree_go__rosidl_generator_c.dir/rosidl_generator_c/unitree_go/msg/detail/wireless_controller__functions.c.o[0m
[7.087s] [ 12%] [32m[1mLinking C shared library libunitree_go__rosidl_generator_c.so[0m
[7.318s] [ 12%] Built target unitree_go__rosidl_generator_c
[7.322s] [ 12%] Built target unitree_go__cpp
[7.353s] [ 12%] [34m[1mGenerating C type support for eProsima Fast-RTPS[0m
[7.357s] [ 12%] [34m[1mGenerating C introspection for ROS interfaces[0m
[7.364s] [ 12%] [34m[1mGenerating C type support dispatch for ROS interfaces[0m
[7.398s] [ 14%] [34m[1mGenerating C++ introspection for ROS interfaces[0m
[7.404s] [ 14%] [34m[1mGenerating C++ type support dispatch for ROS interfaces[0m
[9.903s] [ 16%] [32mBuilding CXX object CMakeFiles/unitree_go__rosidl_typesupport_cpp.dir/rosidl_typesupport_cpp/unitree_go/msg/height_map__type_support.cpp.o[0m
[9.903s] [ 16%] [32mBuilding CXX object CMakeFiles/unitree_go__rosidl_typesupport_cpp.dir/rosidl_typesupport_cpp/unitree_go/msg/interface_config__type_support.cpp.o[0m
[9.905s] [ 14%] [32mBuilding CXX object CMakeFiles/unitree_go__rosidl_typesupport_cpp.dir/rosidl_typesupport_cpp/unitree_go/msg/audio_data__type_support.cpp.o[0m
[9.906s] [ 17%] [32mBuilding CXX object CMakeFiles/unitree_go__rosidl_typesupport_cpp.dir/rosidl_typesupport_cpp/unitree_go/msg/bms_cmd__type_support.cpp.o[0m
[9.907s] [ 17%] [32mBuilding CXX object CMakeFiles/unitree_go__rosidl_typesupport_cpp.dir/rosidl_typesupport_cpp/unitree_go/msg/bms_state__type_support.cpp.o[0m
[9.907s] [ 17%] [32mBuilding CXX object CMakeFiles/unitree_go__rosidl_typesupport_cpp.dir/rosidl_typesupport_cpp/unitree_go/msg/go2_front_video_data__type_support.cpp.o[0m
[9.907s] [ 17%] [32mBuilding CXX object CMakeFiles/unitree_go__rosidl_typesupport_cpp.dir/rosidl_typesupport_cpp/unitree_go/msg/imu_state__type_support.cpp.o[0m
[9.918s] [ 18%] [32mBuilding CXX object CMakeFiles/unitree_go__rosidl_typesupport_cpp.dir/rosidl_typesupport_cpp/unitree_go/msg/error__type_support.cpp.o[0m
[9.923s] [ 19%] [32mBuilding CXX object CMakeFiles/unitree_go__rosidl_typesupport_cpp.dir/rosidl_typesupport_cpp/unitree_go/msg/lidar_state__type_support.cpp.o[0m
[9.924s] [ 19%] [32mBuilding CXX object CMakeFiles/unitree_go__rosidl_typesupport_cpp.dir/rosidl_typesupport_cpp/unitree_go/msg/low_state__type_support.cpp.o[0m
[9.924s] [ 19%] [32mBuilding CXX object CMakeFiles/unitree_go__rosidl_typesupport_cpp.dir/rosidl_typesupport_cpp/unitree_go/msg/low_cmd__type_support.cpp.o[0m
[9.935s] [ 19%] [32mBuilding CXX object CMakeFiles/unitree_go__rosidl_typesupport_cpp.dir/rosidl_typesupport_cpp/unitree_go/msg/motor_cmd__type_support.cpp.o[0m
[10.571s] [ 20%] [32mBuilding CXX object CMakeFiles/unitree_go__rosidl_typesupport_cpp.dir/rosidl_typesupport_cpp/unitree_go/msg/motor_cmds__type_support.cpp.o[0m
[10.672s] [ 20%] [32mBuilding CXX object CMakeFiles/unitree_go__rosidl_typesupport_cpp.dir/rosidl_typesupport_cpp/unitree_go/msg/motor_state__type_support.cpp.o[0m
[10.688s] [ 21%] [32mBuilding CXX object CMakeFiles/unitree_go__rosidl_typesupport_cpp.dir/rosidl_typesupport_cpp/unitree_go/msg/motor_states__type_support.cpp.o[0m
[10.735s] [ 21%] [32mBuilding CXX object CMakeFiles/unitree_go__rosidl_typesupport_cpp.dir/rosidl_typesupport_cpp/unitree_go/msg/path_point__type_support.cpp.o[0m
[10.749s] [ 22%] [32mBuilding CXX object CMakeFiles/unitree_go__rosidl_typesupport_cpp.dir/rosidl_typesupport_cpp/unitree_go/msg/req__type_support.cpp.o[0m
[10.752s] [ 22%] [32mBuilding CXX object CMakeFiles/unitree_go__rosidl_typesupport_cpp.dir/rosidl_typesupport_cpp/unitree_go/msg/res__type_support.cpp.o[0m
[10.768s] [ 23%] [32mBuilding CXX object CMakeFiles/unitree_go__rosidl_typesupport_cpp.dir/rosidl_typesupport_cpp/unitree_go/msg/sport_mode_cmd__type_support.cpp.o[0m
[10.768s] [ 23%] [32mBuilding CXX object CMakeFiles/unitree_go__rosidl_typesupport_cpp.dir/rosidl_typesupport_cpp/unitree_go/msg/sport_mode_state__type_support.cpp.o[0m
[10.798s] [ 23%] [32mBuilding CXX object CMakeFiles/unitree_go__rosidl_typesupport_cpp.dir/rosidl_typesupport_cpp/unitree_go/msg/uwb_state__type_support.cpp.o[0m
[10.802s] [ 24%] [32mBuilding CXX object CMakeFiles/unitree_go__rosidl_typesupport_cpp.dir/rosidl_typesupport_cpp/unitree_go/msg/time_spec__type_support.cpp.o[0m
[10.808s] [ 25%] [32mBuilding CXX object CMakeFiles/unitree_go__rosidl_typesupport_cpp.dir/rosidl_typesupport_cpp/unitree_go/msg/uwb_switch__type_support.cpp.o[0m
[10.809s] [ 25%] [32mBuilding CXX object CMakeFiles/unitree_go__rosidl_typesupport_c.dir/rosidl_typesupport_c/unitree_go/msg/audio_data__type_support.cpp.o[0m
[10.820s] [ 26%] [32mBuilding CXX object CMakeFiles/unitree_go__rosidl_typesupport_c.dir/rosidl_typesupport_c/unitree_go/msg/bms_cmd__type_support.cpp.o[0m
[10.927s] [ 26%] [32mBuilding CXX object CMakeFiles/unitree_go__rosidl_typesupport_c.dir/rosidl_typesupport_c/unitree_go/msg/bms_state__type_support.cpp.o[0m
[11.047s] [ 27%] [32mBuilding CXX object CMakeFiles/unitree_go__rosidl_typesupport_c.dir/rosidl_typesupport_c/unitree_go/msg/error__type_support.cpp.o[0m
[11.080s] [ 27%] [32mBuilding CXX object CMakeFiles/unitree_go__rosidl_typesupport_c.dir/rosidl_typesupport_c/unitree_go/msg/go2_front_video_data__type_support.cpp.o[0m
[11.179s] [ 27%] [32mBuilding CXX object CMakeFiles/unitree_go__rosidl_typesupport_cpp.dir/rosidl_typesupport_cpp/unitree_go/msg/wireless_controller__type_support.cpp.o[0m
[11.194s] [ 28%] [32mBuilding CXX object CMakeFiles/unitree_go__rosidl_typesupport_c.dir/rosidl_typesupport_c/unitree_go/msg/height_map__type_support.cpp.o[0m
[11.220s] [ 28%] [32mBuilding C object CMakeFiles/unitree_go__rosidl_typesupport_introspection_c.dir/rosidl_typesupport_introspection_c/unitree_go/msg/detail/audio_data__type_support.c.o[0m
[11.228s] [ 29%] [32mBuilding C object CMakeFiles/unitree_go__rosidl_typesupport_introspection_c.dir/rosidl_typesupport_introspection_c/unitree_go/msg/detail/bms_cmd__type_support.c.o[0m
[11.239s] [ 29%] [32mBuilding CXX object CMakeFiles/unitree_go__rosidl_typesupport_c.dir/rosidl_typesupport_c/unitree_go/msg/imu_state__type_support.cpp.o[0m
[11.294s] [ 30%] [32mBuilding CXX object CMakeFiles/unitree_go__rosidl_typesupport_c.dir/rosidl_typesupport_c/unitree_go/msg/interface_config__type_support.cpp.o[0m
[11.309s] [ 30%] [32mBuilding C object CMakeFiles/unitree_go__rosidl_typesupport_introspection_c.dir/rosidl_typesupport_introspection_c/unitree_go/msg/detail/bms_state__type_support.c.o[0m
[11.321s] [ 30%] [32mBuilding CXX object CMakeFiles/unitree_go__rosidl_typesupport_c.dir/rosidl_typesupport_c/unitree_go/msg/lidar_state__type_support.cpp.o[0m
[11.337s] [ 31%] [32mBuilding C object CMakeFiles/unitree_go__rosidl_typesupport_introspection_c.dir/rosidl_typesupport_introspection_c/unitree_go/msg/detail/error__type_support.c.o[0m
[11.340s] [ 31%] [32mBuilding CXX object CMakeFiles/unitree_go__rosidl_typesupport_c.dir/rosidl_typesupport_c/unitree_go/msg/low_state__type_support.cpp.o[0m
[11.346s] [ 32%] [32mBuilding CXX object CMakeFiles/unitree_go__rosidl_typesupport_c.dir/rosidl_typesupport_c/unitree_go/msg/low_cmd__type_support.cpp.o[0m
[11.353s] [ 33%] [32mBuilding CXX object CMakeFiles/unitree_go__rosidl_typesupport_c.dir/rosidl_typesupport_c/unitree_go/msg/motor_cmd__type_support.cpp.o[0m
[11.366s] [ 33%] [32mBuilding C object CMakeFiles/unitree_go__rosidl_typesupport_introspection_c.dir/rosidl_typesupport_introspection_c/unitree_go/msg/detail/go2_front_video_data__type_support.c.o[0m
[11.378s] [ 33%] [32mBuilding CXX object CMakeFiles/unitree_go__rosidl_typesupport_c.dir/rosidl_typesupport_c/unitree_go/msg/motor_cmds__type_support.cpp.o[0m
[11.408s] [ 33%] [32mBuilding CXX object CMakeFiles/unitree_go__rosidl_typesupport_c.dir/rosidl_typesupport_c/unitree_go/msg/motor_state__type_support.cpp.o[0m
[11.409s] [ 34%] [32mBuilding C object CMakeFiles/unitree_go__rosidl_typesupport_introspection_c.dir/rosidl_typesupport_introspection_c/unitree_go/msg/detail/height_map__type_support.c.o[0m
[11.423s] [ 35%] [32mBuilding CXX object CMakeFiles/unitree_go__rosidl_typesupport_c.dir/rosidl_typesupport_c/unitree_go/msg/motor_states__type_support.cpp.o[0m
[11.429s] [ 35%] [32mBuilding CXX object CMakeFiles/unitree_go__rosidl_typesupport_c.dir/rosidl_typesupport_c/unitree_go/msg/path_point__type_support.cpp.o[0m
[11.439s] [ 35%] [32mBuilding C object CMakeFiles/unitree_go__rosidl_typesupport_introspection_c.dir/rosidl_typesupport_introspection_c/unitree_go/msg/detail/imu_state__type_support.c.o[0m
[11.439s] [ 36%] [32mBuilding C object CMakeFiles/unitree_go__rosidl_typesupport_introspection_c.dir/rosidl_typesupport_introspection_c/unitree_go/msg/detail/interface_config__type_support.c.o[0m
[11.444s] [ 36%] [32mBuilding C object CMakeFiles/unitree_go__rosidl_typesupport_introspection_c.dir/rosidl_typesupport_introspection_c/unitree_go/msg/detail/lidar_state__type_support.c.o[0m
[11.475s] [ 36%] [32mBuilding CXX object CMakeFiles/unitree_go__rosidl_typesupport_c.dir/rosidl_typesupport_c/unitree_go/msg/res__type_support.cpp.o[0m
[11.477s] [ 37%] [32mBuilding CXX object CMakeFiles/unitree_go__rosidl_typesupport_c.dir/rosidl_typesupport_c/unitree_go/msg/req__type_support.cpp.o[0m
[11.484s] [ 38%] [32mBuilding CXX object CMakeFiles/unitree_go__rosidl_typesupport_c.dir/rosidl_typesupport_c/unitree_go/msg/sport_mode_cmd__type_support.cpp.o[0m
[11.488s] [ 39%] [32mBuilding C object CMakeFiles/unitree_go__rosidl_typesupport_introspection_c.dir/rosidl_typesupport_introspection_c/unitree_go/msg/detail/low_cmd__type_support.c.o[0m
[11.490s] [ 39%] [32mBuilding C object CMakeFiles/unitree_go__rosidl_typesupport_introspection_c.dir/rosidl_typesupport_introspection_c/unitree_go/msg/detail/low_state__type_support.c.o[0m
[11.503s] [ 40%] [32mBuilding C object CMakeFiles/unitree_go__rosidl_typesupport_introspection_c.dir/rosidl_typesupport_introspection_c/unitree_go/msg/detail/motor_cmd__type_support.c.o[0m
[11.507s] [ 40%] [32mBuilding C object CMakeFiles/unitree_go__rosidl_typesupport_introspection_c.dir/rosidl_typesupport_introspection_c/unitree_go/msg/detail/motor_state__type_support.c.o[0m
[11.510s] [ 40%] [32mBuilding C object CMakeFiles/unitree_go__rosidl_typesupport_introspection_c.dir/rosidl_typesupport_introspection_c/unitree_go/msg/detail/motor_cmds__type_support.c.o[0m
[11.520s] [ 40%] [32mBuilding C object CMakeFiles/unitree_go__rosidl_typesupport_introspection_c.dir/rosidl_typesupport_introspection_c/unitree_go/msg/detail/path_point__type_support.c.o[0m
[11.531s] [ 42%] [32mBuilding CXX object CMakeFiles/unitree_go__rosidl_typesupport_c.dir/rosidl_typesupport_c/unitree_go/msg/time_spec__type_support.cpp.o[0m
[11.533s] [ 42%] [32mBuilding C object CMakeFiles/unitree_go__rosidl_typesupport_introspection_c.dir/rosidl_typesupport_introspection_c/unitree_go/msg/detail/motor_states__type_support.c.o[0m
[11.533s] [ 42%] [32mBuilding CXX object CMakeFiles/unitree_go__rosidl_typesupport_c.dir/rosidl_typesupport_c/unitree_go/msg/sport_mode_state__type_support.cpp.o[0m
[11.548s] [ 42%] [32mBuilding CXX object CMakeFiles/unitree_go__rosidl_typesupport_introspection_cpp.dir/rosidl_typesupport_introspection_cpp/unitree_go/msg/detail/bms_state__type_support.cpp.o[0m
[11.558s] [ 43%] [32mBuilding CXX object CMakeFiles/unitree_go__rosidl_typesupport_introspection_cpp.dir/rosidl_typesupport_introspection_cpp/unitree_go/msg/detail/bms_cmd__type_support.cpp.o[0m
[11.562s] [ 43%] [32mBuilding CXX object CMakeFiles/unitree_go__rosidl_typesupport_c.dir/rosidl_typesupport_c/unitree_go/msg/uwb_state__type_support.cpp.o[0m
[11.563s] [ 44%] [32mBuilding CXX object CMakeFiles/unitree_go__rosidl_typesupport_introspection_cpp.dir/rosidl_typesupport_introspection_cpp/unitree_go/msg/detail/error__type_support.cpp.o[0m
[11.569s] [ 44%] [32mBuilding CXX object CMakeFiles/unitree_go__rosidl_typesupport_introspection_cpp.dir/rosidl_typesupport_introspection_cpp/unitree_go/msg/detail/audio_data__type_support.cpp.o[0m
[11.581s] [ 45%] [32mBuilding CXX object CMakeFiles/unitree_go__rosidl_typesupport_c.dir/rosidl_typesupport_c/unitree_go/msg/uwb_switch__type_support.cpp.o[0m
[11.586s] [ 45%] [32mBuilding CXX object CMakeFiles/unitree_go__rosidl_typesupport_c.dir/rosidl_typesupport_c/unitree_go/msg/wireless_controller__type_support.cpp.o[0m
[11.588s] [ 45%] [32mBuilding CXX object CMakeFiles/unitree_go__rosidl_typesupport_introspection_cpp.dir/rosidl_typesupport_introspection_cpp/unitree_go/msg/detail/go2_front_video_data__type_support.cpp.o[0m
[11.597s] [ 46%] [32mBuilding CXX object CMakeFiles/unitree_go__rosidl_typesupport_introspection_cpp.dir/rosidl_typesupport_introspection_cpp/unitree_go/msg/detail/height_map__type_support.cpp.o[0m
[11.597s] [ 46%] [32mBuilding C object CMakeFiles/unitree_go__rosidl_typesupport_introspection_c.dir/rosidl_typesupport_introspection_c/unitree_go/msg/detail/res__type_support.c.o[0m
[11.597s] [ 47%] [32mBuilding C object CMakeFiles/unitree_go__rosidl_typesupport_introspection_c.dir/rosidl_typesupport_introspection_c/unitree_go/msg/detail/req__type_support.c.o[0m
[11.604s] [ 47%] [32mBuilding CXX object CMakeFiles/unitree_go__rosidl_typesupport_introspection_cpp.dir/rosidl_typesupport_introspection_cpp/unitree_go/msg/detail/imu_state__type_support.cpp.o[0m
[11.606s] [ 48%] [32mBuilding C object CMakeFiles/unitree_go__rosidl_typesupport_introspection_c.dir/rosidl_typesupport_introspection_c/unitree_go/msg/detail/sport_mode_cmd__type_support.c.o[0m
[11.612s] [ 48%] [32mBuilding CXX object CMakeFiles/unitree_go__rosidl_typesupport_fastrtps_c.dir/rosidl_typesupport_fastrtps_c/unitree_go/msg/detail/audio_data__type_support_c.cpp.o[0m
[11.620s] [ 48%] [32mBuilding C object CMakeFiles/unitree_go__rosidl_typesupport_introspection_c.dir/rosidl_typesupport_introspection_c/unitree_go/msg/detail/sport_mode_state__type_support.c.o[0m
[11.620s] [ 49%] [32mBuilding CXX object CMakeFiles/unitree_go__rosidl_typesupport_fastrtps_c.dir/rosidl_typesupport_fastrtps_c/unitree_go/msg/detail/bms_cmd__type_support_c.cpp.o[0m
[11.665s] [ 49%] [32mBuilding CXX object CMakeFiles/unitree_go__rosidl_typesupport_fastrtps_c.dir/rosidl_typesupport_fastrtps_c/unitree_go/msg/detail/bms_state__type_support_c.cpp.o[0m
[11.675s] [ 51%] [32m[1mLinking CXX shared library libunitree_go__rosidl_typesupport_c.so[0m
[11.675s] [ 51%] [32mBuilding CXX object CMakeFiles/unitree_go__rosidl_typesupport_introspection_cpp.dir/rosidl_typesupport_introspection_cpp/unitree_go/msg/detail/interface_config__type_support.cpp.o[0m
[11.695s] [ 52%] [32m[1mLinking CXX shared library libunitree_go__rosidl_typesupport_cpp.so[0m
[11.703s] [ 53%] [32mBuilding CXX object CMakeFiles/unitree_go__rosidl_typesupport_fastrtps_c.dir/rosidl_typesupport_fastrtps_c/unitree_go/msg/detail/error__type_support_c.cpp.o[0m
[11.730s] [ 53%] [32mBuilding CXX object CMakeFiles/unitree_go__rosidl_typesupport_fastrtps_c.dir/rosidl_typesupport_fastrtps_c/unitree_go/msg/detail/go2_front_video_data__type_support_c.cpp.o[0m
[11.731s] [ 54%] [32mBuilding C object CMakeFiles/unitree_go__rosidl_typesupport_introspection_c.dir/rosidl_typesupport_introspection_c/unitree_go/msg/detail/time_spec__type_support.c.o[0m
[11.812s] [ 54%] Built target unitree_go__rosidl_typesupport_cpp
[11.861s] [ 54%] [32mBuilding C object CMakeFiles/unitree_go__rosidl_typesupport_introspection_c.dir/rosidl_typesupport_introspection_c/unitree_go/msg/detail/uwb_state__type_support.c.o[0m
[11.866s] [ 54%] Built target unitree_go__rosidl_typesupport_c
[11.873s] [ 55%] [34m[1mGenerating C++ type support for eProsima Fast-RTPS[0m
[11.893s] [ 56%] [32mBuilding C object CMakeFiles/unitree_go__rosidl_typesupport_introspection_c.dir/rosidl_typesupport_introspection_c/unitree_go/msg/detail/uwb_switch__type_support.c.o[0m
[11.999s] [ 57%] [32mBuilding CXX object CMakeFiles/unitree_go__rosidl_typesupport_fastrtps_c.dir/rosidl_typesupport_fastrtps_c/unitree_go/msg/detail/height_map__type_support_c.cpp.o[0m
[12.007s] [ 57%] [32mBuilding C object CMakeFiles/unitree_go__rosidl_typesupport_introspection_c.dir/rosidl_typesupport_introspection_c/unitree_go/msg/detail/wireless_controller__type_support.c.o[0m
[12.132s] [ 58%] [32m[1mLinking C shared library libunitree_go__rosidl_typesupport_introspection_c.so[0m
[12.297s] [ 58%] Built target unitree_go__rosidl_typesupport_introspection_c
[12.332s] [ 58%] [32mBuilding CXX object CMakeFiles/unitree_go__rosidl_typesupport_introspection_cpp.dir/rosidl_typesupport_introspection_cpp/unitree_go/msg/detail/lidar_state__type_support.cpp.o[0m
[12.348s] [ 58%] [32mBuilding CXX object CMakeFiles/unitree_go__rosidl_typesupport_fastrtps_c.dir/rosidl_typesupport_fastrtps_c/unitree_go/msg/detail/imu_state__type_support_c.cpp.o[0m
[12.350s] [ 59%] [32mBuilding CXX object CMakeFiles/unitree_go__rosidl_typesupport_introspection_cpp.dir/rosidl_typesupport_introspection_cpp/unitree_go/msg/detail/low_cmd__type_support.cpp.o[0m
[12.365s] [ 59%] [32mBuilding CXX object CMakeFiles/unitree_go__rosidl_typesupport_introspection_cpp.dir/rosidl_typesupport_introspection_cpp/unitree_go/msg/detail/low_state__type_support.cpp.o[0m
[12.367s] [ 60%] [32mBuilding CXX object CMakeFiles/unitree_go__rosidl_typesupport_fastrtps_c.dir/rosidl_typesupport_fastrtps_c/unitree_go/msg/detail/interface_config__type_support_c.cpp.o[0m
[12.386s] [ 60%] [32mBuilding CXX object CMakeFiles/unitree_go__rosidl_typesupport_fastrtps_c.dir/rosidl_typesupport_fastrtps_c/unitree_go/msg/detail/lidar_state__type_support_c.cpp.o[0m
[12.389s] [ 61%] [32mBuilding CXX object CMakeFiles/unitree_go__rosidl_typesupport_fastrtps_c.dir/rosidl_typesupport_fastrtps_c/unitree_go/msg/detail/low_cmd__type_support_c.cpp.o[0m
[12.428s] [ 61%] [32mBuilding CXX object CMakeFiles/unitree_go__rosidl_typesupport_introspection_cpp.dir/rosidl_typesupport_introspection_cpp/unitree_go/msg/detail/motor_cmd__type_support.cpp.o[0m
[12.476s] [ 61%] [32mBuilding CXX object CMakeFiles/unitree_go__rosidl_typesupport_fastrtps_c.dir/rosidl_typesupport_fastrtps_c/unitree_go/msg/detail/low_state__type_support_c.cpp.o[0m
[12.481s] [ 62%] [32mBuilding CXX object CMakeFiles/unitree_go__rosidl_typesupport_introspection_cpp.dir/rosidl_typesupport_introspection_cpp/unitree_go/msg/detail/motor_cmds__type_support.cpp.o[0m
[12.548s] [ 63%] [32mBuilding CXX object CMakeFiles/unitree_go__rosidl_typesupport_fastrtps_c.dir/rosidl_typesupport_fastrtps_c/unitree_go/msg/detail/motor_cmd__type_support_c.cpp.o[0m
[12.593s] [ 63%] [32mBuilding CXX object CMakeFiles/unitree_go__rosidl_typesupport_fastrtps_c.dir/rosidl_typesupport_fastrtps_c/unitree_go/msg/detail/motor_cmds__type_support_c.cpp.o[0m
[12.669s] [ 63%] [32mBuilding CXX object CMakeFiles/unitree_go__rosidl_typesupport_introspection_cpp.dir/rosidl_typesupport_introspection_cpp/unitree_go/msg/detail/motor_state__type_support.cpp.o[0m
[12.728s] [ 63%] [32mBuilding CXX object CMakeFiles/unitree_go__rosidl_typesupport_fastrtps_c.dir/rosidl_typesupport_fastrtps_c/unitree_go/msg/detail/motor_state__type_support_c.cpp.o[0m
[12.888s] [ 64%] [32mBuilding CXX object CMakeFiles/unitree_go__rosidl_typesupport_introspection_cpp.dir/rosidl_typesupport_introspection_cpp/unitree_go/msg/detail/motor_states__type_support.cpp.o[0m
[12.946s] [ 64%] [32mBuilding CXX object CMakeFiles/unitree_go__rosidl_typesupport_introspection_cpp.dir/rosidl_typesupport_introspection_cpp/unitree_go/msg/detail/path_point__type_support.cpp.o[0m
[13.041s] [ 65%] [32mBuilding CXX object CMakeFiles/unitree_go__rosidl_typesupport_introspection_cpp.dir/rosidl_typesupport_introspection_cpp/unitree_go/msg/detail/req__type_support.cpp.o[0m
[13.048s] [ 65%] [32mBuilding CXX object CMakeFiles/unitree_go__rosidl_typesupport_introspection_cpp.dir/rosidl_typesupport_introspection_cpp/unitree_go/msg/detail/res__type_support.cpp.o[0m
[13.112s] [ 66%] [32mBuilding CXX object CMakeFiles/unitree_go__rosidl_typesupport_fastrtps_c.dir/rosidl_typesupport_fastrtps_c/unitree_go/msg/detail/motor_states__type_support_c.cpp.o[0m
[13.124s] [ 66%] [32mBuilding CXX object CMakeFiles/unitree_go__rosidl_typesupport_fastrtps_c.dir/rosidl_typesupport_fastrtps_c/unitree_go/msg/detail/path_point__type_support_c.cpp.o[0m
[13.193s] [ 67%] [32mBuilding CXX object CMakeFiles/unitree_go__rosidl_typesupport_fastrtps_c.dir/rosidl_typesupport_fastrtps_c/unitree_go/msg/detail/req__type_support_c.cpp.o[0m
[13.224s] [ 67%] [32mBuilding CXX object CMakeFiles/unitree_go__rosidl_typesupport_fastrtps_c.dir/rosidl_typesupport_fastrtps_c/unitree_go/msg/detail/res__type_support_c.cpp.o[0m
[13.231s] [ 68%] [32mBuilding CXX object CMakeFiles/unitree_go__rosidl_typesupport_fastrtps_c.dir/rosidl_typesupport_fastrtps_c/unitree_go/msg/detail/sport_mode_cmd__type_support_c.cpp.o[0m
[13.232s] [ 69%] [32mBuilding CXX object CMakeFiles/unitree_go__rosidl_typesupport_introspection_cpp.dir/rosidl_typesupport_introspection_cpp/unitree_go/msg/detail/sport_mode_cmd__type_support.cpp.o[0m
[13.287s] [ 69%] [32mBuilding CXX object CMakeFiles/unitree_go__rosidl_typesupport_introspection_cpp.dir/rosidl_typesupport_introspection_cpp/unitree_go/msg/detail/sport_mode_state__type_support.cpp.o[0m
[13.306s] [ 70%] [32mBuilding CXX object CMakeFiles/unitree_go__rosidl_typesupport_introspection_cpp.dir/rosidl_typesupport_introspection_cpp/unitree_go/msg/detail/time_spec__type_support.cpp.o[0m
[13.376s] [ 70%] [32mBuilding CXX object CMakeFiles/unitree_go__rosidl_typesupport_fastrtps_c.dir/rosidl_typesupport_fastrtps_c/unitree_go/msg/detail/sport_mode_state__type_support_c.cpp.o[0m
[13.383s] [ 71%] [32mBuilding CXX object CMakeFiles/unitree_go__rosidl_typesupport_fastrtps_c.dir/rosidl_typesupport_fastrtps_c/unitree_go/msg/detail/time_spec__type_support_c.cpp.o[0m
[13.404s] [ 71%] [32mBuilding CXX object CMakeFiles/unitree_go__rosidl_typesupport_fastrtps_c.dir/rosidl_typesupport_fastrtps_c/unitree_go/msg/detail/uwb_state__type_support_c.cpp.o[0m
[13.696s] [ 72%] [32mBuilding CXX object CMakeFiles/unitree_go__rosidl_typesupport_fastrtps_c.dir/rosidl_typesupport_fastrtps_c/unitree_go/msg/detail/uwb_switch__type_support_c.cpp.o[0m
[13.717s] [ 72%] [32mBuilding CXX object CMakeFiles/unitree_go__rosidl_typesupport_introspection_cpp.dir/rosidl_typesupport_introspection_cpp/unitree_go/msg/detail/uwb_state__type_support.cpp.o[0m
[13.814s] [ 73%] [32mBuilding CXX object CMakeFiles/unitree_go__rosidl_typesupport_introspection_cpp.dir/rosidl_typesupport_introspection_cpp/unitree_go/msg/detail/uwb_switch__type_support.cpp.o[0m
[13.876s] [ 73%] [32mBuilding CXX object CMakeFiles/unitree_go__rosidl_typesupport_introspection_cpp.dir/rosidl_typesupport_introspection_cpp/unitree_go/msg/detail/wireless_controller__type_support.cpp.o[0m
[13.951s] [ 73%] [32mBuilding CXX object CMakeFiles/unitree_go__rosidl_typesupport_fastrtps_c.dir/rosidl_typesupport_fastrtps_c/unitree_go/msg/detail/wireless_controller__type_support_c.cpp.o[0m
[14.397s] [ 74%] [32m[1mLinking CXX shared library libunitree_go__rosidl_typesupport_fastrtps_c.so[0m
[14.460s] [ 75%] [32m[1mLinking CXX shared library libunitree_go__rosidl_typesupport_introspection_cpp.so[0m
[14.531s] [ 75%] Built target unitree_go__rosidl_typesupport_fastrtps_c
[14.591s] [ 75%] Built target unitree_go__rosidl_typesupport_introspection_cpp
[14.642s] [ 75%] [32mBuilding CXX object CMakeFiles/unitree_go__rosidl_typesupport_fastrtps_cpp.dir/rosidl_typesupport_fastrtps_cpp/unitree_go/msg/detail/dds_fastrtps/audio_data__type_support.cpp.o[0m
[14.644s] [ 76%] [32mBuilding CXX object CMakeFiles/unitree_go__rosidl_typesupport_fastrtps_cpp.dir/rosidl_typesupport_fastrtps_cpp/unitree_go/msg/detail/dds_fastrtps/interface_config__type_support.cpp.o[0m
[14.644s] [ 76%] [32mBuilding CXX object CMakeFiles/unitree_go__rosidl_typesupport_fastrtps_cpp.dir/rosidl_typesupport_fastrtps_cpp/unitree_go/msg/detail/dds_fastrtps/lidar_state__type_support.cpp.o[0m
[14.645s] [ 76%] [32mBuilding CXX object CMakeFiles/unitree_go__rosidl_typesupport_fastrtps_cpp.dir/rosidl_typesupport_fastrtps_cpp/unitree_go/msg/detail/dds_fastrtps/go2_front_video_data__type_support.cpp.o[0m
[14.645s] [ 76%] [32mBuilding CXX object CMakeFiles/unitree_go__rosidl_typesupport_fastrtps_cpp.dir/rosidl_typesupport_fastrtps_cpp/unitree_go/msg/detail/dds_fastrtps/low_state__type_support.cpp.o[0m
[14.645s] [ 76%] [32mBuilding CXX object CMakeFiles/unitree_go__rosidl_typesupport_fastrtps_cpp.dir/rosidl_typesupport_fastrtps_cpp/unitree_go/msg/detail/dds_fastrtps/imu_state__type_support.cpp.o[0m
[14.645s] [ 76%] [32mBuilding CXX object CMakeFiles/unitree_go__rosidl_typesupport_fastrtps_cpp.dir/rosidl_typesupport_fastrtps_cpp/unitree_go/msg/detail/dds_fastrtps/bms_state__type_support.cpp.o[0m
[14.645s] [ 78%] [32mBuilding CXX object CMakeFiles/unitree_go__rosidl_typesupport_fastrtps_cpp.dir/rosidl_typesupport_fastrtps_cpp/unitree_go/msg/detail/dds_fastrtps/bms_cmd__type_support.cpp.o[0m
[14.645s] [ 79%] [32mBuilding CXX object CMakeFiles/unitree_go__rosidl_typesupport_fastrtps_cpp.dir/rosidl_typesupport_fastrtps_cpp/unitree_go/msg/detail/dds_fastrtps/error__type_support.cpp.o[0m
[14.647s] [ 80%] [32mBuilding CXX object CMakeFiles/unitree_go__rosidl_typesupport_fastrtps_cpp.dir/rosidl_typesupport_fastrtps_cpp/unitree_go/msg/detail/dds_fastrtps/height_map__type_support.cpp.o[0m
[14.647s] [ 80%] [32mBuilding CXX object CMakeFiles/unitree_go__rosidl_typesupport_fastrtps_cpp.dir/rosidl_typesupport_fastrtps_cpp/unitree_go/msg/detail/dds_fastrtps/low_cmd__type_support.cpp.o[0m
[14.648s] [ 80%] [32mBuilding CXX object CMakeFiles/unitree_go__rosidl_typesupport_fastrtps_cpp.dir/rosidl_typesupport_fastrtps_cpp/unitree_go/msg/detail/dds_fastrtps/motor_state__type_support.cpp.o[0m
[14.648s] [ 81%] [32mBuilding CXX object CMakeFiles/unitree_go__rosidl_typesupport_fastrtps_cpp.dir/rosidl_typesupport_fastrtps_cpp/unitree_go/msg/detail/dds_fastrtps/motor_cmds__type_support.cpp.o[0m
[14.650s] [ 82%] [32mBuilding CXX object CMakeFiles/unitree_go__rosidl_typesupport_fastrtps_cpp.dir/rosidl_typesupport_fastrtps_cpp/unitree_go/msg/detail/dds_fastrtps/motor_states__type_support.cpp.o[0m
[14.652s] [ 82%] [32mBuilding CXX object CMakeFiles/unitree_go__rosidl_typesupport_fastrtps_cpp.dir/rosidl_typesupport_fastrtps_cpp/unitree_go/msg/detail/dds_fastrtps/motor_cmd__type_support.cpp.o[0m
[14.658s] [ 82%] [32mBuilding CXX object CMakeFiles/unitree_go__rosidl_typesupport_fastrtps_cpp.dir/rosidl_typesupport_fastrtps_cpp/unitree_go/msg/detail/dds_fastrtps/path_point__type_support.cpp.o[0m
[15.251s] [ 83%] [32mBuilding CXX object CMakeFiles/unitree_go__rosidl_typesupport_fastrtps_cpp.dir/rosidl_typesupport_fastrtps_cpp/unitree_go/msg/detail/dds_fastrtps/req__type_support.cpp.o[0m
[15.271s] [ 83%] [32mBuilding CXX object CMakeFiles/unitree_go__rosidl_typesupport_fastrtps_cpp.dir/rosidl_typesupport_fastrtps_cpp/unitree_go/msg/detail/dds_fastrtps/res__type_support.cpp.o[0m
[15.285s] [ 84%] [32mBuilding CXX object CMakeFiles/unitree_go__rosidl_typesupport_fastrtps_cpp.dir/rosidl_typesupport_fastrtps_cpp/unitree_go/msg/detail/dds_fastrtps/sport_mode_cmd__type_support.cpp.o[0m
[15.316s] [ 84%] [32mBuilding CXX object CMakeFiles/unitree_go__rosidl_typesupport_fastrtps_cpp.dir/rosidl_typesupport_fastrtps_cpp/unitree_go/msg/detail/dds_fastrtps/sport_mode_state__type_support.cpp.o[0m
[15.347s] [ 84%] [32mBuilding CXX object CMakeFiles/unitree_go__rosidl_typesupport_fastrtps_cpp.dir/rosidl_typesupport_fastrtps_cpp/unitree_go/msg/detail/dds_fastrtps/uwb_state__type_support.cpp.o[0m
[15.353s] [ 85%] [32mBuilding CXX object CMakeFiles/unitree_go__rosidl_typesupport_fastrtps_cpp.dir/rosidl_typesupport_fastrtps_cpp/unitree_go/msg/detail/dds_fastrtps/time_spec__type_support.cpp.o[0m
[15.388s] [ 86%] [32mBuilding CXX object CMakeFiles/unitree_go__rosidl_typesupport_fastrtps_cpp.dir/rosidl_typesupport_fastrtps_cpp/unitree_go/msg/detail/dds_fastrtps/uwb_switch__type_support.cpp.o[0m
[15.394s] [ 86%] [32mBuilding CXX object CMakeFiles/unitree_go__rosidl_typesupport_fastrtps_cpp.dir/rosidl_typesupport_fastrtps_cpp/unitree_go/msg/detail/dds_fastrtps/wireless_controller__type_support.cpp.o[0m
[15.857s] [ 87%] [32m[1mLinking CXX shared library libunitree_go__rosidl_typesupport_fastrtps_cpp.so[0m
[15.939s] [ 87%] Built target unitree_go__rosidl_typesupport_fastrtps_cpp
[15.956s] [ 87%] Built target unitree_go
[15.975s] [ 88%] [34m[1mGenerating Python code for ROS interfaces[0m
[18.174s] [ 88%] Built target unitree_go__py
[18.198s] [ 92%] [32mBuilding C object CMakeFiles/unitree_go__rosidl_generator_py.dir/rosidl_generator_py/unitree_go/msg/_go2_front_video_data_s.c.o[0m
[18.198s] [ 92%] [32mBuilding C object CMakeFiles/unitree_go__rosidl_generator_py.dir/rosidl_generator_py/unitree_go/msg/_bms_state_s.c.o[0m
[18.198s] [ 92%] [32mBuilding C object CMakeFiles/unitree_go__rosidl_generator_py.dir/rosidl_generator_py/unitree_go/msg/_audio_data_s.c.o[0m
[18.198s] [ 92%] [32mBuilding C object CMakeFiles/unitree_go__rosidl_generator_py.dir/rosidl_generator_py/unitree_go/msg/_interface_config_s.c.o[0m
[18.198s] [ 92%] [32mBuilding C object CMakeFiles/unitree_go__rosidl_generator_py.dir/rosidl_generator_py/unitree_go/msg/_imu_state_s.c.o[0m
[18.198s] [ 92%] [32mBuilding C object CMakeFiles/unitree_go__rosidl_generator_py.dir/rosidl_generator_py/unitree_go/msg/_lidar_state_s.c.o[0m
[18.198s] [ 92%] [32mBuilding C object CMakeFiles/unitree_go__rosidl_generator_py.dir/rosidl_generator_py/unitree_go/msg/_low_state_s.c.o[0m
[18.199s] [ 92%] [32mBuilding C object CMakeFiles/unitree_go__rosidl_generator_py.dir/rosidl_generator_py/unitree_go/msg/_bms_cmd_s.c.o[0m
[18.199s] [ 93%] [32mBuilding C object CMakeFiles/unitree_go__rosidl_generator_py.dir/rosidl_generator_py/unitree_go/msg/_low_cmd_s.c.o[0m
[18.199s] [ 92%] [32mBuilding C object CMakeFiles/unitree_go__rosidl_generator_py.dir/rosidl_generator_py/unitree_go/msg/_error_s.c.o[0m
[18.199s] [ 92%] [32mBuilding C object CMakeFiles/unitree_go__rosidl_generator_py.dir/rosidl_generator_py/unitree_go/msg/_height_map_s.c.o[0m
[18.199s] [ 93%] [32mBuilding C object CMakeFiles/unitree_go__rosidl_generator_py.dir/rosidl_generator_py/unitree_go/msg/_motor_cmd_s.c.o[0m
[18.199s] [ 94%] [32mBuilding C object CMakeFiles/unitree_go__rosidl_generator_py.dir/rosidl_generator_py/unitree_go/msg/_motor_cmds_s.c.o[0m
[18.200s] [ 94%] [32mBuilding C object CMakeFiles/unitree_go__rosidl_generator_py.dir/rosidl_generator_py/unitree_go/msg/_motor_state_s.c.o[0m
[18.200s] [ 95%] [32mBuilding C object CMakeFiles/unitree_go__rosidl_generator_py.dir/rosidl_generator_py/unitree_go/msg/_motor_states_s.c.o[0m
[18.200s] [ 95%] [32mBuilding C object CMakeFiles/unitree_go__rosidl_generator_py.dir/rosidl_generator_py/unitree_go/msg/_path_point_s.c.o[0m
[18.368s] [ 96%] [32mBuilding C object CMakeFiles/unitree_go__rosidl_generator_py.dir/rosidl_generator_py/unitree_go/msg/_req_s.c.o[0m
[18.369s] [ 96%] [32mBuilding C object CMakeFiles/unitree_go__rosidl_generator_py.dir/rosidl_generator_py/unitree_go/msg/_res_s.c.o[0m
[18.377s] [ 96%] [32mBuilding C object CMakeFiles/unitree_go__rosidl_generator_py.dir/rosidl_generator_py/unitree_go/msg/_sport_mode_state_s.c.o[0m
[18.382s] [ 97%] [32mBuilding C object CMakeFiles/unitree_go__rosidl_generator_py.dir/rosidl_generator_py/unitree_go/msg/_time_spec_s.c.o[0m
[18.385s] [ 98%] [32mBuilding C object CMakeFiles/unitree_go__rosidl_generator_py.dir/rosidl_generator_py/unitree_go/msg/_uwb_state_s.c.o[0m
[18.385s] [ 98%] [32mBuilding C object CMakeFiles/unitree_go__rosidl_generator_py.dir/rosidl_generator_py/unitree_go/msg/_sport_mode_cmd_s.c.o[0m
[18.386s] [ 99%] [32mBuilding C object CMakeFiles/unitree_go__rosidl_generator_py.dir/rosidl_generator_py/unitree_go/msg/_uwb_switch_s.c.o[0m
[18.394s] [ 99%] [32mBuilding C object CMakeFiles/unitree_go__rosidl_generator_py.dir/rosidl_generator_py/unitree_go/msg/_wireless_controller_s.c.o[0m
[18.529s] [100%] [32m[1mLinking C shared library rosidl_generator_py/unitree_go/libunitree_go__rosidl_generator_py.so[0m
[18.575s] [100%] Built target unitree_go__rosidl_generator_py
[18.597s] [100%] [32mBuilding C object CMakeFiles/unitree_go__rosidl_typesupport_introspection_c__pyext.dir/rosidl_generator_py/unitree_go/_unitree_go_s.ep.rosidl_typesupport_introspection_c.c.o[0m
[18.597s] [100%] [32mBuilding C object CMakeFiles/unitree_go__rosidl_typesupport_c__pyext.dir/rosidl_generator_py/unitree_go/_unitree_go_s.ep.rosidl_typesupport_c.c.o[0m
[18.597s] [100%] [32mBuilding C object CMakeFiles/unitree_go__rosidl_typesupport_fastrtps_c__pyext.dir/rosidl_generator_py/unitree_go/_unitree_go_s.ep.rosidl_typesupport_fastrtps_c.c.o[0m
[18.729s] [100%] [32m[1mLinking C shared library rosidl_generator_py/unitree_go/unitree_go_s__rosidl_typesupport_c.cpython-310-x86_64-linux-gnu.so[0m
[18.729s] [100%] [32m[1mLinking C shared library rosidl_generator_py/unitree_go/unitree_go_s__rosidl_typesupport_fastrtps_c.cpython-310-x86_64-linux-gnu.so[0m
[18.729s] [100%] [32m[1mLinking C shared library rosidl_generator_py/unitree_go/unitree_go_s__rosidl_typesupport_introspection_c.cpython-310-x86_64-linux-gnu.so[0m
[18.765s] [100%] Built target unitree_go__rosidl_typesupport_fastrtps_c__pyext
[18.765s] [100%] Built target unitree_go__rosidl_typesupport_c__pyext
[18.765s] [100%] Built target unitree_go__rosidl_typesupport_introspection_c__pyext
[18.777s] Invoked command in '/home/elijah/go2-convex-mpc/ros2_ws/build/unitree_go' returned '0': CMAKE_PREFIX_PATH=/opt/ros/humble /usr/bin/cmake --build /home/elijah/go2-convex-mpc/ros2_ws/build/unitree_go -- -j16 -l16
[18.779s] Invoking command in '/home/elijah/go2-convex-mpc/ros2_ws/build/unitree_go': CMAKE_PREFIX_PATH=/opt/ros/humble /usr/bin/cmake --install /home/elijah/go2-convex-mpc/ros2_ws/build/unitree_go
[18.787s] -- Install configuration: ""
[18.788s] -- Execute custom install script
[18.788s] -- Symlinking: /home/elijah/go2-convex-mpc/ros2_ws/install/unitree_go/share/ament_index/resource_index/rosidl_interfaces/unitree_go
[18.798s] -- Symlinking: /home/elijah/go2-convex-mpc/ros2_ws/install/unitree_go/include/unitree_go/unitree_go/msg/audio_data.h
[18.806s] -- Symlinking: /home/elijah/go2-convex-mpc/ros2_ws/install/unitree_go/include/unitree_go/unitree_go/msg/bms_cmd.h
[18.814s] -- Symlinking: /home/elijah/go2-convex-mpc/ros2_ws/install/unitree_go/include/unitree_go/unitree_go/msg/bms_state.h
[18.822s] -- Symlinking: /home/elijah/go2-convex-mpc/ros2_ws/install/unitree_go/include/unitree_go/unitree_go/msg/detail/audio_data__functions.h
[18.830s] -- Symlinking: /home/elijah/go2-convex-mpc/ros2_ws/install/unitree_go/include/unitree_go/unitree_go/msg/detail/audio_data__struct.h
[18.838s] -- Symlinking: /home/elijah/go2-convex-mpc/ros2_ws/install/unitree_go/include/unitree_go/unitree_go/msg/detail/audio_data__type_support.h
[18.846s] -- Symlinking: /home/elijah/go2-convex-mpc/ros2_ws/install/unitree_go/include/unitree_go/unitree_go/msg/detail/bms_cmd__functions.h
[18.854s] -- Symlinking: /home/elijah/go2-convex-mpc/ros2_ws/install/unitree_go/include/unitree_go/unitree_go/msg/detail/bms_cmd__struct.h
[18.862s] -- Symlinking: /home/elijah/go2-convex-mpc/ros2_ws/install/unitree_go/include/unitree_go/unitree_go/msg/detail/bms_cmd__type_support.h
[18.870s] -- Symlinking: /home/elijah/go2-convex-mpc/ros2_ws/install/unitree_go/include/unitree_go/unitree_go/msg/detail/bms_state__functions.h
[18.877s] -- Symlinking: /home/elijah/go2-convex-mpc/ros2_ws/install/unitree_go/include/unitree_go/unitree_go/msg/detail/bms_state__struct.h
[18.886s] -- Symlinking: /home/elijah/go2-convex-mpc/ros2_ws/install/unitree_go/include/unitree_go/unitree_go/msg/detail/bms_state__type_support.h
[18.894s] -- Symlinking: /home/elijah/go2-convex-mpc/ros2_ws/install/unitree_go/include/unitree_go/unitree_go/msg/detail/error__functions.h
[18.903s] -- Symlinking: /home/elijah/go2-convex-mpc/ros2_ws/install/unitree_go/include/unitree_go/unitree_go/msg/detail/error__struct.h
[18.911s] -- Symlinking: /home/elijah/go2-convex-mpc/ros2_ws/install/unitree_go/include/unitree_go/unitree_go/msg/detail/error__type_support.h
[18.919s] -- Symlinking: /home/elijah/go2-convex-mpc/ros2_ws/install/unitree_go/include/unitree_go/unitree_go/msg/detail/go2_front_video_data__functions.h
[18.926s] -- Symlinking: /home/elijah/go2-convex-mpc/ros2_ws/install/unitree_go/include/unitree_go/unitree_go/msg/detail/go2_front_video_data__struct.h
[18.934s] -- Symlinking: /home/elijah/go2-convex-mpc/ros2_ws/install/unitree_go/include/unitree_go/unitree_go/msg/detail/go2_front_video_data__type_support.h
[18.941s] -- Symlinking: /home/elijah/go2-convex-mpc/ros2_ws/install/unitree_go/include/unitree_go/unitree_go/msg/detail/height_map__functions.h
[18.948s] -- Symlinking: /home/elijah/go2-convex-mpc/ros2_ws/install/unitree_go/include/unitree_go/unitree_go/msg/detail/height_map__struct.h
[18.956s] -- Symlinking: /home/elijah/go2-convex-mpc/ros2_ws/install/unitree_go/include/unitree_go/unitree_go/msg/detail/height_map__type_support.h
[18.963s] -- Symlinking: /home/elijah/go2-convex-mpc/ros2_ws/install/unitree_go/include/unitree_go/unitree_go/msg/detail/imu_state__functions.h
[18.970s] -- Symlinking: /home/elijah/go2-convex-mpc/ros2_ws/install/unitree_go/include/unitree_go/unitree_go/msg/detail/imu_state__struct.h
[18.978s] -- Symlinking: /home/elijah/go2-convex-mpc/ros2_ws/install/unitree_go/include/unitree_go/unitree_go/msg/detail/imu_state__type_support.h
[18.987s] -- Symlinking: /home/elijah/go2-convex-mpc/ros2_ws/install/unitree_go/include/unitree_go/unitree_go/msg/detail/interface_config__functions.h
[18.996s] -- Symlinking: /home/elijah/go2-convex-mpc/ros2_ws/install/unitree_go/include/unitree_go/unitree_go/msg/detail/interface_config__struct.h
[19.004s] -- Symlinking: /home/elijah/go2-convex-mpc/ros2_ws/install/unitree_go/include/unitree_go/unitree_go/msg/detail/interface_config__type_support.h
[19.012s] -- Symlinking: /home/elijah/go2-convex-mpc/ros2_ws/install/unitree_go/include/unitree_go/unitree_go/msg/detail/lidar_state__functions.h
[19.020s] -- Symlinking: /home/elijah/go2-convex-mpc/ros2_ws/install/unitree_go/include/unitree_go/unitree_go/msg/detail/lidar_state__struct.h
[19.028s] -- Symlinking: /home/elijah/go2-convex-mpc/ros2_ws/install/unitree_go/include/unitree_go/unitree_go/msg/detail/lidar_state__type_support.h
[19.036s] -- Symlinking: /home/elijah/go2-convex-mpc/ros2_ws/install/unitree_go/include/unitree_go/unitree_go/msg/detail/low_cmd__functions.h
[19.043s] -- Symlinking: /home/elijah/go2-convex-mpc/ros2_ws/install/unitree_go/include/unitree_go/unitree_go/msg/detail/low_cmd__struct.h
[19.050s] -- Symlinking: /home/elijah/go2-convex-mpc/ros2_ws/install/unitree_go/include/unitree_go/unitree_go/msg/detail/low_cmd__type_support.h
[19.058s] -- Symlinking: /home/elijah/go2-convex-mpc/ros2_ws/install/unitree_go/include/unitree_go/unitree_go/msg/detail/low_state__functions.h
[19.066s] -- Symlinking: /home/elijah/go2-convex-mpc/ros2_ws/install/unitree_go/include/unitree_go/unitree_go/msg/detail/low_state__struct.h
[19.073s] -- Symlinking: /home/elijah/go2-convex-mpc/ros2_ws/install/unitree_go/include/unitree_go/unitree_go/msg/detail/low_state__type_support.h
[19.081s] -- Symlinking: /home/elijah/go2-convex-mpc/ros2_ws/install/unitree_go/include/unitree_go/unitree_go/msg/detail/motor_cmd__functions.h
[19.090s] -- Symlinking: /home/elijah/go2-convex-mpc/ros2_ws/install/unitree_go/include/unitree_go/unitree_go/msg/detail/motor_cmd__struct.h
[19.098s] -- Symlinking: /home/elijah/go2-convex-mpc/ros2_ws/install/unitree_go/include/unitree_go/unitree_go/msg/detail/motor_cmd__type_support.h
[19.106s] -- Symlinking: /home/elijah/go2-convex-mpc/ros2_ws/install/unitree_go/include/unitree_go/unitree_go/msg/detail/motor_cmds__functions.h
[19.114s] -- Symlinking: /home/elijah/go2-convex-mpc/ros2_ws/install/unitree_go/include/unitree_go/unitree_go/msg/detail/motor_cmds__struct.h
[19.122s] -- Symlinking: /home/elijah/go2-convex-mpc/ros2_ws/install/unitree_go/include/unitree_go/unitree_go/msg/detail/motor_cmds__type_support.h
[19.129s] -- Symlinking: /home/elijah/go2-convex-mpc/ros2_ws/install/unitree_go/include/unitree_go/unitree_go/msg/detail/motor_state__functions.h
[19.137s] -- Symlinking: /home/elijah/go2-convex-mpc/ros2_ws/install/unitree_go/include/unitree_go/unitree_go/msg/detail/motor_state__struct.h
[19.144s] -- Symlinking: /home/elijah/go2-convex-mpc/ros2_ws/install/unitree_go/include/unitree_go/unitree_go/msg/detail/motor_state__type_support.h
[19.152s] -- Symlinking: /home/elijah/go2-convex-mpc/ros2_ws/install/unitree_go/include/unitree_go/unitree_go/msg/detail/motor_states__functions.h
[19.159s] -- Symlinking: /home/elijah/go2-convex-mpc/ros2_ws/install/unitree_go/include/unitree_go/unitree_go/msg/detail/motor_states__struct.h
[19.166s] -- Symlinking: /home/elijah/go2-convex-mpc/ros2_ws/install/unitree_go/include/unitree_go/unitree_go/msg/detail/motor_states__type_support.h
[19.173s] -- Symlinking: /home/elijah/go2-convex-mpc/ros2_ws/install/unitree_go/include/unitree_go/unitree_go/msg/detail/path_point__functions.h
[19.181s] -- Symlinking: /home/elijah/go2-convex-mpc/ros2_ws/install/unitree_go/include/unitree_go/unitree_go/msg/detail/path_point__struct.h
[19.190s] -- Symlinking: /home/elijah/go2-convex-mpc/ros2_ws/install/unitree_go/include/unitree_go/unitree_go/msg/detail/path_point__type_support.h
[19.199s] -- Symlinking: /home/elijah/go2-convex-mpc/ros2_ws/install/unitree_go/include/unitree_go/unitree_go/msg/detail/req__functions.h
[19.207s] -- Symlinking: /home/elijah/go2-convex-mpc/ros2_ws/install/unitree_go/include/unitree_go/unitree_go/msg/detail/req__struct.h
[19.214s] -- Symlinking: /home/elijah/go2-convex-mpc/ros2_ws/install/unitree_go/include/unitree_go/unitree_go/msg/detail/req__type_support.h
[19.222s] -- Symlinking: /home/elijah/go2-convex-mpc/ros2_ws/install/unitree_go/include/unitree_go/unitree_go/msg/detail/res__functions.h
[19.229s] -- Symlinking: /home/elijah/go2-convex-mpc/ros2_ws/install/unitree_go/include/unitree_go/unitree_go/msg/detail/res__struct.h
[19.236s] -- Symlinking: /home/elijah/go2-convex-mpc/ros2_ws/install/unitree_go/include/unitree_go/unitree_go/msg/detail/res__type_support.h
[19.244s] -- Symlinking: /home/elijah/go2-convex-mpc/ros2_ws/install/unitree_go/include/unitree_go/unitree_go/msg/detail/sport_mode_cmd__functions.h
[19.251s] -- Symlinking: /home/elijah/go2-convex-mpc/ros2_ws/install/unitree_go/include/unitree_go/unitree_go/msg/detail/sport_mode_cmd__struct.h
[19.258s] -- Symlinking: /home/elijah/go2-convex-mpc/ros2_ws/install/unitree_go/include/unitree_go/unitree_go/msg/detail/sport_mode_cmd__type_support.h
[19.266s] -- Symlinking: /home/elijah/go2-convex-mpc/ros2_ws/install/unitree_go/include/unitree_go/unitree_go/msg/detail/sport_mode_state__functions.h
[19.273s] -- Symlinking: /home/elijah/go2-convex-mpc/ros2_ws/install/unitree_go/include/unitree_go/unitree_go/msg/detail/sport_mode_state__struct.h
[19.280s] -- Symlinking: /home/elijah/go2-convex-mpc/ros2_ws/install/unitree_go/include/unitree_go/unitree_go/msg/detail/sport_mode_state__type_support.h
[19.289s] -- Symlinking: /home/elijah/go2-convex-mpc/ros2_ws/install/unitree_go/include/unitree_go/unitree_go/msg/detail/time_spec__functions.h
[19.298s] -- Symlinking: /home/elijah/go2-convex-mpc/ros2_ws/install/unitree_go/include/unitree_go/unitree_go/msg/detail/time_spec__struct.h
[19.306s] -- Symlinking: /home/elijah/go2-convex-mpc/ros2_ws/install/unitree_go/include/unitree_go/unitree_go/msg/detail/time_spec__type_support.h
[19.315s] -- Symlinking: /home/elijah/go2-convex-mpc/ros2_ws/install/unitree_go/include/unitree_go/unitree_go/msg/detail/uwb_state__functions.h
[19.322s] -- Symlinking: /home/elijah/go2-convex-mpc/ros2_ws/install/unitree_go/include/unitree_go/unitree_go/msg/detail/uwb_state__struct.h
[19.330s] -- Symlinking: /home/elijah/go2-convex-mpc/ros2_ws/install/unitree_go/include/unitree_go/unitree_go/msg/detail/uwb_state__type_support.h
[19.337s] -- Symlinking: /home/elijah/go2-convex-mpc/ros2_ws/install/unitree_go/include/unitree_go/unitree_go/msg/detail/uwb_switch__functions.h
[19.345s] -- Symlinking: /home/elijah/go2-convex-mpc/ros2_ws/install/unitree_go/include/unitree_go/unitree_go/msg/detail/uwb_switch__struct.h
[19.352s] -- Symlinking: /home/elijah/go2-convex-mpc/ros2_ws/install/unitree_go/include/unitree_go/unitree_go/msg/detail/uwb_switch__type_support.h
[19.359s] -- Symlinking: /home/elijah/go2-convex-mpc/ros2_ws/install/unitree_go/include/unitree_go/unitree_go/msg/detail/wireless_controller__functions.h
[19.366s] -- Symlinking: /home/elijah/go2-convex-mpc/ros2_ws/install/unitree_go/include/unitree_go/unitree_go/msg/detail/wireless_controller__struct.h
[19.373s] -- Symlinking: /home/elijah/go2-convex-mpc/ros2_ws/install/unitree_go/include/unitree_go/unitree_go/msg/detail/wireless_controller__type_support.h
[19.381s] -- Symlinking: /home/elijah/go2-convex-mpc/ros2_ws/install/unitree_go/include/unitree_go/unitree_go/msg/error.h
[19.390s] -- Symlinking: /home/elijah/go2-convex-mpc/ros2_ws/install/unitree_go/include/unitree_go/unitree_go/msg/go2_front_video_data.h
[19.398s] -- Symlinking: /home/elijah/go2-convex-mpc/ros2_ws/install/unitree_go/include/unitree_go/unitree_go/msg/height_map.h
[19.407s] -- Symlinking: /home/elijah/go2-convex-mpc/ros2_ws/install/unitree_go/include/unitree_go/unitree_go/msg/imu_state.h
[19.415s] -- Symlinking: /home/elijah/go2-convex-mpc/ros2_ws/install/unitree_go/include/unitree_go/unitree_go/msg/interface_config.h
[19.422s] -- Symlinking: /home/elijah/go2-convex-mpc/ros2_ws/install/unitree_go/include/unitree_go/unitree_go/msg/lidar_state.h
[19.430s] -- Symlinking: /home/elijah/go2-convex-mpc/ros2_ws/install/unitree_go/include/unitree_go/unitree_go/msg/low_cmd.h
[19.437s] -- Symlinking: /home/elijah/go2-convex-mpc/ros2_ws/install/unitree_go/include/unitree_go/unitree_go/msg/low_state.h
[19.445s] -- Symlinking: /home/elijah/go2-convex-mpc/ros2_ws/install/unitree_go/include/unitree_go/unitree_go/msg/motor_cmd.h
[19.452s] -- Symlinking: /home/elijah/go2-convex-mpc/ros2_ws/install/unitree_go/include/unitree_go/unitree_go/msg/motor_cmds.h
[19.460s] -- Symlinking: /home/elijah/go2-convex-mpc/ros2_ws/install/unitree_go/include/unitree_go/unitree_go/msg/motor_state.h
[19.467s] -- Symlinking: /home/elijah/go2-convex-mpc/ros2_ws/install/unitree_go/include/unitree_go/unitree_go/msg/motor_states.h
[19.475s] -- Symlinking: /home/elijah/go2-convex-mpc/ros2_ws/install/unitree_go/include/unitree_go/unitree_go/msg/path_point.h
[19.484s] -- Symlinking: /home/elijah/go2-convex-mpc/ros2_ws/install/unitree_go/include/unitree_go/unitree_go/msg/req.h
[19.493s] -- Symlinking: /home/elijah/go2-convex-mpc/ros2_ws/install/unitree_go/include/unitree_go/unitree_go/msg/res.h
[19.502s] -- Symlinking: /home/elijah/go2-convex-mpc/ros2_ws/install/unitree_go/include/unitree_go/unitree_go/msg/rosidl_generator_c__visibility_control.h
[19.510s] -- Symlinking: /home/elijah/go2-convex-mpc/ros2_ws/install/unitree_go/include/unitree_go/unitree_go/msg/sport_mode_cmd.h
[19.518s] -- Symlinking: /home/elijah/go2-convex-mpc/ros2_ws/install/unitree_go/include/unitree_go/unitree_go/msg/sport_mode_state.h
[19.526s] -- Symlinking: /home/elijah/go2-convex-mpc/ros2_ws/install/unitree_go/include/unitree_go/unitree_go/msg/time_spec.h
[19.533s] -- Symlinking: /home/elijah/go2-convex-mpc/ros2_ws/install/unitree_go/include/unitree_go/unitree_go/msg/uwb_state.h
[19.541s] -- Symlinking: /home/elijah/go2-convex-mpc/ros2_ws/install/unitree_go/include/unitree_go/unitree_go/msg/uwb_switch.h
[19.550s] -- Symlinking: /home/elijah/go2-convex-mpc/ros2_ws/install/unitree_go/include/unitree_go/unitree_go/msg/wireless_controller.h
[19.558s] -- Symlinking: /home/elijah/go2-convex-mpc/ros2_ws/install/unitree_go/share/unitree_go/environment/library_path.sh
[19.566s] -- Symlinking: /home/elijah/go2-convex-mpc/ros2_ws/install/unitree_go/share/unitree_go/environment/library_path.dsv
[19.575s] -- Symlinking: /home/elijah/go2-convex-mpc/ros2_ws/install/unitree_go/include/unitree_go/unitree_go/msg/detail/audio_data__rosidl_typesupport_fastrtps_c.h
[19.583s] -- Symlinking: /home/elijah/go2-convex-mpc/ros2_ws/install/unitree_go/include/unitree_go/unitree_go/msg/detail/bms_cmd__rosidl_typesupport_fastrtps_c.h
[19.593s] -- Symlinking: /home/elijah/go2-convex-mpc/ros2_ws/install/unitree_go/include/unitree_go/unitree_go/msg/detail/bms_state__rosidl_typesupport_fastrtps_c.h
[19.602s] -- Symlinking: /home/elijah/go2-convex-mpc/ros2_ws/install/unitree_go/include/unitree_go/unitree_go/msg/detail/error__rosidl_typesupport_fastrtps_c.h
[19.611s] -- Symlinking: /home/elijah/go2-convex-mpc/ros2_ws/install/unitree_go/include/unitree_go/unitree_go/msg/detail/go2_front_video_data__rosidl_typesupport_fastrtps_c.h
[19.619s] -- Symlinking: /home/elijah/go2-convex-mpc/ros2_ws/install/unitree_go/include/unitree_go/unitree_go/msg/detail/height_map__rosidl_typesupport_fastrtps_c.h
[19.627s] -- Symlinking: /home/elijah/go2-convex-mpc/ros2_ws/install/unitree_go/include/unitree_go/unitree_go/msg/detail/imu_state__rosidl_typesupport_fastrtps_c.h
[19.635s] -- Symlinking: /home/elijah/go2-convex-mpc/ros2_ws/install/unitree_go/include/unitree_go/unitree_go/msg/detail/interface_config__rosidl_typesupport_fastrtps_c.h
[19.642s] -- Symlinking: /home/elijah/go2-convex-mpc/ros2_ws/install/unitree_go/include/unitree_go/unitree_go/msg/detail/lidar_state__rosidl_typesupport_fastrtps_c.h
[19.650s] -- Symlinking: /home/elijah/go2-convex-mpc/ros2_ws/install/unitree_go/include/unitree_go/unitree_go/msg/detail/low_cmd__rosidl_typesupport_fastrtps_c.h
[19.657s] -- Symlinking: /home/elijah/go2-convex-mpc/ros2_ws/install/unitree_go/include/unitree_go/unitree_go/msg/detail/low_state__rosidl_typesupport_fastrtps_c.h
[19.664s] -- Symlinking: /home/elijah/go2-convex-mpc/ros2_ws/install/unitree_go/include/unitree_go/unitree_go/msg/detail/motor_cmd__rosidl_typesupport_fastrtps_c.h
[19.671s] -- Symlinking: /home/elijah/go2-convex-mpc/ros2_ws/install/unitree_go/include/unitree_go/unitree_go/msg/detail/motor_cmds__rosidl_typesupport_fastrtps_c.h
[19.678s] -- Symlinking: /home/elijah/go2-convex-mpc/ros2_ws/install/unitree_go/include/unitree_go/unitree_go/msg/detail/motor_state__rosidl_typesupport_fastrtps_c.h
[19.687s] -- Symlinking: /home/elijah/go2-convex-mpc/ros2_ws/install/unitree_go/include/unitree_go/unitree_go/msg/detail/motor_states__rosidl_typesupport_fastrtps_c.h
[19.695s] -- Symlinking: /home/elijah/go2-convex-mpc/ros2_ws/install/unitree_go/include/unitree_go/unitree_go/msg/detail/path_point__rosidl_typesupport_fastrtps_c.h
[19.705s] -- Symlinking: /home/elijah/go2-convex-mpc/ros2_ws/install/unitree_go/include/unitree_go/unitree_go/msg/detail/req__rosidl_typesupport_fastrtps_c.h
[19.713s] -- Symlinking: /home/elijah/go2-convex-mpc/ros2_ws/install/unitree_go/include/unitree_go/unitree_go/msg/detail/res__rosidl_typesupport_fastrtps_c.h
[19.721s] -- Symlinking: /home/elijah/go2-convex-mpc/ros2_ws/install/unitree_go/include/unitree_go/unitree_go/msg/detail/sport_mode_cmd__rosidl_typesupport_fastrtps_c.h
[19.729s] -- Symlinking: /home/elijah/go2-convex-mpc/ros2_ws/install/unitree_go/include/unitree_go/unitree_go/msg/detail/sport_mode_state__rosidl_typesupport_fastrtps_c.h
[19.736s] -- Symlinking: /home/elijah/go2-convex-mpc/ros2_ws/install/unitree_go/include/unitree_go/unitree_go/msg/detail/time_spec__rosidl_typesupport_fastrtps_c.h
[19.744s] -- Symlinking: /home/elijah/go2-convex-mpc/ros2_ws/install/unitree_go/include/unitree_go/unitree_go/msg/detail/uwb_state__rosidl_typesupport_fastrtps_c.h
[19.751s] -- Symlinking: /home/elijah/go2-convex-mpc/ros2_ws/install/unitree_go/include/unitree_go/unitree_go/msg/detail/uwb_switch__rosidl_typesupport_fastrtps_c.h
[19.758s] -- Symlinking: /home/elijah/go2-convex-mpc/ros2_ws/install/unitree_go/include/unitree_go/unitree_go/msg/detail/wireless_controller__rosidl_typesupport_fastrtps_c.h
[19.766s] -- Symlinking: /home/elijah/go2-convex-mpc/ros2_ws/install/unitree_go/include/unitree_go/unitree_go/msg/rosidl_typesupport_fastrtps_c__visibility_control.h
[19.774s] -- Symlinking: /home/elijah/go2-convex-mpc/ros2_ws/install/unitree_go/include/unitree_go/unitree_go/msg/audio_data.hpp
[19.782s] -- Symlinking: /home/elijah/go2-convex-mpc/ros2_ws/install/unitree_go/include/unitree_go/unitree_go/msg/bms_cmd.hpp
[19.791s] -- Symlinking: /home/elijah/go2-convex-mpc/ros2_ws/install/unitree_go/include/unitree_go/unitree_go/msg/bms_state.hpp
[19.800s] -- Symlinking: /home/elijah/go2-convex-mpc/ros2_ws/install/unitree_go/include/unitree_go/unitree_go/msg/detail/audio_data__builder.hpp
[19.808s] -- Symlinking: /home/elijah/go2-convex-mpc/ros2_ws/install/unitree_go/include/unitree_go/unitree_go/msg/detail/audio_data__struct.hpp
[19.817s] -- Symlinking: /home/elijah/go2-convex-mpc/ros2_ws/install/unitree_go/include/unitree_go/unitree_go/msg/detail/audio_data__traits.hpp
[19.824s] -- Symlinking: /home/elijah/go2-convex-mpc/ros2_ws/install/unitree_go/include/unitree_go/unitree_go/msg/detail/audio_data__type_support.hpp
[19.832s] -- Symlinking: /home/elijah/go2-convex-mpc/ros2_ws/install/unitree_go/include/unitree_go/unitree_go/msg/detail/bms_cmd__builder.hpp
[19.839s] -- Symlinking: /home/elijah/go2-convex-mpc/ros2_ws/install/unitree_go/include/unitree_go/unitree_go/msg/detail/bms_cmd__struct.hpp
[19.846s] -- Symlinking: /home/elijah/go2-convex-mpc/ros2_ws/install/unitree_go/include/unitree_go/unitree_go/msg/detail/bms_cmd__traits.hpp
[19.853s] -- Symlinking: /home/elijah/go2-convex-mpc/ros2_ws/install/unitree_go/include/unitree_go/unitree_go/msg/detail/bms_cmd__type_support.hpp
[19.860s] -- Symlinking: /home/elijah/go2-convex-mpc/ros2_ws/install/unitree_go/include/unitree_go/unitree_go/msg/detail/bms_state__builder.hpp
[19.868s] -- Symlinking: /home/elijah/go2-convex-mpc/ros2_ws/install/unitree_go/include/unitree_go/unitree_go/msg/detail/bms_state__struct.hpp
[19.875s] -- Symlinking: /home/elijah/go2-convex-mpc/ros2_ws/install/unitree_go/include/unitree_go/unitree_go/msg/detail/bms_state__traits.hpp
[19.883s] -- Symlinking: /home/elijah/go2-convex-mpc/ros2_ws/install/unitree_go/include/unitree_go/unitree_go/msg/detail/bms_state__type_support.hpp
[19.891s] -- Symlinking: /home/elijah/go2-convex-mpc/ros2_ws/install/unitree_go/include/unitree_go/unitree_go/msg/detail/error__builder.hpp
[19.901s] -- Symlinking: /home/elijah/go2-convex-mpc/ros2_ws/install/unitree_go/include/unitree_go/unitree_go/msg/detail/error__struct.hpp
[19.909s] -- Symlinking: /home/elijah/go2-convex-mpc/ros2_ws/install/unitree_go/include/unitree_go/unitree_go/msg/detail/error__traits.hpp
[19.916s] -- Symlinking: /home/elijah/go2-convex-mpc/ros2_ws/install/unitree_go/include/unitree_go/unitree_go/msg/detail/error__type_support.hpp
[19.924s] -- Symlinking: /home/elijah/go2-convex-mpc/ros2_ws/install/unitree_go/include/unitree_go/unitree_go/msg/detail/go2_front_video_data__builder.hpp
[19.931s] -- Symlinking: /home/elijah/go2-convex-mpc/ros2_ws/install/unitree_go/include/unitree_go/unitree_go/msg/detail/go2_front_video_data__struct.hpp
[19.939s] -- Symlinking: /home/elijah/go2-convex-mpc/ros2_ws/install/unitree_go/include/unitree_go/unitree_go/msg/detail/go2_front_video_data__traits.hpp
[19.946s] -- Symlinking: /home/elijah/go2-convex-mpc/ros2_ws/install/unitree_go/include/unitree_go/unitree_go/msg/detail/go2_front_video_data__type_support.hpp
[19.953s] -- Symlinking: /home/elijah/go2-convex-mpc/ros2_ws/install/unitree_go/include/unitree_go/unitree_go/msg/detail/height_map__builder.hpp
[19.960s] -- Symlinking: /home/elijah/go2-convex-mpc/ros2_ws/install/unitree_go/include/unitree_go/unitree_go/msg/detail/height_map__struct.hpp
[19.967s] -- Symlinking: /home/elijah/go2-convex-mpc/ros2_ws/install/unitree_go/include/unitree_go/unitree_go/msg/detail/height_map__traits.hpp
[19.975s] -- Symlinking: /home/elijah/go2-convex-mpc/ros2_ws/install/unitree_go/include/unitree_go/unitree_go/msg/detail/height_map__type_support.hpp
[19.983s] -- Symlinking: /home/elijah/go2-convex-mpc/ros2_ws/install/unitree_go/include/unitree_go/unitree_go/msg/detail/imu_state__builder.hpp
[19.992s] -- Symlinking: /home/elijah/go2-convex-mpc/ros2_ws/install/unitree_go/include/unitree_go/unitree_go/msg/detail/imu_state__struct.hpp
[20.001s] -- Symlinking: /home/elijah/go2-convex-mpc/ros2_ws/install/unitree_go/include/unitree_go/unitree_go/msg/detail/imu_state__traits.hpp
[20.009s] -- Symlinking: /home/elijah/go2-convex-mpc/ros2_ws/install/unitree_go/include/unitree_go/unitree_go/msg/detail/imu_state__type_support.hpp
[20.017s] -- Symlinking: /home/elijah/go2-convex-mpc/ros2_ws/install/unitree_go/include/unitree_go/unitree_go/msg/detail/interface_config__builder.hpp
[20.024s] -- Symlinking: /home/elijah/go2-convex-mpc/ros2_ws/install/unitree_go/include/unitree_go/unitree_go/msg/detail/interface_config__struct.hpp
[20.032s] -- Symlinking: /home/elijah/go2-convex-mpc/ros2_ws/install/unitree_go/include/unitree_go/unitree_go/msg/detail/interface_config__traits.hpp
[20.040s] -- Symlinking: /home/elijah/go2-convex-mpc/ros2_ws/install/unitree_go/include/unitree_go/unitree_go/msg/detail/interface_config__type_support.hpp
[20.048s] -- Symlinking: /home/elijah/go2-convex-mpc/ros2_ws/install/unitree_go/include/unitree_go/unitree_go/msg/detail/lidar_state__builder.hpp
[20.056s] -- Symlinking: /home/elijah/go2-convex-mpc/ros2_ws/install/unitree_go/include/unitree_go/unitree_go/msg/detail/lidar_state__struct.hpp
[20.064s] -- Symlinking: /home/elijah/go2-convex-mpc/ros2_ws/install/unitree_go/include/unitree_go/unitree_go/msg/detail/lidar_state__traits.hpp
[20.072s] -- Symlinking: /home/elijah/go2-convex-mpc/ros2_ws/install/unitree_go/include/unitree_go/unitree_go/msg/detail/lidar_state__type_support.hpp
[20.080s] -- Symlinking: /home/elijah/go2-convex-mpc/ros2_ws/install/unitree_go/include/unitree_go/unitree_go/msg/detail/low_cmd__builder.hpp
[20.090s] -- Symlinking: /home/elijah/go2-convex-mpc/ros2_ws/install/unitree_go/include/unitree_go/unitree_go/msg/detail/low_cmd__struct.hpp
[20.099s] -- Symlinking: /home/elijah/go2-convex-mpc/ros2_ws/install/unitree_go/include/unitree_go/unitree_go/msg/detail/low_cmd__traits.hpp
[20.107s] -- Symlinking: /home/elijah/go2-convex-mpc/ros2_ws/install/unitree_go/include/unitree_go/unitree_go/msg/detail/low_cmd__type_support.hpp
[20.114s] -- Symlinking: /home/elijah/go2-convex-mpc/ros2_ws/install/unitree_go/include/unitree_go/unitree_go/msg/detail/low_state__builder.hpp
[20.122s] -- Symlinking: /home/elijah/go2-convex-mpc/ros2_ws/install/unitree_go/include/unitree_go/unitree_go/msg/detail/low_state__struct.hpp
[20.129s] -- Symlinking: /home/elijah/go2-convex-mpc/ros2_ws/install/unitree_go/include/unitree_go/unitree_go/msg/detail/low_state__traits.hpp
[20.136s] -- Symlinking: /home/elijah/go2-convex-mpc/ros2_ws/install/unitree_go/include/unitree_go/unitree_go/msg/detail/low_state__type_support.hpp
[20.143s] -- Symlinking: /home/elijah/go2-convex-mpc/ros2_ws/install/unitree_go/include/unitree_go/unitree_go/msg/detail/motor_cmd__builder.hpp
[20.150s] -- Symlinking: /home/elijah/go2-convex-mpc/ros2_ws/install/unitree_go/include/unitree_go/unitree_go/msg/detail/motor_cmd__struct.hpp
[20.157s] -- Symlinking: /home/elijah/go2-convex-mpc/ros2_ws/install/unitree_go/include/unitree_go/unitree_go/msg/detail/motor_cmd__traits.hpp
[20.164s] -- Symlinking: /home/elijah/go2-convex-mpc/ros2_ws/install/unitree_go/include/unitree_go/unitree_go/msg/detail/motor_cmd__type_support.hpp
[20.171s] -- Symlinking: /home/elijah/go2-convex-mpc/ros2_ws/install/unitree_go/include/unitree_go/unitree_go/msg/detail/motor_cmds__builder.hpp
[20.179s] -- Symlinking: /home/elijah/go2-convex-mpc/ros2_ws/install/unitree_go/include/unitree_go/unitree_go/msg/detail/motor_cmds__struct.hpp
[20.190s] -- Symlinking: /home/elijah/go2-convex-mpc/ros2_ws/install/unitree_go/include/unitree_go/unitree_go/msg/detail/motor_cmds__traits.hpp
[20.201s] -- Symlinking: /home/elijah/go2-convex-mpc/ros2_ws/install/unitree_go/include/unitree_go/unitree_go/msg/detail/motor_cmds__type_support.hpp
[20.212s] -- Symlinking: /home/elijah/go2-convex-mpc/ros2_ws/install/unitree_go/include/unitree_go/unitree_go/msg/detail/motor_state__builder.hpp
[20.222s] -- Symlinking: /home/elijah/go2-convex-mpc/ros2_ws/install/unitree_go/include/unitree_go/unitree_go/msg/detail/motor_state__struct.hpp
[20.231s] -- Symlinking: /home/elijah/go2-convex-mpc/ros2_ws/install/unitree_go/include/unitree_go/unitree_go/msg/detail/motor_state__traits.hpp
[20.242s] -- Symlinking: /home/elijah/go2-convex-mpc/ros2_ws/install/unitree_go/include/unitree_go/unitree_go/msg/detail/motor_state__type_support.hpp
[20.250s] -- Symlinking: /home/elijah/go2-convex-mpc/ros2_ws/install/unitree_go/include/unitree_go/unitree_go/msg/detail/motor_states__builder.hpp
[20.257s] -- Symlinking: /home/elijah/go2-convex-mpc/ros2_ws/install/unitree_go/include/unitree_go/unitree_go/msg/detail/motor_states__struct.hpp
[20.265s] -- Symlinking: /home/elijah/go2-convex-mpc/ros2_ws/install/unitree_go/include/unitree_go/unitree_go/msg/detail/motor_states__traits.hpp
[20.272s] -- Symlinking: /home/elijah/go2-convex-mpc/ros2_ws/install/unitree_go/include/unitree_go/unitree_go/msg/detail/motor_states__type_support.hpp
[20.279s] -- Symlinking: /home/elijah/go2-convex-mpc/ros2_ws/install/unitree_go/include/unitree_go/unitree_go/msg/detail/path_point__builder.hpp
[20.288s] -- Symlinking: /home/elijah/go2-convex-mpc/ros2_ws/install/unitree_go/include/unitree_go/unitree_go/msg/detail/path_point__struct.hpp
[20.296s] -- Symlinking: /home/elijah/go2-convex-mpc/ros2_ws/install/unitree_go/include/unitree_go/unitree_go/msg/detail/path_point__traits.hpp
[20.305s] -- Symlinking: /home/elijah/go2-convex-mpc/ros2_ws/install/unitree_go/include/unitree_go/unitree_go/msg/detail/path_point__type_support.hpp
[20.312s] -- Symlinking: /home/elijah/go2-convex-mpc/ros2_ws/install/unitree_go/include/unitree_go/unitree_go/msg/detail/req__builder.hpp
[20.320s] -- Symlinking: /home/elijah/go2-convex-mpc/ros2_ws/install/unitree_go/include/unitree_go/unitree_go/msg/detail/req__struct.hpp
[20.327s] -- Symlinking: /home/elijah/go2-convex-mpc/ros2_ws/install/unitree_go/include/unitree_go/unitree_go/msg/detail/req__traits.hpp
[20.334s] -- Symlinking: /home/elijah/go2-convex-mpc/ros2_ws/install/unitree_go/include/unitree_go/unitree_go/msg/detail/req__type_support.hpp
[20.341s] -- Symlinking: /home/elijah/go2-convex-mpc/ros2_ws/install/unitree_go/include/unitree_go/unitree_go/msg/detail/res__builder.hpp
[20.348s] -- Symlinking: /home/elijah/go2-convex-mpc/ros2_ws/install/unitree_go/include/unitree_go/unitree_go/msg/detail/res__struct.hpp
[20.355s] -- Symlinking: /home/elijah/go2-convex-mpc/ros2_ws/install/unitree_go/include/unitree_go/unitree_go/msg/detail/res__traits.hpp
[20.362s] -- Symlinking: /home/elijah/go2-convex-mpc/ros2_ws/install/unitree_go/include/unitree_go/unitree_go/msg/detail/res__type_support.hpp
[20.369s] -- Symlinking: /home/elijah/go2-convex-mpc/ros2_ws/install/unitree_go/include/unitree_go/unitree_go/msg/detail/sport_mode_cmd__builder.hpp
[20.376s] -- Symlinking: /home/elijah/go2-convex-mpc/ros2_ws/install/unitree_go/include/unitree_go/unitree_go/msg/detail/sport_mode_cmd__struct.hpp
[20.385s] -- Symlinking: /home/elijah/go2-convex-mpc/ros2_ws/install/unitree_go/include/unitree_go/unitree_go/msg/detail/sport_mode_cmd__traits.hpp
[20.393s] -- Symlinking: /home/elijah/go2-convex-mpc/ros2_ws/install/unitree_go/include/unitree_go/unitree_go/msg/detail/sport_mode_cmd__type_support.hpp
[20.402s] -- Symlinking: /home/elijah/go2-convex-mpc/ros2_ws/install/unitree_go/include/unitree_go/unitree_go/msg/detail/sport_mode_state__builder.hpp
[20.409s] -- Symlinking: /home/elijah/go2-convex-mpc/ros2_ws/install/unitree_go/include/unitree_go/unitree_go/msg/detail/sport_mode_state__struct.hpp
[20.417s] -- Symlinking: /home/elijah/go2-convex-mpc/ros2_ws/install/unitree_go/include/unitree_go/unitree_go/msg/detail/sport_mode_state__traits.hpp
[20.424s] -- Symlinking: /home/elijah/go2-convex-mpc/ros2_ws/install/unitree_go/include/unitree_go/unitree_go/msg/detail/sport_mode_state__type_support.hpp
[20.431s] -- Symlinking: /home/elijah/go2-convex-mpc/ros2_ws/install/unitree_go/include/unitree_go/unitree_go/msg/detail/time_spec__builder.hpp
[20.438s] -- Symlinking: /home/elijah/go2-convex-mpc/ros2_ws/install/unitree_go/include/unitree_go/unitree_go/msg/detail/time_spec__struct.hpp
[20.445s] -- Symlinking: /home/elijah/go2-convex-mpc/ros2_ws/install/unitree_go/include/unitree_go/unitree_go/msg/detail/time_spec__traits.hpp
[20.452s] -- Symlinking: /home/elijah/go2-convex-mpc/ros2_ws/install/unitree_go/include/unitree_go/unitree_go/msg/detail/time_spec__type_support.hpp
[20.459s] -- Symlinking: /home/elijah/go2-convex-mpc/ros2_ws/install/unitree_go/include/unitree_go/unitree_go/msg/detail/uwb_state__builder.hpp
[20.466s] -- Symlinking: /home/elijah/go2-convex-mpc/ros2_ws/install/unitree_go/include/unitree_go/unitree_go/msg/detail/uwb_state__struct.hpp
[20.474s] -- Symlinking: /home/elijah/go2-convex-mpc/ros2_ws/install/unitree_go/include/unitree_go/unitree_go/msg/detail/uwb_state__traits.hpp
[20.481s] -- Symlinking: /home/elijah/go2-convex-mpc/ros2_ws/install/unitree_go/include/unitree_go/unitree_go/msg/detail/uwb_state__type_support.hpp
[20.490s] -- Symlinking: /home/elijah/go2-convex-mpc/ros2_ws/install/unitree_go/include/unitree_go/unitree_go/msg/detail/uwb_switch__builder.hpp
[20.499s] -- Symlinking: /home/elijah/go2-convex-mpc/ros2_ws/install/unitree_go/include/unitree_go/unitree_go/msg/detail/uwb_switch__struct.hpp
[20.506s] -- Symlinking: /home/elijah/go2-convex-mpc/ros2_ws/install/unitree_go/include/unitree_go/unitree_go/msg/detail/uwb_switch__traits.hpp
[20.514s] -- Symlinking: /home/elijah/go2-convex-mpc/ros2_ws/install/unitree_go/include/unitree_go/unitree_go/msg/detail/uwb_switch__type_support.hpp
[20.521s] -- Symlinking: /home/elijah/go2-convex-mpc/ros2_ws/install/unitree_go/include/unitree_go/unitree_go/msg/detail/wireless_controller__builder.hpp
[20.529s] -- Symlinking: /home/elijah/go2-convex-mpc/ros2_ws/install/unitree_go/include/unitree_go/unitree_go/msg/detail/wireless_controller__struct.hpp
[20.537s] -- Symlinking: /home/elijah/go2-convex-mpc/ros2_ws/install/unitree_go/include/unitree_go/unitree_go/msg/detail/wireless_controller__traits.hpp
[20.544s] -- Symlinking: /home/elijah/go2-convex-mpc/ros2_ws/install/unitree_go/include/unitree_go/unitree_go/msg/detail/wireless_controller__type_support.hpp
[20.552s] -- Symlinking: /home/elijah/go2-convex-mpc/ros2_ws/install/unitree_go/include/unitree_go/unitree_go/msg/error.hpp
[20.559s] -- Symlinking: /home/elijah/go2-convex-mpc/ros2_ws/install/unitree_go/include/unitree_go/unitree_go/msg/go2_front_video_data.hpp
[20.566s] -- Symlinking: /home/elijah/go2-convex-mpc/ros2_ws/install/unitree_go/include/unitree_go/unitree_go/msg/height_map.hpp
[20.574s] -- Symlinking: /home/elijah/go2-convex-mpc/ros2_ws/install/unitree_go/include/unitree_go/unitree_go/msg/imu_state.hpp
[20.582s] -- Symlinking: /home/elijah/go2-convex-mpc/ros2_ws/install/unitree_go/include/unitree_go/unitree_go/msg/interface_config.hpp
[20.591s] -- Symlinking: /home/elijah/go2-convex-mpc/ros2_ws/install/unitree_go/include/unitree_go/unitree_go/msg/lidar_state.hpp
[20.600s] -- Symlinking: /home/elijah/go2-convex-mpc/ros2_ws/install/unitree_go/include/unitree_go/unitree_go/msg/low_cmd.hpp
[20.609s] -- Symlinking: /home/elijah/go2-convex-mpc/ros2_ws/install/unitree_go/include/unitree_go/unitree_go/msg/low_state.hpp
[20.616s] -- Symlinking: /home/elijah/go2-convex-mpc/ros2_ws/install/unitree_go/include/unitree_go/unitree_go/msg/motor_cmd.hpp
[20.623s] -- Symlinking: /home/elijah/go2-convex-mpc/ros2_ws/install/unitree_go/include/unitree_go/unitree_go/msg/motor_cmds.hpp
[20.630s] -- Symlinking: /home/elijah/go2-convex-mpc/ros2_ws/install/unitree_go/include/unitree_go/unitree_go/msg/motor_state.hpp
[20.638s] -- Symlinking: /home/elijah/go2-convex-mpc/ros2_ws/install/unitree_go/include/unitree_go/unitree_go/msg/motor_states.hpp
[20.646s] -- Symlinking: /home/elijah/go2-convex-mpc/ros2_ws/install/unitree_go/include/unitree_go/unitree_go/msg/path_point.hpp
[20.653s] -- Symlinking: /home/elijah/go2-convex-mpc/ros2_ws/install/unitree_go/include/unitree_go/unitree_go/msg/req.hpp
[20.660s] -- Symlinking: /home/elijah/go2-convex-mpc/ros2_ws/install/unitree_go/include/unitree_go/unitree_go/msg/res.hpp
[20.667s] -- Symlinking: /home/elijah/go2-convex-mpc/ros2_ws/install/unitree_go/include/unitree_go/unitree_go/msg/rosidl_generator_cpp__visibility_control.hpp
[20.675s] -- Symlinking: /home/elijah/go2-convex-mpc/ros2_ws/install/unitree_go/include/unitree_go/unitree_go/msg/sport_mode_cmd.hpp
[20.684s] -- Symlinking: /home/elijah/go2-convex-mpc/ros2_ws/install/unitree_go/include/unitree_go/unitree_go/msg/sport_mode_state.hpp
[20.692s] -- Symlinking: /home/elijah/go2-convex-mpc/ros2_ws/install/unitree_go/include/unitree_go/unitree_go/msg/time_spec.hpp
[20.701s] -- Symlinking: /home/elijah/go2-convex-mpc/ros2_ws/install/unitree_go/include/unitree_go/unitree_go/msg/uwb_state.hpp
[20.709s] -- Symlinking: /home/elijah/go2-convex-mpc/ros2_ws/install/unitree_go/include/unitree_go/unitree_go/msg/uwb_switch.hpp
[20.717s] -- Symlinking: /home/elijah/go2-convex-mpc/ros2_ws/install/unitree_go/include/unitree_go/unitree_go/msg/wireless_controller.hpp
[20.726s] -- Symlinking: /home/elijah/go2-convex-mpc/ros2_ws/install/unitree_go/include/unitree_go/unitree_go/msg/detail/audio_data__rosidl_typesupport_fastrtps_cpp.hpp
[20.733s] -- Symlinking: /home/elijah/go2-convex-mpc/ros2_ws/install/unitree_go/include/unitree_go/unitree_go/msg/detail/bms_cmd__rosidl_typesupport_fastrtps_cpp.hpp
[20.741s] -- Symlinking: /home/elijah/go2-convex-mpc/ros2_ws/install/unitree_go/include/unitree_go/unitree_go/msg/detail/bms_state__rosidl_typesupport_fastrtps_cpp.hpp
[20.749s] -- Symlinking: /home/elijah/go2-convex-mpc/ros2_ws/install/unitree_go/include/unitree_go/unitree_go/msg/detail/error__rosidl_typesupport_fastrtps_cpp.hpp
[20.756s] -- Symlinking: /home/elijah/go2-convex-mpc/ros2_ws/install/unitree_go/include/unitree_go/unitree_go/msg/detail/go2_front_video_data__rosidl_typesupport_fastrtps_cpp.hpp
[20.764s] -- Symlinking: /home/elijah/go2-convex-mpc/ros2_ws/install/unitree_go/include/unitree_go/unitree_go/msg/detail/height_map__rosidl_typesupport_fastrtps_cpp.hpp
[20.771s] -- Symlinking: /home/elijah/go2-convex-mpc/ros2_ws/install/unitree_go/include/unitree_go/unitree_go/msg/detail/imu_state__rosidl_typesupport_fastrtps_cpp.hpp
[20.779s] -- Symlinking: /home/elijah/go2-convex-mpc/ros2_ws/install/unitree_go/include/unitree_go/unitree_go/msg/detail/interface_config__rosidl_typesupport_fastrtps_cpp.hpp
[20.788s] -- Symlinking: /home/elijah/go2-convex-mpc/ros2_ws/install/unitree_go/include/unitree_go/unitree_go/msg/detail/lidar_state__rosidl_typesupport_fastrtps_cpp.hpp
[20.797s] -- Symlinking: /home/elijah/go2-convex-mpc/ros2_ws/install/unitree_go/include/unitree_go/unitree_go/msg/detail/low_cmd__rosidl_typesupport_fastrtps_cpp.hpp
[20.806s] -- Symlinking: /home/elijah/go2-convex-mpc/ros2_ws/install/unitree_go/include/unitree_go/unitree_go/msg/detail/low_state__rosidl_typesupport_fastrtps_cpp.hpp
[20.813s] -- Symlinking: /home/elijah/go2-convex-mpc/ros2_ws/install/unitree_go/include/unitree_go/unitree_go/msg/detail/motor_cmd__rosidl_typesupport_fastrtps_cpp.hpp
[20.821s] -- Symlinking: /home/elijah/go2-convex-mpc/ros2_ws/install/unitree_go/include/unitree_go/unitree_go/msg/detail/motor_cmds__rosidl_typesupport_fastrtps_cpp.hpp
[20.829s] -- Symlinking: /home/elijah/go2-convex-mpc/ros2_ws/install/unitree_go/include/unitree_go/unitree_go/msg/detail/motor_state__rosidl_typesupport_fastrtps_cpp.hpp
[20.836s] -- Symlinking: /home/elijah/go2-convex-mpc/ros2_ws/install/unitree_go/include/unitree_go/unitree_go/msg/detail/motor_states__rosidl_typesupport_fastrtps_cpp.hpp
[20.844s] -- Symlinking: /home/elijah/go2-convex-mpc/ros2_ws/install/unitree_go/include/unitree_go/unitree_go/msg/detail/path_point__rosidl_typesupport_fastrtps_cpp.hpp
[20.851s] -- Symlinking: /home/elijah/go2-convex-mpc/ros2_ws/install/unitree_go/include/unitree_go/unitree_go/msg/detail/req__rosidl_typesupport_fastrtps_cpp.hpp
[20.858s] -- Symlinking: /home/elijah/go2-convex-mpc/ros2_ws/install/unitree_go/include/unitree_go/unitree_go/msg/detail/res__rosidl_typesupport_fastrtps_cpp.hpp
[20.866s] -- Symlinking: /home/elijah/go2-convex-mpc/ros2_ws/install/unitree_go/include/unitree_go/unitree_go/msg/detail/sport_mode_cmd__rosidl_typesupport_fastrtps_cpp.hpp
[20.873s] -- Symlinking: /home/elijah/go2-convex-mpc/ros2_ws/install/unitree_go/include/unitree_go/unitree_go/msg/detail/sport_mode_state__rosidl_typesupport_fastrtps_cpp.hpp
[20.881s] -- Symlinking: /home/elijah/go2-convex-mpc/ros2_ws/install/unitree_go/include/unitree_go/unitree_go/msg/detail/time_spec__rosidl_typesupport_fastrtps_cpp.hpp
[20.889s] -- Symlinking: /home/elijah/go2-convex-mpc/ros2_ws/install/unitree_go/include/unitree_go/unitree_go/msg/detail/uwb_state__rosidl_typesupport_fastrtps_cpp.hpp
[20.898s] -- Symlinking: /home/elijah/go2-convex-mpc/ros2_ws/install/unitree_go/include/unitree_go/unitree_go/msg/detail/uwb_switch__rosidl_typesupport_fastrtps_cpp.hpp
[20.906s] -- Symlinking: /home/elijah/go2-convex-mpc/ros2_ws/install/unitree_go/include/unitree_go/unitree_go/msg/detail/wireless_controller__rosidl_typesupport_fastrtps_cpp.hpp
[20.914s] -- Symlinking: /home/elijah/go2-convex-mpc/ros2_ws/install/unitree_go/include/unitree_go/unitree_go/msg/rosidl_typesupport_fastrtps_cpp__visibility_control.h
[20.922s] -- Symlinking: /home/elijah/go2-convex-mpc/ros2_ws/install/unitree_go/include/unitree_go/unitree_go/msg/detail/audio_data__rosidl_typesupport_introspection_c.h
[20.929s] -- Symlinking: /home/elijah/go2-convex-mpc/ros2_ws/install/unitree_go/include/unitree_go/unitree_go/msg/detail/bms_cmd__rosidl_typesupport_introspection_c.h
[20.936s] -- Symlinking: /home/elijah/go2-convex-mpc/ros2_ws/install/unitree_go/include/unitree_go/unitree_go/msg/detail/bms_state__rosidl_typesupport_introspection_c.h
[20.944s] -- Symlinking: /home/elijah/go2-convex-mpc/ros2_ws/install/unitree_go/include/unitree_go/unitree_go/msg/detail/error__rosidl_typesupport_introspection_c.h
[20.951s] -- Symlinking: /home/elijah/go2-convex-mpc/ros2_ws/install/unitree_go/include/unitree_go/unitree_go/msg/detail/go2_front_video_data__rosidl_typesupport_introspection_c.h
[20.958s] -- Symlinking: /home/elijah/go2-convex-mpc/ros2_ws/install/unitree_go/include/unitree_go/unitree_go/msg/detail/height_map__rosidl_typesupport_introspection_c.h
[20.965s] -- Symlinking: /home/elijah/go2-convex-mpc/ros2_ws/install/unitree_go/include/unitree_go/unitree_go/msg/detail/imu_state__rosidl_typesupport_introspection_c.h
[20.973s] -- Symlinking: /home/elijah/go2-convex-mpc/ros2_ws/install/unitree_go/include/unitree_go/unitree_go/msg/detail/interface_config__rosidl_typesupport_introspection_c.h
[20.980s] -- Symlinking: /home/elijah/go2-convex-mpc/ros2_ws/install/unitree_go/include/unitree_go/unitree_go/msg/detail/lidar_state__rosidl_typesupport_introspection_c.h
[20.988s] -- Symlinking: /home/elijah/go2-convex-mpc/ros2_ws/install/unitree_go/include/unitree_go/unitree_go/msg/detail/low_cmd__rosidl_typesupport_introspection_c.h
[20.996s] -- Symlinking: /home/elijah/go2-convex-mpc/ros2_ws/install/unitree_go/include/unitree_go/unitree_go/msg/detail/low_state__rosidl_typesupport_introspection_c.h
[21.005s] -- Symlinking: /home/elijah/go2-convex-mpc/ros2_ws/install/unitree_go/include/unitree_go/unitree_go/msg/detail/motor_cmd__rosidl_typesupport_introspection_c.h
[21.013s] -- Symlinking: /home/elijah/go2-convex-mpc/ros2_ws/install/unitree_go/include/unitree_go/unitree_go/msg/detail/motor_cmds__rosidl_typesupport_introspection_c.h
[21.021s] -- Symlinking: /home/elijah/go2-convex-mpc/ros2_ws/install/unitree_go/include/unitree_go/unitree_go/msg/detail/motor_state__rosidl_typesupport_introspection_c.h
[21.029s] -- Symlinking: /home/elijah/go2-convex-mpc/ros2_ws/install/unitree_go/include/unitree_go/unitree_go/msg/detail/motor_states__rosidl_typesupport_introspection_c.h
[21.036s] -- Symlinking: /home/elijah/go2-convex-mpc/ros2_ws/install/unitree_go/include/unitree_go/unitree_go/msg/detail/path_point__rosidl_typesupport_introspection_c.h
[21.043s] -- Symlinking: /home/elijah/go2-convex-mpc/ros2_ws/install/unitree_go/include/unitree_go/unitree_go/msg/detail/req__rosidl_typesupport_introspection_c.h
[21.050s] -- Symlinking: /home/elijah/go2-convex-mpc/ros2_ws/install/unitree_go/include/unitree_go/unitree_go/msg/detail/res__rosidl_typesupport_introspection_c.h
[21.057s] -- Symlinking: /home/elijah/go2-convex-mpc/ros2_ws/install/unitree_go/include/unitree_go/unitree_go/msg/detail/sport_mode_cmd__rosidl_typesupport_introspection_c.h
[21.064s] -- Symlinking: /home/elijah/go2-convex-mpc/ros2_ws/install/unitree_go/include/unitree_go/unitree_go/msg/detail/sport_mode_state__rosidl_typesupport_introspection_c.h
[21.071s] -- Symlinking: /home/elijah/go2-convex-mpc/ros2_ws/install/unitree_go/include/unitree_go/unitree_go/msg/detail/time_spec__rosidl_typesupport_introspection_c.h
[21.079s] -- Symlinking: /home/elijah/go2-convex-mpc/ros2_ws/install/unitree_go/include/unitree_go/unitree_go/msg/detail/uwb_state__rosidl_typesupport_introspection_c.h
[21.088s] -- Symlinking: /home/elijah/go2-convex-mpc/ros2_ws/install/unitree_go/include/unitree_go/unitree_go/msg/detail/uwb_switch__rosidl_typesupport_introspection_c.h
[21.096s] -- Symlinking: /home/elijah/go2-convex-mpc/ros2_ws/install/unitree_go/include/unitree_go/unitree_go/msg/detail/wireless_controller__rosidl_typesupport_introspection_c.h
[21.112s] -- Symlinking: /home/elijah/go2-convex-mpc/ros2_ws/install/unitree_go/include/unitree_go/unitree_go/msg/rosidl_typesupport_introspection_c__visibility_control.h
[21.120s] -- Symlinking: /home/elijah/go2-convex-mpc/ros2_ws/install/unitree_go/include/unitree_go/unitree_go/msg/detail/audio_data__rosidl_typesupport_introspection_cpp.hpp
[21.128s] -- Symlinking: /home/elijah/go2-convex-mpc/ros2_ws/install/unitree_go/include/unitree_go/unitree_go/msg/detail/bms_cmd__rosidl_typesupport_introspection_cpp.hpp
[21.135s] -- Symlinking: /home/elijah/go2-convex-mpc/ros2_ws/install/unitree_go/include/unitree_go/unitree_go/msg/detail/bms_state__rosidl_typesupport_introspection_cpp.hpp
[21.142s] -- Symlinking: /home/elijah/go2-convex-mpc/ros2_ws/install/unitree_go/include/unitree_go/unitree_go/msg/detail/error__rosidl_typesupport_introspection_cpp.hpp
[21.150s] -- Symlinking: /home/elijah/go2-convex-mpc/ros2_ws/install/unitree_go/include/unitree_go/unitree_go/msg/detail/go2_front_video_data__rosidl_typesupport_introspection_cpp.hpp
[21.157s] -- Symlinking: /home/elijah/go2-convex-mpc/ros2_ws/install/unitree_go/include/unitree_go/unitree_go/msg/detail/height_map__rosidl_typesupport_introspection_cpp.hpp
[21.165s] -- Symlinking: /home/elijah/go2-convex-mpc/ros2_ws/install/unitree_go/include/unitree_go/unitree_go/msg/detail/imu_state__rosidl_typesupport_introspection_cpp.hpp
[21.172s] -- Symlinking: /home/elijah/go2-convex-mpc/ros2_ws/install/unitree_go/include/unitree_go/unitree_go/msg/detail/interface_config__rosidl_typesupport_introspection_cpp.hpp
[21.180s] -- Symlinking: /home/elijah/go2-convex-mpc/ros2_ws/install/unitree_go/include/unitree_go/unitree_go/msg/detail/lidar_state__rosidl_typesupport_introspection_cpp.hpp
[21.189s] -- Symlinking: /home/elijah/go2-convex-mpc/ros2_ws/install/unitree_go/include/unitree_go/unitree_go/msg/detail/low_cmd__rosidl_typesupport_introspection_cpp.hpp
[21.197s] -- Symlinking: /home/elijah/go2-convex-mpc/ros2_ws/install/unitree_go/include/unitree_go/unitree_go/msg/detail/low_state__rosidl_typesupport_introspection_cpp.hpp
[21.206s] -- Symlinking: /home/elijah/go2-convex-mpc/ros2_ws/install/unitree_go/include/unitree_go/unitree_go/msg/detail/motor_cmd__rosidl_typesupport_introspection_cpp.hpp
[21.215s] -- Symlinking: /home/elijah/go2-convex-mpc/ros2_ws/install/unitree_go/include/unitree_go/unitree_go/msg/detail/motor_cmds__rosidl_typesupport_introspection_cpp.hpp
[21.223s] -- Symlinking: /home/elijah/go2-convex-mpc/ros2_ws/install/unitree_go/include/unitree_go/unitree_go/msg/detail/motor_state__rosidl_typesupport_introspection_cpp.hpp
[21.231s] -- Symlinking: /home/elijah/go2-convex-mpc/ros2_ws/install/unitree_go/include/unitree_go/unitree_go/msg/detail/motor_states__rosidl_typesupport_introspection_cpp.hpp
[21.238s] -- Symlinking: /home/elijah/go2-convex-mpc/ros2_ws/install/unitree_go/include/unitree_go/unitree_go/msg/detail/path_point__rosidl_typesupport_introspection_cpp.hpp
[21.246s] -- Symlinking: /home/elijah/go2-convex-mpc/ros2_ws/install/unitree_go/include/unitree_go/unitree_go/msg/detail/req__rosidl_typesupport_introspection_cpp.hpp
[21.253s] -- Symlinking: /home/elijah/go2-convex-mpc/ros2_ws/install/unitree_go/include/unitree_go/unitree_go/msg/detail/res__rosidl_typesupport_introspection_cpp.hpp
[21.260s] -- Symlinking: /home/elijah/go2-convex-mpc/ros2_ws/install/unitree_go/include/unitree_go/unitree_go/msg/detail/sport_mode_cmd__rosidl_typesupport_introspection_cpp.hpp
[21.267s] -- Symlinking: /home/elijah/go2-convex-mpc/ros2_ws/install/unitree_go/include/unitree_go/unitree_go/msg/detail/sport_mode_state__rosidl_typesupport_introspection_cpp.hpp
[21.274s] -- Symlinking: /home/elijah/go2-convex-mpc/ros2_ws/install/unitree_go/include/unitree_go/unitree_go/msg/detail/time_spec__rosidl_typesupport_introspection_cpp.hpp
[21.282s] -- Symlinking: /home/elijah/go2-convex-mpc/ros2_ws/install/unitree_go/include/unitree_go/unitree_go/msg/detail/uwb_state__rosidl_typesupport_introspection_cpp.hpp
[21.290s] -- Symlinking: /home/elijah/go2-convex-mpc/ros2_ws/install/unitree_go/include/unitree_go/unitree_go/msg/detail/uwb_switch__rosidl_typesupport_introspection_cpp.hpp
[21.299s] -- Symlinking: /home/elijah/go2-convex-mpc/ros2_ws/install/unitree_go/include/unitree_go/unitree_go/msg/detail/wireless_controller__rosidl_typesupport_introspection_cpp.hpp
[21.307s] -- Symlinking: /home/elijah/go2-convex-mpc/ros2_ws/install/unitree_go/share/unitree_go/environment/pythonpath.sh
[21.314s] -- Symlinking: /home/elijah/go2-convex-mpc/ros2_ws/install/unitree_go/share/unitree_go/environment/pythonpath.dsv
[21.322s] -- Symlinking: /home/elijah/go2-convex-mpc/ros2_ws/install/unitree_go/local/lib/python3.10/dist-packages/unitree_go-0.0.0-py3.10.egg-info/PKG-INFO
[21.329s] -- Symlinking: /home/elijah/go2-convex-mpc/ros2_ws/install/unitree_go/local/lib/python3.10/dist-packages/unitree_go-0.0.0-py3.10.egg-info/SOURCES.txt
[21.337s] -- Symlinking: /home/elijah/go2-convex-mpc/ros2_ws/install/unitree_go/local/lib/python3.10/dist-packages/unitree_go-0.0.0-py3.10.egg-info/dependency_links.txt
[21.345s] -- Symlinking: /home/elijah/go2-convex-mpc/ros2_ws/install/unitree_go/local/lib/python3.10/dist-packages/unitree_go-0.0.0-py3.10.egg-info/top_level.txt
[21.353s] -- Symlinking: /home/elijah/go2-convex-mpc/ros2_ws/install/unitree_go/local/lib/python3.10/dist-packages/unitree_go/__init__.py
[21.360s] -- Symlinking: /home/elijah/go2-convex-mpc/ros2_ws/install/unitree_go/local/lib/python3.10/dist-packages/unitree_go/_unitree_go_s.ep.rosidl_typesupport_c.c
[21.368s] -- Symlinking: /home/elijah/go2-convex-mpc/ros2_ws/install/unitree_go/local/lib/python3.10/dist-packages/unitree_go/_unitree_go_s.ep.rosidl_typesupport_fastrtps_c.c
[21.375s] -- Symlinking: /home/elijah/go2-convex-mpc/ros2_ws/install/unitree_go/local/lib/python3.10/dist-packages/unitree_go/_unitree_go_s.ep.rosidl_typesupport_introspection_c.c
[21.382s] -- Symlinking: /home/elijah/go2-convex-mpc/ros2_ws/install/unitree_go/local/lib/python3.10/dist-packages/unitree_go/libunitree_go__rosidl_generator_py.so
[21.391s] -- Symlinking: /home/elijah/go2-convex-mpc/ros2_ws/install/unitree_go/local/lib/python3.10/dist-packages/unitree_go/msg/__init__.py
[21.399s] -- Symlinking: /home/elijah/go2-convex-mpc/ros2_ws/install/unitree_go/local/lib/python3.10/dist-packages/unitree_go/msg/_audio_data.py
[21.408s] -- Symlinking: /home/elijah/go2-convex-mpc/ros2_ws/install/unitree_go/local/lib/python3.10/dist-packages/unitree_go/msg/_audio_data_s.c
[21.415s] -- Symlinking: /home/elijah/go2-convex-mpc/ros2_ws/install/unitree_go/local/lib/python3.10/dist-packages/unitree_go/msg/_bms_cmd.py
[21.423s] -- Symlinking: /home/elijah/go2-convex-mpc/ros2_ws/install/unitree_go/local/lib/python3.10/dist-packages/unitree_go/msg/_bms_cmd_s.c
[21.430s] -- Symlinking: /home/elijah/go2-convex-mpc/ros2_ws/install/unitree_go/local/lib/python3.10/dist-packages/unitree_go/msg/_bms_state.py
[21.437s] -- Symlinking: /home/elijah/go2-convex-mpc/ros2_ws/install/unitree_go/local/lib/python3.10/dist-packages/unitree_go/msg/_bms_state_s.c
[21.445s] -- Symlinking: /home/elijah/go2-convex-mpc/ros2_ws/install/unitree_go/local/lib/python3.10/dist-packages/unitree_go/msg/_error.py
[21.452s] -- Symlinking: /home/elijah/go2-convex-mpc/ros2_ws/install/unitree_go/local/lib/python3.10/dist-packages/unitree_go/msg/_error_s.c
[21.459s] -- Symlinking: /home/elijah/go2-convex-mpc/ros2_ws/install/unitree_go/local/lib/python3.10/dist-packages/unitree_go/msg/_go2_front_video_data.py
[21.466s] -- Symlinking: /home/elijah/go2-convex-mpc/ros2_ws/install/unitree_go/local/lib/python3.10/dist-packages/unitree_go/msg/_go2_front_video_data_s.c
[21.474s] -- Symlinking: /home/elijah/go2-convex-mpc/ros2_ws/install/unitree_go/local/lib/python3.10/dist-packages/unitree_go/msg/_height_map.py
[21.481s] -- Symlinking: /home/elijah/go2-convex-mpc/ros2_ws/install/unitree_go/local/lib/python3.10/dist-packages/unitree_go/msg/_height_map_s.c
[21.490s] -- Symlinking: /home/elijah/go2-convex-mpc/ros2_ws/install/unitree_go/local/lib/python3.10/dist-packages/unitree_go/msg/_imu_state.py
[21.499s] -- Symlinking: /home/elijah/go2-convex-mpc/ros2_ws/install/unitree_go/local/lib/python3.10/dist-packages/unitree_go/msg/_imu_state_s.c
[21.507s] -- Symlinking: /home/elijah/go2-convex-mpc/ros2_ws/install/unitree_go/local/lib/python3.10/dist-packages/unitree_go/msg/_interface_config.py
[21.515s] -- Symlinking: /home/elijah/go2-convex-mpc/ros2_ws/install/unitree_go/local/lib/python3.10/dist-packages/unitree_go/msg/_interface_config_s.c
[21.522s] -- Symlinking: /home/elijah/go2-convex-mpc/ros2_ws/install/unitree_go/local/lib/python3.10/dist-packages/unitree_go/msg/_lidar_state.py
[21.530s] -- Symlinking: /home/elijah/go2-convex-mpc/ros2_ws/install/unitree_go/local/lib/python3.10/dist-packages/unitree_go/msg/_lidar_state_s.c
[21.537s] -- Symlinking: /home/elijah/go2-convex-mpc/ros2_ws/install/unitree_go/local/lib/python3.10/dist-packages/unitree_go/msg/_low_cmd.py
[21.544s] -- Symlinking: /home/elijah/go2-convex-mpc/ros2_ws/install/unitree_go/local/lib/python3.10/dist-packages/unitree_go/msg/_low_cmd_s.c
[21.551s] -- Symlinking: /home/elijah/go2-convex-mpc/ros2_ws/install/unitree_go/local/lib/python3.10/dist-packages/unitree_go/msg/_low_state.py
[21.559s] -- Symlinking: /home/elijah/go2-convex-mpc/ros2_ws/install/unitree_go/local/lib/python3.10/dist-packages/unitree_go/msg/_low_state_s.c
[21.566s] -- Symlinking: /home/elijah/go2-convex-mpc/ros2_ws/install/unitree_go/local/lib/python3.10/dist-packages/unitree_go/msg/_motor_cmd.py
[21.574s] -- Symlinking: /home/elijah/go2-convex-mpc/ros2_ws/install/unitree_go/local/lib/python3.10/dist-packages/unitree_go/msg/_motor_cmd_s.c
[21.581s] -- Symlinking: /home/elijah/go2-convex-mpc/ros2_ws/install/unitree_go/local/lib/python3.10/dist-packages/unitree_go/msg/_motor_cmds.py
[21.590s] -- Symlinking: /home/elijah/go2-convex-mpc/ros2_ws/install/unitree_go/local/lib/python3.10/dist-packages/unitree_go/msg/_motor_cmds_s.c
[21.599s] -- Symlinking: /home/elijah/go2-convex-mpc/ros2_ws/install/unitree_go/local/lib/python3.10/dist-packages/unitree_go/msg/_motor_state.py
[21.608s] -- Symlinking: /home/elijah/go2-convex-mpc/ros2_ws/install/unitree_go/local/lib/python3.10/dist-packages/unitree_go/msg/_motor_state_s.c
[21.616s] -- Symlinking: /home/elijah/go2-convex-mpc/ros2_ws/install/unitree_go/local/lib/python3.10/dist-packages/unitree_go/msg/_motor_states.py
[21.623s] -- Symlinking: /home/elijah/go2-convex-mpc/ros2_ws/install/unitree_go/local/lib/python3.10/dist-packages/unitree_go/msg/_motor_states_s.c
[21.631s] -- Symlinking: /home/elijah/go2-convex-mpc/ros2_ws/install/unitree_go/local/lib/python3.10/dist-packages/unitree_go/msg/_path_point.py
[21.638s] -- Symlinking: /home/elijah/go2-convex-mpc/ros2_ws/install/unitree_go/local/lib/python3.10/dist-packages/unitree_go/msg/_path_point_s.c
[21.646s] -- Symlinking: /home/elijah/go2-convex-mpc/ros2_ws/install/unitree_go/local/lib/python3.10/dist-packages/unitree_go/msg/_req.py
[21.653s] -- Symlinking: /home/elijah/go2-convex-mpc/ros2_ws/install/unitree_go/local/lib/python3.10/dist-packages/unitree_go/msg/_req_s.c
[21.660s] -- Symlinking: /home/elijah/go2-convex-mpc/ros2_ws/install/unitree_go/local/lib/python3.10/dist-packages/unitree_go/msg/_res.py
[21.667s] -- Symlinking: /home/elijah/go2-convex-mpc/ros2_ws/install/unitree_go/local/lib/python3.10/dist-packages/unitree_go/msg/_res_s.c
[21.674s] -- Symlinking: /home/elijah/go2-convex-mpc/ros2_ws/install/unitree_go/local/lib/python3.10/dist-packages/unitree_go/msg/_sport_mode_cmd.py
[21.682s] -- Symlinking: /home/elijah/go2-convex-mpc/ros2_ws/install/unitree_go/local/lib/python3.10/dist-packages/unitree_go/msg/_sport_mode_cmd_s.c
[21.691s] -- Symlinking: /home/elijah/go2-convex-mpc/ros2_ws/install/unitree_go/local/lib/python3.10/dist-packages/unitree_go/msg/_sport_mode_state.py
[21.699s] -- Symlinking: /home/elijah/go2-convex-mpc/ros2_ws/install/unitree_go/local/lib/python3.10/dist-packages/unitree_go/msg/_sport_mode_state_s.c
[21.707s] -- Symlinking: /home/elijah/go2-convex-mpc/ros2_ws/install/unitree_go/local/lib/python3.10/dist-packages/unitree_go/msg/_time_spec.py
[21.715s] -- Symlinking: /home/elijah/go2-convex-mpc/ros2_ws/install/unitree_go/local/lib/python3.10/dist-packages/unitree_go/msg/_time_spec_s.c
[21.723s] -- Symlinking: /home/elijah/go2-convex-mpc/ros2_ws/install/unitree_go/local/lib/python3.10/dist-packages/unitree_go/msg/_uwb_state.py
[21.731s] -- Symlinking: /home/elijah/go2-convex-mpc/ros2_ws/install/unitree_go/local/lib/python3.10/dist-packages/unitree_go/msg/_uwb_state_s.c
[21.739s] -- Symlinking: /home/elijah/go2-convex-mpc/ros2_ws/install/unitree_go/local/lib/python3.10/dist-packages/unitree_go/msg/_uwb_switch.py
[21.746s] -- Symlinking: /home/elijah/go2-convex-mpc/ros2_ws/install/unitree_go/local/lib/python3.10/dist-packages/unitree_go/msg/_uwb_switch_s.c
[21.753s] -- Symlinking: /home/elijah/go2-convex-mpc/ros2_ws/install/unitree_go/local/lib/python3.10/dist-packages/unitree_go/msg/_wireless_controller.py
[21.761s] -- Symlinking: /home/elijah/go2-convex-mpc/ros2_ws/install/unitree_go/local/lib/python3.10/dist-packages/unitree_go/msg/_wireless_controller_s.c
[21.768s] -- Symlinking: /home/elijah/go2-convex-mpc/ros2_ws/install/unitree_go/local/lib/python3.10/dist-packages/unitree_go/unitree_go_s__rosidl_typesupport_c.cpython-310-x86_64-linux-gnu.so
[21.775s] -- Symlinking: /home/elijah/go2-convex-mpc/ros2_ws/install/unitree_go/local/lib/python3.10/dist-packages/unitree_go/unitree_go_s__rosidl_typesupport_fastrtps_c.cpython-310-x86_64-linux-gnu.so
[21.784s] -- Symlinking: /home/elijah/go2-convex-mpc/ros2_ws/install/unitree_go/local/lib/python3.10/dist-packages/unitree_go/unitree_go_s__rosidl_typesupport_introspection_c.cpython-310-x86_64-linux-gnu.so
[21.793s] -- Up-to-date symlink: /home/elijah/go2-convex-mpc/ros2_ws/install/unitree_go/local/lib/python3.10/dist-packages/unitree_go/unitree_go_s__rosidl_typesupport_fastrtps_c.cpython-310-x86_64-linux-gnu.so
[21.793s] -- Up-to-date symlink: /home/elijah/go2-convex-mpc/ros2_ws/install/unitree_go/local/lib/python3.10/dist-packages/unitree_go/unitree_go_s__rosidl_typesupport_introspection_c.cpython-310-x86_64-linux-gnu.so
[21.793s] -- Up-to-date symlink: /home/elijah/go2-convex-mpc/ros2_ws/install/unitree_go/local/lib/python3.10/dist-packages/unitree_go/unitree_go_s__rosidl_typesupport_c.cpython-310-x86_64-linux-gnu.so
[21.793s] -- Symlinking: /home/elijah/go2-convex-mpc/ros2_ws/install/unitree_go/share/unitree_go/msg/AudioData.idl
[21.802s] -- Symlinking: /home/elijah/go2-convex-mpc/ros2_ws/install/unitree_go/share/unitree_go/msg/BmsCmd.idl
[21.810s] -- Symlinking: /home/elijah/go2-convex-mpc/ros2_ws/install/unitree_go/share/unitree_go/msg/BmsState.idl
[21.818s] -- Symlinking: /home/elijah/go2-convex-mpc/ros2_ws/install/unitree_go/share/unitree_go/msg/Error.idl
[21.826s] -- Symlinking: /home/elijah/go2-convex-mpc/ros2_ws/install/unitree_go/share/unitree_go/msg/Go2FrontVideoData.idl
[21.835s] -- Symlinking: /home/elijah/go2-convex-mpc/ros2_ws/install/unitree_go/share/unitree_go/msg/HeightMap.idl
[21.842s] -- Symlinking: /home/elijah/go2-convex-mpc/ros2_ws/install/unitree_go/share/unitree_go/msg/IMUState.idl
[21.849s] -- Symlinking: /home/elijah/go2-convex-mpc/ros2_ws/install/unitree_go/share/unitree_go/msg/InterfaceConfig.idl
[21.857s] -- Symlinking: /home/elijah/go2-convex-mpc/ros2_ws/install/unitree_go/share/unitree_go/msg/LidarState.idl
[21.864s] -- Symlinking: /home/elijah/go2-convex-mpc/ros2_ws/install/unitree_go/share/unitree_go/msg/LowCmd.idl
[21.871s] -- Symlinking: /home/elijah/go2-convex-mpc/ros2_ws/install/unitree_go/share/unitree_go/msg/LowState.idl
[21.879s] -- Symlinking: /home/elijah/go2-convex-mpc/ros2_ws/install/unitree_go/share/unitree_go/msg/MotorCmd.idl
[21.887s] -- Symlinking: /home/elijah/go2-convex-mpc/ros2_ws/install/unitree_go/share/unitree_go/msg/MotorCmds.idl
[21.895s] -- Symlinking: /home/elijah/go2-convex-mpc/ros2_ws/install/unitree_go/share/unitree_go/msg/MotorState.idl
[21.904s] -- Symlinking: /home/elijah/go2-convex-mpc/ros2_ws/install/unitree_go/share/unitree_go/msg/MotorStates.idl
[21.912s] -- Symlinking: /home/elijah/go2-convex-mpc/ros2_ws/install/unitree_go/share/unitree_go/msg/PathPoint.idl
[21.920s] -- Symlinking: /home/elijah/go2-convex-mpc/ros2_ws/install/unitree_go/share/unitree_go/msg/Req.idl
[21.927s] -- Symlinking: /home/elijah/go2-convex-mpc/ros2_ws/install/unitree_go/share/unitree_go/msg/Res.idl
[21.935s] -- Symlinking: /home/elijah/go2-convex-mpc/ros2_ws/install/unitree_go/share/unitree_go/msg/SportModeCmd.idl
[21.942s] -- Symlinking: /home/elijah/go2-convex-mpc/ros2_ws/install/unitree_go/share/unitree_go/msg/SportModeState.idl
[21.949s] -- Symlinking: /home/elijah/go2-convex-mpc/ros2_ws/install/unitree_go/share/unitree_go/msg/TimeSpec.idl
[21.956s] -- Symlinking: /home/elijah/go2-convex-mpc/ros2_ws/install/unitree_go/share/unitree_go/msg/UwbState.idl
[21.963s] -- Symlinking: /home/elijah/go2-convex-mpc/ros2_ws/install/unitree_go/share/unitree_go/msg/UwbSwitch.idl
[21.971s] -- Symlinking: /home/elijah/go2-convex-mpc/ros2_ws/install/unitree_go/share/unitree_go/msg/WirelessController.idl
[21.978s] -- Symlinking: /home/elijah/go2-convex-mpc/ros2_ws/install/unitree_go/share/unitree_go/msg/AudioData.msg
[21.987s] -- Symlinking: /home/elijah/go2-convex-mpc/ros2_ws/install/unitree_go/share/unitree_go/msg/BmsCmd.msg
[21.995s] -- Symlinking: /home/elijah/go2-convex-mpc/ros2_ws/install/unitree_go/share/unitree_go/msg/BmsState.msg
[22.004s] -- Symlinking: /home/elijah/go2-convex-mpc/ros2_ws/install/unitree_go/share/unitree_go/msg/Error.msg
[22.012s] -- Symlinking: /home/elijah/go2-convex-mpc/ros2_ws/install/unitree_go/share/unitree_go/msg/Go2FrontVideoData.msg
[22.019s] -- Symlinking: /home/elijah/go2-convex-mpc/ros2_ws/install/unitree_go/share/unitree_go/msg/HeightMap.msg
[22.027s] -- Symlinking: /home/elijah/go2-convex-mpc/ros2_ws/install/unitree_go/share/unitree_go/msg/IMUState.msg
[22.034s] -- Symlinking: /home/elijah/go2-convex-mpc/ros2_ws/install/unitree_go/share/unitree_go/msg/InterfaceConfig.msg
[22.042s] -- Symlinking: /home/elijah/go2-convex-mpc/ros2_ws/install/unitree_go/share/unitree_go/msg/LidarState.msg
[22.049s] -- Symlinking: /home/elijah/go2-convex-mpc/ros2_ws/install/unitree_go/share/unitree_go/msg/LowCmd.msg
[22.056s] -- Symlinking: /home/elijah/go2-convex-mpc/ros2_ws/install/unitree_go/share/unitree_go/msg/LowState.msg
[22.064s] -- Symlinking: /home/elijah/go2-convex-mpc/ros2_ws/install/unitree_go/share/unitree_go/msg/MotorCmd.msg
[22.071s] -- Symlinking: /home/elijah/go2-convex-mpc/ros2_ws/install/unitree_go/share/unitree_go/msg/MotorCmds.msg
[22.079s] -- Symlinking: /home/elijah/go2-convex-mpc/ros2_ws/install/unitree_go/share/unitree_go/msg/MotorState.msg
[22.088s] -- Symlinking: /home/elijah/go2-convex-mpc/ros2_ws/install/unitree_go/share/unitree_go/msg/MotorStates.msg
[22.096s] -- Symlinking: /home/elijah/go2-convex-mpc/ros2_ws/install/unitree_go/share/unitree_go/msg/PathPoint.msg
[22.106s] -- Symlinking: /home/elijah/go2-convex-mpc/ros2_ws/install/unitree_go/share/unitree_go/msg/Req.msg
[22.114s] -- Symlinking: /home/elijah/go2-convex-mpc/ros2_ws/install/unitree_go/share/unitree_go/msg/Res.msg
[22.121s] -- Symlinking: /home/elijah/go2-convex-mpc/ros2_ws/install/unitree_go/share/unitree_go/msg/SportModeCmd.msg
[22.129s] -- Symlinking: /home/elijah/go2-convex-mpc/ros2_ws/install/unitree_go/share/unitree_go/msg/SportModeState.msg
[22.136s] -- Symlinking: /home/elijah/go2-convex-mpc/ros2_ws/install/unitree_go/share/unitree_go/msg/TimeSpec.msg
[22.144s] -- Symlinking: /home/elijah/go2-convex-mpc/ros2_ws/install/unitree_go/share/unitree_go/msg/UwbState.msg
[22.152s] -- Symlinking: /home/elijah/go2-convex-mpc/ros2_ws/install/unitree_go/share/unitree_go/msg/UwbSwitch.msg
[22.159s] -- Symlinking: /home/elijah/go2-convex-mpc/ros2_ws/install/unitree_go/share/unitree_go/msg/WirelessController.msg
[22.167s] -- Symlinking: /home/elijah/go2-convex-mpc/ros2_ws/install/unitree_go/share/unitree_go/msg/dds_connext/AudioData_.idl
[22.175s] -- Symlinking: /home/elijah/go2-convex-mpc/ros2_ws/install/unitree_go/share/unitree_go/msg/dds_connext/BmsCmd_.idl
[22.183s] -- Symlinking: /home/elijah/go2-convex-mpc/ros2_ws/install/unitree_go/share/unitree_go/msg/dds_connext/BmsState_.idl
[22.192s] -- Symlinking: /home/elijah/go2-convex-mpc/ros2_ws/install/unitree_go/share/unitree_go/msg/dds_connext/Error_.idl
[22.201s] -- Symlinking: /home/elijah/go2-convex-mpc/ros2_ws/install/unitree_go/share/unitree_go/msg/dds_connext/Go2FrontVideoData_.idl
[22.210s] -- Symlinking: /home/elijah/go2-convex-mpc/ros2_ws/install/unitree_go/share/unitree_go/msg/dds_connext/HeightMap_.idl
[22.218s] -- Symlinking: /home/elijah/go2-convex-mpc/ros2_ws/install/unitree_go/share/unitree_go/msg/dds_connext/IMUState_.idl
[22.226s] -- Symlinking: /home/elijah/go2-convex-mpc/ros2_ws/install/unitree_go/share/unitree_go/msg/dds_connext/InterfaceConfig_.idl
[22.235s] -- Symlinking: /home/elijah/go2-convex-mpc/ros2_ws/install/unitree_go/share/unitree_go/msg/dds_connext/LidarState_.idl
[22.242s] -- Symlinking: /home/elijah/go2-convex-mpc/ros2_ws/install/unitree_go/share/unitree_go/msg/dds_connext/LowCmd_.idl
[22.250s] -- Symlinking: /home/elijah/go2-convex-mpc/ros2_ws/install/unitree_go/share/unitree_go/msg/dds_connext/LowState_.idl
[22.259s] -- Symlinking: /home/elijah/go2-convex-mpc/ros2_ws/install/unitree_go/share/unitree_go/msg/dds_connext/MotorCmd_.idl
[22.267s] -- Symlinking: /home/elijah/go2-convex-mpc/ros2_ws/install/unitree_go/share/unitree_go/msg/dds_connext/MotorCmds_.idl
[22.275s] -- Symlinking: /home/elijah/go2-convex-mpc/ros2_ws/install/unitree_go/share/unitree_go/msg/dds_connext/MotorState_.idl
[22.283s] -- Symlinking: /home/elijah/go2-convex-mpc/ros2_ws/install/unitree_go/share/unitree_go/msg/dds_connext/MotorStates_.idl
[22.292s] -- Symlinking: /home/elijah/go2-convex-mpc/ros2_ws/install/unitree_go/share/unitree_go/msg/dds_connext/PathPoint_.idl
[22.302s] -- Symlinking: /home/elijah/go2-convex-mpc/ros2_ws/install/unitree_go/share/unitree_go/msg/dds_connext/Req_.idl
[22.311s] -- Symlinking: /home/elijah/go2-convex-mpc/ros2_ws/install/unitree_go/share/unitree_go/msg/dds_connext/Res_.idl
[22.320s] -- Symlinking: /home/elijah/go2-convex-mpc/ros2_ws/install/unitree_go/share/unitree_go/msg/dds_connext/SportModeCmd_.idl
[22.328s] -- Symlinking: /home/elijah/go2-convex-mpc/ros2_ws/install/unitree_go/share/unitree_go/msg/dds_connext/SportModeState_.idl
[22.335s] -- Symlinking: /home/elijah/go2-convex-mpc/ros2_ws/install/unitree_go/share/unitree_go/msg/dds_connext/TimeSpec_.idl
[22.343s] -- Symlinking: /home/elijah/go2-convex-mpc/ros2_ws/install/unitree_go/share/unitree_go/msg/dds_connext/UwbState_.idl
[22.350s] -- Symlinking: /home/elijah/go2-convex-mpc/ros2_ws/install/unitree_go/share/unitree_go/msg/dds_connext/UwbSwitch_.idl
[22.357s] -- Symlinking: /home/elijah/go2-convex-mpc/ros2_ws/install/unitree_go/share/unitree_go/msg/dds_connext/WirelessController_.idl
[22.364s] -- Symlinking: /home/elijah/go2-convex-mpc/ros2_ws/install/unitree_go/share/ament_index/resource_index/package_run_dependencies/unitree_go
[22.372s] -- Symlinking: /home/elijah/go2-convex-mpc/ros2_ws/install/unitree_go/share/ament_index/resource_index/parent_prefix_path/unitree_go
[22.379s] -- Symlinking: /home/elijah/go2-convex-mpc/ros2_ws/install/unitree_go/share/unitree_go/environment/ament_prefix_path.sh
[22.388s] -- Symlinking: /home/elijah/go2-convex-mpc/ros2_ws/install/unitree_go/share/unitree_go/environment/ament_prefix_path.dsv
[22.396s] -- Symlinking: /home/elijah/go2-convex-mpc/ros2_ws/install/unitree_go/share/unitree_go/environment/path.sh
[22.405s] -- Symlinking: /home/elijah/go2-convex-mpc/ros2_ws/install/unitree_go/share/unitree_go/environment/path.dsv
[22.413s] -- Symlinking: /home/elijah/go2-convex-mpc/ros2_ws/install/unitree_go/share/unitree_go/local_setup.bash
[22.421s] -- Symlinking: /home/elijah/go2-convex-mpc/ros2_ws/install/unitree_go/share/unitree_go/local_setup.sh
[22.428s] -- Symlinking: /home/elijah/go2-convex-mpc/ros2_ws/install/unitree_go/share/unitree_go/local_setup.zsh
[22.435s] -- Symlinking: /home/elijah/go2-convex-mpc/ros2_ws/install/unitree_go/share/unitree_go/local_setup.dsv
[22.443s] -- Symlinking: /home/elijah/go2-convex-mpc/ros2_ws/install/unitree_go/share/unitree_go/package.dsv
[22.450s] -- Symlinking: /home/elijah/go2-convex-mpc/ros2_ws/install/unitree_go/share/ament_index/resource_index/packages/unitree_go
[22.457s] -- Symlinking: /home/elijah/go2-convex-mpc/ros2_ws/install/unitree_go/share/unitree_go/cmake/rosidl_cmake-extras.cmake
[22.464s] -- Symlinking: /home/elijah/go2-convex-mpc/ros2_ws/install/unitree_go/share/unitree_go/cmake/ament_cmake_export_dependencies-extras.cmake
[22.471s] -- Symlinking: /home/elijah/go2-convex-mpc/ros2_ws/install/unitree_go/share/unitree_go/cmake/ament_cmake_export_include_directories-extras.cmake
[22.479s] -- Symlinking: /home/elijah/go2-convex-mpc/ros2_ws/install/unitree_go/share/unitree_go/cmake/ament_cmake_export_libraries-extras.cmake
[22.487s] -- Symlinking: /home/elijah/go2-convex-mpc/ros2_ws/install/unitree_go/share/unitree_go/cmake/ament_cmake_export_targets-extras.cmake
[22.495s] -- Symlinking: /home/elijah/go2-convex-mpc/ros2_ws/install/unitree_go/share/unitree_go/cmake/rosidl_cmake_export_typesupport_targets-extras.cmake
[22.503s] -- Symlinking: /home/elijah/go2-convex-mpc/ros2_ws/install/unitree_go/share/unitree_go/cmake/rosidl_cmake_export_typesupport_libraries-extras.cmake
[22.511s] -- Symlinking: /home/elijah/go2-convex-mpc/ros2_ws/install/unitree_go/share/unitree_go/cmake/unitree_goConfig.cmake
[22.519s] -- Symlinking: /home/elijah/go2-convex-mpc/ros2_ws/install/unitree_go/share/unitree_go/cmake/unitree_goConfig-version.cmake
[22.526s] -- Symlinking: /home/elijah/go2-convex-mpc/ros2_ws/install/unitree_go/share/unitree_go/package.xml
[22.533s] -- Installing: /home/elijah/go2-convex-mpc/ros2_ws/install/unitree_go/lib/libunitree_go__rosidl_generator_c.so
[22.534s] -- Set runtime path of "/home/elijah/go2-convex-mpc/ros2_ws/install/unitree_go/lib/libunitree_go__rosidl_generator_c.so" to ""
[22.534s] -- Installing: /home/elijah/go2-convex-mpc/ros2_ws/install/unitree_go/lib/libunitree_go__rosidl_typesupport_fastrtps_c.so
[22.534s] -- Set runtime path of "/home/elijah/go2-convex-mpc/ros2_ws/install/unitree_go/lib/libunitree_go__rosidl_typesupport_fastrtps_c.so" to ""
[22.534s] -- Installing: /home/elijah/go2-convex-mpc/ros2_ws/install/unitree_go/lib/libunitree_go__rosidl_typesupport_fastrtps_cpp.so
[22.535s] -- Set runtime path of "/home/elijah/go2-convex-mpc/ros2_ws/install/unitree_go/lib/libunitree_go__rosidl_typesupport_fastrtps_cpp.so" to ""
[22.535s] -- Installing: /home/elijah/go2-convex-mpc/ros2_ws/install/unitree_go/lib/libunitree_go__rosidl_typesupport_introspection_c.so
[22.535s] -- Set runtime path of "/home/elijah/go2-convex-mpc/ros2_ws/install/unitree_go/lib/libunitree_go__rosidl_typesupport_introspection_c.so" to ""
[22.536s] -- Installing: /home/elijah/go2-convex-mpc/ros2_ws/install/unitree_go/lib/libunitree_go__rosidl_typesupport_c.so
[22.536s] -- Set runtime path of "/home/elijah/go2-convex-mpc/ros2_ws/install/unitree_go/lib/libunitree_go__rosidl_typesupport_c.so" to ""
[22.536s] -- Installing: /home/elijah/go2-convex-mpc/ros2_ws/install/unitree_go/lib/libunitree_go__rosidl_typesupport_introspection_cpp.so
[22.537s] -- Set runtime path of "/home/elijah/go2-convex-mpc/ros2_ws/install/unitree_go/lib/libunitree_go__rosidl_typesupport_introspection_cpp.so" to ""
[22.537s] -- Installing: /home/elijah/go2-convex-mpc/ros2_ws/install/unitree_go/lib/libunitree_go__rosidl_typesupport_cpp.so
[22.537s] -- Set runtime path of "/home/elijah/go2-convex-mpc/ros2_ws/install/unitree_go/lib/libunitree_go__rosidl_typesupport_cpp.so" to ""
[22.586s] Listing '/home/elijah/go2-convex-mpc/ros2_ws/install/unitree_go/local/lib/python3.10/dist-packages/unitree_go'...
[22.586s] Compiling '/home/elijah/go2-convex-mpc/ros2_ws/install/unitree_go/local/lib/python3.10/dist-packages/unitree_go/__init__.py'...
[22.586s] Listing '/home/elijah/go2-convex-mpc/ros2_ws/install/unitree_go/local/lib/python3.10/dist-packages/unitree_go/msg'...
[22.586s] Compiling '/home/elijah/go2-convex-mpc/ros2_ws/install/unitree_go/local/lib/python3.10/dist-packages/unitree_go/msg/__init__.py'...
[22.586s] Compiling '/home/elijah/go2-convex-mpc/ros2_ws/install/unitree_go/local/lib/python3.10/dist-packages/unitree_go/msg/_audio_data.py'...
[22.586s] Compiling '/home/elijah/go2-convex-mpc/ros2_ws/install/unitree_go/local/lib/python3.10/dist-packages/unitree_go/msg/_bms_cmd.py'...
[22.586s] Compiling '/home/elijah/go2-convex-mpc/ros2_ws/install/unitree_go/local/lib/python3.10/dist-packages/unitree_go/msg/_bms_state.py'...
[22.586s] Compiling '/home/elijah/go2-convex-mpc/ros2_ws/install/unitree_go/local/lib/python3.10/dist-packages/unitree_go/msg/_error.py'...
[22.586s] Compiling '/home/elijah/go2-convex-mpc/ros2_ws/install/unitree_go/local/lib/python3.10/dist-packages/unitree_go/msg/_go2_front_video_data.py'...
[22.586s] Compiling '/home/elijah/go2-convex-mpc/ros2_ws/install/unitree_go/local/lib/python3.10/dist-packages/unitree_go/msg/_height_map.py'...
[22.586s] Compiling '/home/elijah/go2-convex-mpc/ros2_ws/install/unitree_go/local/lib/python3.10/dist-packages/unitree_go/msg/_imu_state.py'...
[22.586s] Compiling '/home/elijah/go2-convex-mpc/ros2_ws/install/unitree_go/local/lib/python3.10/dist-packages/unitree_go/msg/_interface_config.py'...
[22.586s] Compiling '/home/elijah/go2-convex-mpc/ros2_ws/install/unitree_go/local/lib/python3.10/dist-packages/unitree_go/msg/_lidar_state.py'...
[22.586s] Compiling '/home/elijah/go2-convex-mpc/ros2_ws/install/unitree_go/local/lib/python3.10/dist-packages/unitree_go/msg/_low_cmd.py'...
[22.587s] Compiling '/home/elijah/go2-convex-mpc/ros2_ws/install/unitree_go/local/lib/python3.10/dist-packages/unitree_go/msg/_low_state.py'...
[22.587s] Compiling '/home/elijah/go2-convex-mpc/ros2_ws/install/unitree_go/local/lib/python3.10/dist-packages/unitree_go/msg/_motor_cmd.py'...
[22.587s] Compiling '/home/elijah/go2-convex-mpc/ros2_ws/install/unitree_go/local/lib/python3.10/dist-packages/unitree_go/msg/_motor_cmds.py'...
[22.587s] Compiling '/home/elijah/go2-convex-mpc/ros2_ws/install/unitree_go/local/lib/python3.10/dist-packages/unitree_go/msg/_motor_state.py'...
[22.587s] Compiling '/home/elijah/go2-convex-mpc/ros2_ws/install/unitree_go/local/lib/python3.10/dist-packages/unitree_go/msg/_motor_states.py'...
[22.587s] Compiling '/home/elijah/go2-convex-mpc/ros2_ws/install/unitree_go/local/lib/python3.10/dist-packages/unitree_go/msg/_path_point.py'...
[22.587s] Compiling '/home/elijah/go2-convex-mpc/ros2_ws/install/unitree_go/local/lib/python3.10/dist-packages/unitree_go/msg/_req.py'...
[22.587s] Compiling '/home/elijah/go2-convex-mpc/ros2_ws/install/unitree_go/local/lib/python3.10/dist-packages/unitree_go/msg/_res.py'...
[22.587s] Compiling '/home/elijah/go2-convex-mpc/ros2_ws/install/unitree_go/local/lib/python3.10/dist-packages/unitree_go/msg/_sport_mode_cmd.py'...
[22.587s] Compiling '/home/elijah/go2-convex-mpc/ros2_ws/install/unitree_go/local/lib/python3.10/dist-packages/unitree_go/msg/_sport_mode_state.py'...
[22.587s] Compiling '/home/elijah/go2-convex-mpc/ros2_ws/install/unitree_go/local/lib/python3.10/dist-packages/unitree_go/msg/_time_spec.py'...
[22.587s] Compiling '/home/elijah/go2-convex-mpc/ros2_ws/install/unitree_go/local/lib/python3.10/dist-packages/unitree_go/msg/_uwb_state.py'...
[22.587s] Compiling '/home/elijah/go2-convex-mpc/ros2_ws/install/unitree_go/local/lib/python3.10/dist-packages/unitree_go/msg/_uwb_switch.py'...
[22.587s] Compiling '/home/elijah/go2-convex-mpc/ros2_ws/install/unitree_go/local/lib/python3.10/dist-packages/unitree_go/msg/_wireless_controller.py'...
[22.591s] -- Installing: /home/elijah/go2-convex-mpc/ros2_ws/install/unitree_go/lib/libunitree_go__rosidl_generator_py.so
[22.592s] -- Set runtime path of "/home/elijah/go2-convex-mpc/ros2_ws/install/unitree_go/lib/libunitree_go__rosidl_generator_py.so" to ""
[22.592s] -- Installing: /home/elijah/go2-convex-mpc/ros2_ws/install/unitree_go/share/unitree_go/cmake/export_unitree_go__rosidl_generator_cExport.cmake
[22.592s] -- Installing: /home/elijah/go2-convex-mpc/ros2_ws/install/unitree_go/share/unitree_go/cmake/export_unitree_go__rosidl_generator_cExport-noconfig.cmake
[22.592s] -- Installing: /home/elijah/go2-convex-mpc/ros2_ws/install/unitree_go/share/unitree_go/cmake/export_unitree_go__rosidl_typesupport_fastrtps_cExport.cmake
[22.592s] -- Installing: /home/elijah/go2-convex-mpc/ros2_ws/install/unitree_go/share/unitree_go/cmake/export_unitree_go__rosidl_typesupport_fastrtps_cExport-noconfig.cmake
[22.592s] -- Installing: /home/elijah/go2-convex-mpc/ros2_ws/install/unitree_go/share/unitree_go/cmake/export_unitree_go__rosidl_generator_cppExport.cmake
[22.592s] -- Installing: /home/elijah/go2-convex-mpc/ros2_ws/install/unitree_go/share/unitree_go/cmake/export_unitree_go__rosidl_typesupport_fastrtps_cppExport.cmake
[22.592s] -- Installing: /home/elijah/go2-convex-mpc/ros2_ws/install/unitree_go/share/unitree_go/cmake/export_unitree_go__rosidl_typesupport_fastrtps_cppExport-noconfig.cmake
[22.593s] -- Installing: /home/elijah/go2-convex-mpc/ros2_ws/install/unitree_go/share/unitree_go/cmake/unitree_go__rosidl_typesupport_introspection_cExport.cmake
[22.593s] -- Installing: /home/elijah/go2-convex-mpc/ros2_ws/install/unitree_go/share/unitree_go/cmake/unitree_go__rosidl_typesupport_introspection_cExport-noconfig.cmake
[22.593s] -- Installing: /home/elijah/go2-convex-mpc/ros2_ws/install/unitree_go/share/unitree_go/cmake/unitree_go__rosidl_typesupport_cExport.cmake
[22.593s] -- Installing: /home/elijah/go2-convex-mpc/ros2_ws/install/unitree_go/share/unitree_go/cmake/unitree_go__rosidl_typesupport_cExport-noconfig.cmake
[22.593s] -- Installing: /home/elijah/go2-convex-mpc/ros2_ws/install/unitree_go/share/unitree_go/cmake/unitree_go__rosidl_typesupport_introspection_cppExport.cmake
[22.593s] -- Installing: /home/elijah/go2-convex-mpc/ros2_ws/install/unitree_go/share/unitree_go/cmake/unitree_go__rosidl_typesupport_introspection_cppExport-noconfig.cmake
[22.593s] -- Installing: /home/elijah/go2-convex-mpc/ros2_ws/install/unitree_go/share/unitree_go/cmake/unitree_go__rosidl_typesupport_cppExport.cmake
[22.594s] -- Installing: /home/elijah/go2-convex-mpc/ros2_ws/install/unitree_go/share/unitree_go/cmake/unitree_go__rosidl_typesupport_cppExport-noconfig.cmake
[22.594s] -- Installing: /home/elijah/go2-convex-mpc/ros2_ws/install/unitree_go/share/unitree_go/cmake/export_unitree_go__rosidl_generator_pyExport.cmake
[22.594s] -- Installing: /home/elijah/go2-convex-mpc/ros2_ws/install/unitree_go/share/unitree_go/cmake/export_unitree_go__rosidl_generator_pyExport-noconfig.cmake
[22.597s] Invoked command in '/home/elijah/go2-convex-mpc/ros2_ws/build/unitree_go' returned '0': CMAKE_PREFIX_PATH=/opt/ros/humble /usr/bin/cmake --install /home/elijah/go2-convex-mpc/ros2_ws/build/unitree_go
