[0.000000] (-) TimerEvent: {}
[0.000259] (mujoco_go2_robot) JobQueued: {'identifier': 'mujoco_go2_robot', 'dependencies': OrderedDict()}
[0.000284] (unitree_api) JobQueued: {'identifier': 'unitree_api', 'dependencies': OrderedDict()}
[0.000313] (unitree_go) JobQueued: {'identifier': 'unitree_go', 'dependencies': OrderedDict()}
[0.000329] (unitree_hg) JobQueued: {'identifier': 'unitree_hg', 'dependencies': OrderedDict()}
[0.000342] (unitree_ros2_example) JobQueued: {'identifier': 'unitree_ros2_example', 'dependencies': OrderedDict([('unitree_api', '/home/elijah/go2-convex-mpc/ros2_ws/install/unitree_api'), ('unitree_go', '/home/elijah/go2-convex-mpc/ros2_ws/install/unitree_go'), ('unitree_hg', '/home/elijah/go2-convex-mpc/ros2_ws/install/unitree_hg')])}
[0.000623] (unitree_api) JobStarted: {'identifier': 'unitree_api'}
[0.004381] (unitree_go) JobStarted: {'identifier': 'unitree_go'}
[0.006531] (unitree_hg) JobStarted: {'identifier': 'unitree_hg'}
[0.008700] (mujoco_go2_robot) JobStarted: {'identifier': 'mujoco_go2_robot'}
[0.013816] (unitree_api) JobProgress: {'identifier': 'unitree_api', 'progress': 'cmake'}
[0.014423] (unitree_api) Command: {'cmd': ['/usr/bin/cmake', '/home/elijah/go2-convex-mpc/ros2_ws/src/unitree_ros2/cyclonedds_ws/src/unitree/unitree_api', '-DAMENT_CMAKE_SYMLINK_INSTALL=1', '-DCMAKE_INSTALL_PREFIX=/home/elijah/go2-convex-mpc/ros2_ws/install/unitree_api'], 'cwd': '/home/elijah/go2-convex-mpc/ros2_ws/build/unitree_api', 'env': OrderedDict([('GJS_DEBUG_TOPICS', 'JS ERROR;JS LOG'), ('PYTHON_BASIC_REPL', '1'), ('LESSOPEN', '| /usr/bin/lesspipe %s'), ('CONDA_PROMPT_MODIFIER', ''), ('USER', 'elijah'), ('XDG_SESSION_TYPE', 'x11'), ('GIT_ASKPASS', '/usr/share/code/resources/app/extensions/git/dist/askpass.sh'), ('SHLVL', '1'), ('LD_LIBRARY_PATH', '/opt/ros/humble/opt/rviz_ogre_vendor/lib:/opt/ros/humble/lib/x86_64-linux-gnu:/opt/ros/humble/lib::/home/elijah/convex-mpc-unitree-go2/third_party/acados/lib'), ('ACADOS_SOURCE_DIR', '/home/elijah/convex-mpc-unitree-go2/third_party/acados'), ('HOME', '/home/elijah'), ('CHROME_DESKTOP', 'code.desktop'), ('CONDA_SHLVL', '0'), ('OLDPWD', '/home/elijah/go2-convex-mpc'), ('TERM_PROGRAM_VERSION', '1.104.2'), ('DESKTOP_SESSION', 'ubuntu'), ('GIO_LAUNCHED_DESKTOP_FILE', '/usr/share/applications/code.desktop'), ('ROS_PYTHON_VERSION', '3'), ('GNOME_SHELL_SESSION_MODE', 'ubuntu'), ('GTK_MODULES', 'gail:atk-bridge'), ('VSCODE_GIT_ASKPASS_MAIN', '/usr/share/code/resources/app/extensions/git/dist/askpass-main.js'), ('VSCODE_GIT_ASKPASS_NODE', '/usr/share/code/code'), ('MANAGERPID', '1248'), ('PYDEVD_DISABLE_FILE_VALIDATION', '1'), ('SYSTEMD_EXEC_PID', '2230'), ('BUNDLED_DEBUGPY_PATH', '/home/elijah/.vscode/extensions/ms-python.debugpy-2025.18.0-linux-x64/bundled/libs/debugpy'), ('VSCODE_PYTHON_AUTOACTIVATE_GUARD', '1'), ('DBUS_SESSION_BUS_ADDRESS', 'unix:path=/run/user/1000/bus'), ('COLORTERM', 'truecolor'), ('_CE_M', ''), ('PYTHONNOUSERSITE', '1'), ('_CONDA_ROOT', '/home/elijah/miniconda3'), ('GIO_LAUNCHED_DESKTOP_FILE_PID', '19285'), ('ROS_DISTRO', 'humble'), ('GTK_IM_MODULE', 'ibus'), ('LOGNAME', 'elijah'), ('JOURNAL_STREAM', '8:23301'), ('_', '/usr/bin/colcon'), ('ROS_VERSION', '2'), ('XDG_SESSION_CLASS', 'user'), ('USERNAME', 'elijah'), ('TERM', 'xterm-256color'), ('GNOME_DESKTOP_SESSION_ID', 'this-is-deprecated'), ('_CE_CONDA', ''), ('ROS_LOCALHOST_ONLY', '0'), ('WINDOWPATH', '2'), ('PATH', '/opt/ros/humble/bin:/home/elijah/MATLAB/R2025b/bin:/home/elijah/.local/bin:/home/elijah/MATLAB/R2025b/bin:/home/elijah/miniconda3/condabin:/home/elijah/.local/bin:/usr/local/sbin:/usr/local/bin:/usr/sbin:/usr/bin:/sbin:/bin:/usr/games:/usr/local/games:/snap/bin:/snap/bin:/home/elijah/.vscode/extensions/ms-python.debugpy-2025.18.0-linux-x64/bundled/scripts/noConfigScripts:/home/elijah/.config/Code/User/globalStorage/github.copilot-chat/debugCommand'), ('SESSION_MANAGER', 'local/blade14:@/tmp/.ICE-unix/2191,unix/blade14:/tmp/.ICE-unix/2191'), ('INVOCATION_ID', '2334c8eb0f6b414eb551b517251acb30'), ('XDG_MENU_PREFIX', 'gnome-'), ('XDG_RUNTIME_DIR', '/run/user/1000'), ('GDK_BACKEND', 'x11'), ('DISPLAY', ':0'), ('VSCODE_DEBUGPY_ADAPTER_ENDPOINTS', '/home/elijah/.vscode/extensions/ms-python.debugpy-2025.18.0-linux-x64/.noConfigDebugAdapterEndpoints/endpoint-e8e5ede5e48c9972.txt'), ('LANG', 'en_US.UTF-8'), ('XDG_CURRENT_DESKTOP', 'Unity'), ('PYTHONSTARTUP', '/home/elijah/.config/Code/User/workspaceStorage/3f9c70443e8b64211a210c374fcd3635/ms-python.python/pythonrc.py'), ('XMODIFIERS', '@im=ibus'), ('XDG_SESSION_DESKTOP', 'ubuntu'), ('XAUTHORITY', '/run/user/1000/gdm/Xauthority'), ('LS_COLORS', 'rs=0:di=01;34:ln=01;36:mh=00:pi=40;33:so=01;35:do=01;35:bd=40;33;01:cd=40;33;01:or=40;31;01:mi=00:su=37;41:sg=30;43:ca=30;41:tw=30;42:ow=34;42:st=37;44:ex=01;32:*.tar=01;31:*.tgz=01;31:*.arc=01;31:*.arj=01;31:*.taz=01;31:*.lha=01;31:*.lz4=01;31:*.lzh=01;31:*.lzma=01;31:*.tlz=01;31:*.txz=01;31:*.tzo=01;31:*.t7z=01;31:*.zip=01;31:*.z=01;31:*.dz=01;31:*.gz=01;31:*.lrz=01;31:*.lz=01;31:*.lzo=01;31:*.xz=01;31:*.zst=01;31:*.tzst=01;31:*.bz2=01;31:*.bz=01;31:*.tbz=01;31:*.tbz2=01;31:*.tz=01;31:*.deb=01;31:*.rpm=01;31:*.jar=01;31:*.war=01;31:*.ear=01;31:*.sar=01;31:*.rar=01;31:*.alz=01;31:*.ace=01;31:*.zoo=01;31:*.cpio=01;31:*.7z=01;31:*.rz=01;31:*.cab=01;31:*.wim=01;31:*.swm=01;31:*.dwm=01;31:*.esd=01;31:*.jpg=01;35:*.jpeg=01;35:*.mjpg=01;35:*.mjpeg=01;35:*.gif=01;35:*.bmp=01;35:*.pbm=01;35:*.pgm=01;35:*.ppm=01;35:*.tga=01;35:*.xbm=01;35:*.xpm=01;35:*.tif=01;35:*.tiff=01;35:*.png=01;35:*.svg=01;35:*.svgz=01;35:*.mng=01;35:*.pcx=01;35:*.mov=01;35:*.mpg=01;35:*.mpeg=01;35:*.m2v=01;35:*.mkv=01;35:*.webm=01;35:*.webp=01;35:*.ogm=01;35:*.mp4=01;35:*.m4v=01;35:*.mp4v=01;35:*.vob=01;35:*.qt=01;35:*.nuv=01;35:*.wmv=01;35:*.asf=01;35:*.rm=01;35:*.rmvb=01;35:*.flc=01;35:*.avi=01;35:*.fli=01;35:*.flv=01;35:*.gl=01;35:*.dl=01;35:*.xcf=01;35:*.xwd=01;35:*.yuv=01;35:*.cgm=01;35:*.emf=01;35:*.ogv=01;35:*.ogx=01;35:*.aac=00;36:*.au=00;36:*.flac=00;36:*.m4a=00;36:*.mid=00;36:*.midi=00;36:*.mka=00;36:*.mp3=00;36:*.mpc=00;36:*.ogg=00;36:*.ra=00;36:*.wav=00;36:*.oga=00;36:*.opus=00;36:*.spx=00;36:*.xspf=00;36:'), ('VSCODE_GIT_IPC_HANDLE', '/run/user/1000/vscode-git-220767a3ce.sock'), ('TERM_PROGRAM', 'vscode'), ('SSH_AGENT_LAUNCHER', 'gnome-keyring'), ('SSH_AUTH_SOCK', '/run/user/1000/keyring/ssh'), ('AMENT_PREFIX_PATH', '/opt/ros/humble'), ('CONDA_PYTHON_EXE', '/home/elijah/miniconda3/bin/python'), ('ORIGINAL_XDG_CURRENT_DESKTOP', 'ubuntu:GNOME'), ('SHELL', '/bin/bash'), ('QT_ACCESSIBILITY', '1'), ('GDMSESSION', 'ubuntu'), ('LESSCLOSE', '/usr/bin/lesspipe %s %s'), ('CONDA_DEFAULT_ENV', ''), ('GPG_AGENT_INFO', '/run/user/1000/gnupg/S.gpg-agent:0:1'), ('GJS_DEBUG_OUTPUT', 'stderr'), ('_CONDA_EXE', '/home/elijah/miniconda3/bin/conda'), ('VSCODE_GIT_ASKPASS_EXTRA_ARGS', ''), ('QT_IM_MODULE', 'ibus'), ('PWD', '/home/elijah/go2-convex-mpc/ros2_ws/build/unitree_api'), ('XDG_CONFIG_DIRS', '/etc/xdg/xdg-ubuntu:/etc/xdg'), ('CONDA_EXE', '/home/elijah/miniconda3/bin/conda'), ('XDG_DATA_DIRS', '/usr/share/ubuntu:/usr/share/gnome:/usr/local/share/:/usr/share/:/var/lib/snapd/desktop'), ('PYTHONPATH', '/opt/ros/humble/lib/python3.10/site-packages:/opt/ros/humble/local/lib/python3.10/dist-packages'), ('CONDA_PREFIX', ''), ('COLCON', '1'), ('CMAKE_PREFIX_PATH', '/opt/ros/humble')]), 'shell': False}
[0.016288] (unitree_go) JobProgress: {'identifier': 'unitree_go', 'progress': 'cmake'}
[0.016587] (unitree_go) Command: {'cmd': ['/usr/bin/cmake', '/home/elijah/go2-convex-mpc/ros2_ws/src/unitree_ros2/cyclonedds_ws/src/unitree/unitree_go', '-DAMENT_CMAKE_SYMLINK_INSTALL=1', '-DCMAKE_INSTALL_PREFIX=/home/elijah/go2-convex-mpc/ros2_ws/install/unitree_go'], 'cwd': '/home/elijah/go2-convex-mpc/ros2_ws/build/unitree_go', 'env': OrderedDict([('GJS_DEBUG_TOPICS', 'JS ERROR;JS LOG'), ('PYTHON_BASIC_REPL', '1'), ('LESSOPEN', '| /usr/bin/lesspipe %s'), ('CONDA_PROMPT_MODIFIER', ''), ('USER', 'elijah'), ('XDG_SESSION_TYPE', 'x11'), ('GIT_ASKPASS', '/usr/share/code/resources/app/extensions/git/dist/askpass.sh'), ('SHLVL', '1'), ('LD_LIBRARY_PATH', '/opt/ros/humble/opt/rviz_ogre_vendor/lib:/opt/ros/humble/lib/x86_64-linux-gnu:/opt/ros/humble/lib::/home/elijah/convex-mpc-unitree-go2/third_party/acados/lib'), ('ACADOS_SOURCE_DIR', '/home/elijah/convex-mpc-unitree-go2/third_party/acados'), ('HOME', '/home/elijah'), ('CHROME_DESKTOP', 'code.desktop'), ('CONDA_SHLVL', '0'), ('OLDPWD', '/home/elijah/go2-convex-mpc'), ('TERM_PROGRAM_VERSION', '1.104.2'), ('DESKTOP_SESSION', 'ubuntu'), ('GIO_LAUNCHED_DESKTOP_FILE', '/usr/share/applications/code.desktop'), ('ROS_PYTHON_VERSION', '3'), ('GNOME_SHELL_SESSION_MODE', 'ubuntu'), ('GTK_MODULES', 'gail:atk-bridge'), ('VSCODE_GIT_ASKPASS_MAIN', '/usr/share/code/resources/app/extensions/git/dist/askpass-main.js'), ('VSCODE_GIT_ASKPASS_NODE', '/usr/share/code/code'), ('MANAGERPID', '1248'), ('PYDEVD_DISABLE_FILE_VALIDATION', '1'), ('SYSTEMD_EXEC_PID', '2230'), ('BUNDLED_DEBUGPY_PATH', '/home/elijah/.vscode/extensions/ms-python.debugpy-2025.18.0-linux-x64/bundled/libs/debugpy'), ('VSCODE_PYTHON_AUTOACTIVATE_GUARD', '1'), ('DBUS_SESSION_BUS_ADDRESS', 'unix:path=/run/user/1000/bus'), ('COLORTERM', 'truecolor'), ('_CE_M', ''), ('PYTHONNOUSERSITE', '1'), ('_CONDA_ROOT', '/home/elijah/miniconda3'), ('GIO_LAUNCHED_DESKTOP_FILE_PID', '19285'), ('ROS_DISTRO', 'humble'), ('GTK_IM_MODULE', 'ibus'), ('LOGNAME', 'elijah'), ('JOURNAL_STREAM', '8:23301'), ('_', '/usr/bin/colcon'), ('ROS_VERSION', '2'), ('XDG_SESSION_CLASS', 'user'), ('USERNAME', 'elijah'), ('TERM', 'xterm-256color'), ('GNOME_DESKTOP_SESSION_ID', 'this-is-deprecated'), ('_CE_CONDA', ''), ('ROS_LOCALHOST_ONLY', '0'), ('WINDOWPATH', '2'), ('PATH', '/opt/ros/humble/bin:/home/elijah/MATLAB/R2025b/bin:/home/elijah/.local/bin:/home/elijah/MATLAB/R2025b/bin:/home/elijah/miniconda3/condabin:/home/elijah/.local/bin:/usr/local/sbin:/usr/local/bin:/usr/sbin:/usr/bin:/sbin:/bin:/usr/games:/usr/local/games:/snap/bin:/snap/bin:/home/elijah/.vscode/extensions/ms-python.debugpy-2025.18.0-linux-x64/bundled/scripts/noConfigScripts:/home/elijah/.config/Code/User/globalStorage/github.copilot-chat/debugCommand'), ('SESSION_MANAGER', 'local/blade14:@/tmp/.ICE-unix/2191,unix/blade14:/tmp/.ICE-unix/2191'), ('INVOCATION_ID', '2334c8eb0f6b414eb551b517251acb30'), ('XDG_MENU_PREFIX', 'gnome-'), ('XDG_RUNTIME_DIR', '/run/user/1000'), ('GDK_BACKEND', 'x11'), ('DISPLAY', ':0'), ('VSCODE_DEBUGPY_ADAPTER_ENDPOINTS', '/home/elijah/.vscode/extensions/ms-python.debugpy-2025.18.0-linux-x64/.noConfigDebugAdapterEndpoints/endpoint-e8e5ede5e48c9972.txt'), ('LANG', 'en_US.UTF-8'), ('XDG_CURRENT_DESKTOP', 'Unity'), ('PYTHONSTARTUP', '/home/elijah/.config/Code/User/workspaceStorage/3f9c70443e8b64211a210c374fcd3635/ms-python.python/pythonrc.py'), ('XMODIFIERS', '@im=ibus'), ('XDG_SESSION_DESKTOP', 'ubuntu'), ('XAUTHORITY', '/run/user/1000/gdm/Xauthority'), ('LS_COLORS', 'rs=0:di=01;34:ln=01;36:mh=00:pi=40;33:so=01;35:do=01;35:bd=40;33;01:cd=40;33;01:or=40;31;01:mi=00:su=37;41:sg=30;43:ca=30;41:tw=30;42:ow=34;42:st=37;44:ex=01;32:*.tar=01;31:*.tgz=01;31:*.arc=01;31:*.arj=01;31:*.taz=01;31:*.lha=01;31:*.lz4=01;31:*.lzh=01;31:*.lzma=01;31:*.tlz=01;31:*.txz=01;31:*.tzo=01;31:*.t7z=01;31:*.zip=01;31:*.z=01;31:*.dz=01;31:*.gz=01;31:*.lrz=01;31:*.lz=01;31:*.lzo=01;31:*.xz=01;31:*.zst=01;31:*.tzst=01;31:*.bz2=01;31:*.bz=01;31:*.tbz=01;31:*.tbz2=01;31:*.tz=01;31:*.deb=01;31:*.rpm=01;31:*.jar=01;31:*.war=01;31:*.ear=01;31:*.sar=01;31:*.rar=01;31:*.alz=01;31:*.ace=01;31:*.zoo=01;31:*.cpio=01;31:*.7z=01;31:*.rz=01;31:*.cab=01;31:*.wim=01;31:*.swm=01;31:*.dwm=01;31:*.esd=01;31:*.jpg=01;35:*.jpeg=01;35:*.mjpg=01;35:*.mjpeg=01;35:*.gif=01;35:*.bmp=01;35:*.pbm=01;35:*.pgm=01;35:*.ppm=01;35:*.tga=01;35:*.xbm=01;35:*.xpm=01;35:*.tif=01;35:*.tiff=01;35:*.png=01;35:*.svg=01;35:*.svgz=01;35:*.mng=01;35:*.pcx=01;35:*.mov=01;35:*.mpg=01;35:*.mpeg=01;35:*.m2v=01;35:*.mkv=01;35:*.webm=01;35:*.webp=01;35:*.ogm=01;35:*.mp4=01;35:*.m4v=01;35:*.mp4v=01;35:*.vob=01;35:*.qt=01;35:*.nuv=01;35:*.wmv=01;35:*.asf=01;35:*.rm=01;35:*.rmvb=01;35:*.flc=01;35:*.avi=01;35:*.fli=01;35:*.flv=01;35:*.gl=01;35:*.dl=01;35:*.xcf=01;35:*.xwd=01;35:*.yuv=01;35:*.cgm=01;35:*.emf=01;35:*.ogv=01;35:*.ogx=01;35:*.aac=00;36:*.au=00;36:*.flac=00;36:*.m4a=00;36:*.mid=00;36:*.midi=00;36:*.mka=00;36:*.mp3=00;36:*.mpc=00;36:*.ogg=00;36:*.ra=00;36:*.wav=00;36:*.oga=00;36:*.opus=00;36:*.spx=00;36:*.xspf=00;36:'), ('VSCODE_GIT_IPC_HANDLE', '/run/user/1000/vscode-git-220767a3ce.sock'), ('TERM_PROGRAM', 'vscode'), ('SSH_AGENT_LAUNCHER', 'gnome-keyring'), ('SSH_AUTH_SOCK', '/run/user/1000/keyring/ssh'), ('AMENT_PREFIX_PATH', '/opt/ros/humble'), ('CONDA_PYTHON_EXE', '/home/elijah/miniconda3/bin/python'), ('ORIGINAL_XDG_CURRENT_DESKTOP', 'ubuntu:GNOME'), ('SHELL', '/bin/bash'), ('QT_ACCESSIBILITY', '1'), ('GDMSESSION', 'ubuntu'), ('LESSCLOSE', '/usr/bin/lesspipe %s %s'), ('CONDA_DEFAULT_ENV', ''), ('GPG_AGENT_INFO', '/run/user/1000/gnupg/S.gpg-agent:0:1'), ('GJS_DEBUG_OUTPUT', 'stderr'), ('_CONDA_EXE', '/home/elijah/miniconda3/bin/conda'), ('VSCODE_GIT_ASKPASS_EXTRA_ARGS', ''), ('QT_IM_MODULE', 'ibus'), ('PWD', '/home/elijah/go2-convex-mpc/ros2_ws/build/unitree_go'), ('XDG_CONFIG_DIRS', '/etc/xdg/xdg-ubuntu:/etc/xdg'), ('CONDA_EXE', '/home/elijah/miniconda3/bin/conda'), ('XDG_DATA_DIRS', '/usr/share/ubuntu:/usr/share/gnome:/usr/local/share/:/usr/share/:/var/lib/snapd/desktop'), ('PYTHONPATH', '/opt/ros/humble/lib/python3.10/site-packages:/opt/ros/humble/local/lib/python3.10/dist-packages'), ('CONDA_PREFIX', ''), ('COLCON', '1'), ('CMAKE_PREFIX_PATH', '/opt/ros/humble')]), 'shell': False}
[0.017756] (unitree_hg) JobProgress: {'identifier': 'unitree_hg', 'progress': 'cmake'}
[0.017929] (unitree_hg) Command: {'cmd': ['/usr/bin/cmake', '/home/elijah/go2-convex-mpc/ros2_ws/src/unitree_ros2/cyclonedds_ws/src/unitree/unitree_hg', '-DAMENT_CMAKE_SYMLINK_INSTALL=1', '-DCMAKE_INSTALL_PREFIX=/home/elijah/go2-convex-mpc/ros2_ws/install/unitree_hg'], 'cwd': '/home/elijah/go2-convex-mpc/ros2_ws/build/unitree_hg', 'env': OrderedDict([('GJS_DEBUG_TOPICS', 'JS ERROR;JS LOG'), ('PYTHON_BASIC_REPL', '1'), ('LESSOPEN', '| /usr/bin/lesspipe %s'), ('CONDA_PROMPT_MODIFIER', ''), ('USER', 'elijah'), ('XDG_SESSION_TYPE', 'x11'), ('GIT_ASKPASS', '/usr/share/code/resources/app/extensions/git/dist/askpass.sh'), ('SHLVL', '1'), ('LD_LIBRARY_PATH', '/opt/ros/humble/opt/rviz_ogre_vendor/lib:/opt/ros/humble/lib/x86_64-linux-gnu:/opt/ros/humble/lib::/home/elijah/convex-mpc-unitree-go2/third_party/acados/lib'), ('ACADOS_SOURCE_DIR', '/home/elijah/convex-mpc-unitree-go2/third_party/acados'), ('HOME', '/home/elijah'), ('CHROME_DESKTOP', 'code.desktop'), ('CONDA_SHLVL', '0'), ('OLDPWD', '/home/elijah/go2-convex-mpc'), ('TERM_PROGRAM_VERSION', '1.104.2'), ('DESKTOP_SESSION', 'ubuntu'), ('GIO_LAUNCHED_DESKTOP_FILE', '/usr/share/applications/code.desktop'), ('ROS_PYTHON_VERSION', '3'), ('GNOME_SHELL_SESSION_MODE', 'ubuntu'), ('GTK_MODULES', 'gail:atk-bridge'), ('VSCODE_GIT_ASKPASS_MAIN', '/usr/share/code/resources/app/extensions/git/dist/askpass-main.js'), ('VSCODE_GIT_ASKPASS_NODE', '/usr/share/code/code'), ('MANAGERPID', '1248'), ('PYDEVD_DISABLE_FILE_VALIDATION', '1'), ('SYSTEMD_EXEC_PID', '2230'), ('BUNDLED_DEBUGPY_PATH', '/home/elijah/.vscode/extensions/ms-python.debugpy-2025.18.0-linux-x64/bundled/libs/debugpy'), ('VSCODE_PYTHON_AUTOACTIVATE_GUARD', '1'), ('DBUS_SESSION_BUS_ADDRESS', 'unix:path=/run/user/1000/bus'), ('COLORTERM', 'truecolor'), ('_CE_M', ''), ('PYTHONNOUSERSITE', '1'), ('_CONDA_ROOT', '/home/elijah/miniconda3'), ('GIO_LAUNCHED_DESKTOP_FILE_PID', '19285'), ('ROS_DISTRO', 'humble'), ('GTK_IM_MODULE', 'ibus'), ('LOGNAME', 'elijah'), ('JOURNAL_STREAM', '8:23301'), ('_', '/usr/bin/colcon'), ('ROS_VERSION', '2'), ('XDG_SESSION_CLASS', 'user'), ('USERNAME', 'elijah'), ('TERM', 'xterm-256color'), ('GNOME_DESKTOP_SESSION_ID', 'this-is-deprecated'), ('_CE_CONDA', ''), ('ROS_LOCALHOST_ONLY', '0'), ('WINDOWPATH', '2'), ('PATH', '/opt/ros/humble/bin:/home/elijah/MATLAB/R2025b/bin:/home/elijah/.local/bin:/home/elijah/MATLAB/R2025b/bin:/home/elijah/miniconda3/condabin:/home/elijah/.local/bin:/usr/local/sbin:/usr/local/bin:/usr/sbin:/usr/bin:/sbin:/bin:/usr/games:/usr/local/games:/snap/bin:/snap/bin:/home/elijah/.vscode/extensions/ms-python.debugpy-2025.18.0-linux-x64/bundled/scripts/noConfigScripts:/home/elijah/.config/Code/User/globalStorage/github.copilot-chat/debugCommand'), ('SESSION_MANAGER', 'local/blade14:@/tmp/.ICE-unix/2191,unix/blade14:/tmp/.ICE-unix/2191'), ('INVOCATION_ID', '2334c8eb0f6b414eb551b517251acb30'), ('XDG_MENU_PREFIX', 'gnome-'), ('XDG_RUNTIME_DIR', '/run/user/1000'), ('GDK_BACKEND', 'x11'), ('DISPLAY', ':0'), ('VSCODE_DEBUGPY_ADAPTER_ENDPOINTS', '/home/elijah/.vscode/extensions/ms-python.debugpy-2025.18.0-linux-x64/.noConfigDebugAdapterEndpoints/endpoint-e8e5ede5e48c9972.txt'), ('LANG', 'en_US.UTF-8'), ('XDG_CURRENT_DESKTOP', 'Unity'), ('PYTHONSTARTUP', '/home/elijah/.config/Code/User/workspaceStorage/3f9c70443e8b64211a210c374fcd3635/ms-python.python/pythonrc.py'), ('XMODIFIERS', '@im=ibus'), ('XDG_SESSION_DESKTOP', 'ubuntu'), ('XAUTHORITY', '/run/user/1000/gdm/Xauthority'), ('LS_COLORS', 'rs=0:di=01;34:ln=01;36:mh=00:pi=40;33:so=01;35:do=01;35:bd=40;33;01:cd=40;33;01:or=40;31;01:mi=00:su=37;41:sg=30;43:ca=30;41:tw=30;42:ow=34;42:st=37;44:ex=01;32:*.tar=01;31:*.tgz=01;31:*.arc=01;31:*.arj=01;31:*.taz=01;31:*.lha=01;31:*.lz4=01;31:*.lzh=01;31:*.lzma=01;31:*.tlz=01;31:*.txz=01;31:*.tzo=01;31:*.t7z=01;31:*.zip=01;31:*.z=01;31:*.dz=01;31:*.gz=01;31:*.lrz=01;31:*.lz=01;31:*.lzo=01;31:*.xz=01;31:*.zst=01;31:*.tzst=01;31:*.bz2=01;31:*.bz=01;31:*.tbz=01;31:*.tbz2=01;31:*.tz=01;31:*.deb=01;31:*.rpm=01;31:*.jar=01;31:*.war=01;31:*.ear=01;31:*.sar=01;31:*.rar=01;31:*.alz=01;31:*.ace=01;31:*.zoo=01;31:*.cpio=01;31:*.7z=01;31:*.rz=01;31:*.cab=01;31:*.wim=01;31:*.swm=01;31:*.dwm=01;31:*.esd=01;31:*.jpg=01;35:*.jpeg=01;35:*.mjpg=01;35:*.mjpeg=01;35:*.gif=01;35:*.bmp=01;35:*.pbm=01;35:*.pgm=01;35:*.ppm=01;35:*.tga=01;35:*.xbm=01;35:*.xpm=01;35:*.tif=01;35:*.tiff=01;35:*.png=01;35:*.svg=01;35:*.svgz=01;35:*.mng=01;35:*.pcx=01;35:*.mov=01;35:*.mpg=01;35:*.mpeg=01;35:*.m2v=01;35:*.mkv=01;35:*.webm=01;35:*.webp=01;35:*.ogm=01;35:*.mp4=01;35:*.m4v=01;35:*.mp4v=01;35:*.vob=01;35:*.qt=01;35:*.nuv=01;35:*.wmv=01;35:*.asf=01;35:*.rm=01;35:*.rmvb=01;35:*.flc=01;35:*.avi=01;35:*.fli=01;35:*.flv=01;35:*.gl=01;35:*.dl=01;35:*.xcf=01;35:*.xwd=01;35:*.yuv=01;35:*.cgm=01;35:*.emf=01;35:*.ogv=01;35:*.ogx=01;35:*.aac=00;36:*.au=00;36:*.flac=00;36:*.m4a=00;36:*.mid=00;36:*.midi=00;36:*.mka=00;36:*.mp3=00;36:*.mpc=00;36:*.ogg=00;36:*.ra=00;36:*.wav=00;36:*.oga=00;36:*.opus=00;36:*.spx=00;36:*.xspf=00;36:'), ('VSCODE_GIT_IPC_HANDLE', '/run/user/1000/vscode-git-220767a3ce.sock'), ('TERM_PROGRAM', 'vscode'), ('SSH_AGENT_LAUNCHER', 'gnome-keyring'), ('SSH_AUTH_SOCK', '/run/user/1000/keyring/ssh'), ('AMENT_PREFIX_PATH', '/opt/ros/humble'), ('CONDA_PYTHON_EXE', '/home/elijah/miniconda3/bin/python'), ('ORIGINAL_XDG_CURRENT_DESKTOP', 'ubuntu:GNOME'), ('SHELL', '/bin/bash'), ('QT_ACCESSIBILITY', '1'), ('GDMSESSION', 'ubuntu'), ('LESSCLOSE', '/usr/bin/lesspipe %s %s'), ('CONDA_DEFAULT_ENV', ''), ('GPG_AGENT_INFO', '/run/user/1000/gnupg/S.gpg-agent:0:1'), ('GJS_DEBUG_OUTPUT', 'stderr'), ('_CONDA_EXE', '/home/elijah/miniconda3/bin/conda'), ('VSCODE_GIT_ASKPASS_EXTRA_ARGS', ''), ('QT_IM_MODULE', 'ibus'), ('PWD', '/home/elijah/go2-convex-mpc/ros2_ws/build/unitree_hg'), ('XDG_CONFIG_DIRS', '/etc/xdg/xdg-ubuntu:/etc/xdg'), ('CONDA_EXE', '/home/elijah/miniconda3/bin/conda'), ('XDG_DATA_DIRS', '/usr/share/ubuntu:/usr/share/gnome:/usr/local/share/:/usr/share/:/var/lib/snapd/desktop'), ('PYTHONPATH', '/opt/ros/humble/lib/python3.10/site-packages:/opt/ros/humble/local/lib/python3.10/dist-packages'), ('CONDA_PREFIX', ''), ('COLCON', '1'), ('CMAKE_PREFIX_PATH', '/opt/ros/humble')]), 'shell': False}
[0.029496] (unitree_api) StdoutLine: {'line': b'-- Found ament_cmake: 1.3.12 (/opt/ros/humble/share/ament_cmake/cmake)\n'}
[0.029712] (unitree_go) StdoutLine: {'line': b'-- Found ament_cmake: 1.3.12 (/opt/ros/humble/share/ament_cmake/cmake)\n'}
[0.031315] (unitree_hg) StdoutLine: {'line': b'-- Found ament_cmake: 1.3.12 (/opt/ros/humble/share/ament_cmake/cmake)\n'}
[0.099752] (-) TimerEvent: {}
[0.146222] (unitree_hg) StdoutLine: {'line': b'-- Found Python3: /usr/bin/python3 (found version "3.10.12") found components: Interpreter \n'}
[0.146486] (unitree_api) StdoutLine: {'line': b'-- Found Python3: /usr/bin/python3 (found version "3.10.12") found components: Interpreter \n'}
[0.147642] (unitree_go) StdoutLine: {'line': b'-- Found Python3: /usr/bin/python3 (found version "3.10.12") found components: Interpreter \n'}
[0.196505] (unitree_hg) StdoutLine: {'line': b'-- Override CMake install command with custom implementation using symlinks instead of copying resources\n'}
[0.196729] (unitree_api) StdoutLine: {'line': b'-- Override CMake install command with custom implementation using symlinks instead of copying resources\n'}
[0.197052] (unitree_go) StdoutLine: {'line': b'-- Override CMake install command with custom implementation using symlinks instead of copying resources\n'}
[0.199806] (-) TimerEvent: {}
[0.224047] (unitree_hg) StdoutLine: {'line': b'-- Found geometry_msgs: 4.9.0 (/opt/ros/humble/share/geometry_msgs/cmake)\n'}
[0.224213] (unitree_api) StdoutLine: {'line': b'-- Found geometry_msgs: 4.9.0 (/opt/ros/humble/share/geometry_msgs/cmake)\n'}
[0.224296] (unitree_go) StdoutLine: {'line': b'-- Found geometry_msgs: 4.9.0 (/opt/ros/humble/share/geometry_msgs/cmake)\n'}
[0.258796] (unitree_hg) StdoutLine: {'line': b'-- Found rosidl_generator_c: 3.1.7 (/opt/ros/humble/share/rosidl_generator_c/cmake)\n'}
[0.259011] (unitree_api) StdoutLine: {'line': b'-- Found rosidl_generator_c: 3.1.7 (/opt/ros/humble/share/rosidl_generator_c/cmake)\n'}
[0.259087] (unitree_go) StdoutLine: {'line': b'-- Found rosidl_generator_c: 3.1.7 (/opt/ros/humble/share/rosidl_generator_c/cmake)\n'}
[0.263263] (unitree_hg) StdoutLine: {'line': b'-- Found rosidl_adapter: 3.1.7 (/opt/ros/humble/share/rosidl_adapter/cmake)\n'}
[0.263396] (unitree_api) StdoutLine: {'line': b'-- Found rosidl_adapter: 3.1.7 (/opt/ros/humble/share/rosidl_adapter/cmake)\n'}
[0.263459] (unitree_go) StdoutLine: {'line': b'-- Found rosidl_adapter: 3.1.7 (/opt/ros/humble/share/rosidl_adapter/cmake)\n'}
[0.271428] (unitree_hg) StdoutLine: {'line': b'-- Found rosidl_generator_cpp: 3.1.7 (/opt/ros/humble/share/rosidl_generator_cpp/cmake)\n'}
[0.271620] (unitree_go) StdoutLine: {'line': b'-- Found rosidl_generator_cpp: 3.1.7 (/opt/ros/humble/share/rosidl_generator_cpp/cmake)\n'}
[0.271719] (unitree_api) StdoutLine: {'line': b'-- Found rosidl_generator_cpp: 3.1.7 (/opt/ros/humble/share/rosidl_generator_cpp/cmake)\n'}
[0.282964] (unitree_hg) StdoutLine: {'line': b'-- Using all available rosidl_typesupport_c: rosidl_typesupport_fastrtps_c;rosidl_typesupport_introspection_c\n'}
[0.283091] (unitree_api) StdoutLine: {'line': b'-- Using all available rosidl_typesupport_c: rosidl_typesupport_fastrtps_c;rosidl_typesupport_introspection_c\n'}
[0.283152] (unitree_go) StdoutLine: {'line': b'-- Using all available rosidl_typesupport_c: rosidl_typesupport_fastrtps_c;rosidl_typesupport_introspection_c\n'}
[0.297281] (unitree_api) StdoutLine: {'line': b'-- Using all available rosidl_typesupport_cpp: rosidl_typesupport_fastrtps_cpp;rosidl_typesupport_introspection_cpp\n'}
[0.297406] (unitree_go) StdoutLine: {'line': b'-- Using all available rosidl_typesupport_cpp: rosidl_typesupport_fastrtps_cpp;rosidl_typesupport_introspection_cpp\n'}
[0.297501] (unitree_hg) StdoutLine: {'line': b'-- Using all available rosidl_typesupport_cpp: rosidl_typesupport_fastrtps_cpp;rosidl_typesupport_introspection_cpp\n'}
[0.299874] (-) TimerEvent: {}
[0.333013] (unitree_api) StdoutLine: {'line': b'-- Found rosidl_default_generators: 1.2.0 (/opt/ros/humble/share/rosidl_default_generators/cmake)\n'}
[0.333256] (unitree_go) StdoutLine: {'line': b'-- Found rosidl_default_generators: 1.2.0 (/opt/ros/humble/share/rosidl_default_generators/cmake)\n'}
[0.333392] (unitree_hg) StdoutLine: {'line': b'-- Found rosidl_default_generators: 1.2.0 (/opt/ros/humble/share/rosidl_default_generators/cmake)\n'}
[0.340861] (unitree_api) StdoutLine: {'line': b'-- Found rosidl_generator_dds_idl: 0.8.1 (/opt/ros/humble/share/rosidl_generator_dds_idl/cmake)\n'}
[0.340994] (unitree_go) StdoutLine: {'line': b'-- Found rosidl_generator_dds_idl: 0.8.1 (/opt/ros/humble/share/rosidl_generator_dds_idl/cmake)\n'}
[0.341058] (unitree_hg) StdoutLine: {'line': b'-- Found rosidl_generator_dds_idl: 0.8.1 (/opt/ros/humble/share/rosidl_generator_dds_idl/cmake)\n'}
[0.399968] (-) TimerEvent: {}
[0.461265] (mujoco_go2_robot) Command: {'cmd': ['/usr/bin/python3', '-W', 'ignore:setup.py install is deprecated', '-W', 'ignore:easy_install command is deprecated', 'setup.py', 'develop', '--editable', '--build-directory', '/home/elijah/go2-convex-mpc/ros2_ws/build/mujoco_go2_robot/build', '--no-deps', 'symlink_data'], 'cwd': '/home/elijah/go2-convex-mpc/ros2_ws/build/mujoco_go2_robot', 'env': {'GJS_DEBUG_TOPICS': 'JS ERROR;JS LOG', 'PYTHON_BASIC_REPL': '1', 'LESSOPEN': '| /usr/bin/lesspipe %s', 'CONDA_PROMPT_MODIFIER': '', 'USER': 'elijah', 'XDG_SESSION_TYPE': 'x11', 'GIT_ASKPASS': '/usr/share/code/resources/app/extensions/git/dist/askpass.sh', 'SHLVL': '1', 'LD_LIBRARY_PATH': '/opt/ros/humble/opt/rviz_ogre_vendor/lib:/opt/ros/humble/lib/x86_64-linux-gnu:/opt/ros/humble/lib::/home/elijah/convex-mpc-unitree-go2/third_party/acados/lib', 'ACADOS_SOURCE_DIR': '/home/elijah/convex-mpc-unitree-go2/third_party/acados', 'HOME': '/home/elijah', 'CHROME_DESKTOP': 'code.desktop', 'CONDA_SHLVL': '0', 'OLDPWD': '/home/elijah/go2-convex-mpc', 'TERM_PROGRAM_VERSION': '1.104.2', 'DESKTOP_SESSION': 'ubuntu', 'GIO_LAUNCHED_DESKTOP_FILE': '/usr/share/applications/code.desktop', 'ROS_PYTHON_VERSION': '3', 'GNOME_SHELL_SESSION_MODE': 'ubuntu', 'GTK_MODULES': 'gail:atk-bridge', 'VSCODE_GIT_ASKPASS_MAIN': '/usr/share/code/resources/app/extensions/git/dist/askpass-main.js', 'VSCODE_GIT_ASKPASS_NODE': '/usr/share/code/code', 'MANAGERPID': '1248', 'PYDEVD_DISABLE_FILE_VALIDATION': '1', 'SYSTEMD_EXEC_PID': '2230', 'BUNDLED_DEBUGPY_PATH': '/home/elijah/.vscode/extensions/ms-python.debugpy-2025.18.0-linux-x64/bundled/libs/debugpy', 'VSCODE_PYTHON_AUTOACTIVATE_GUARD': '1', 'DBUS_SESSION_BUS_ADDRESS': 'unix:path=/run/user/1000/bus', 'COLORTERM': 'truecolor', '_CE_M': '', 'PYTHONNOUSERSITE': '1', '_CONDA_ROOT': '/home/elijah/miniconda3', 'GIO_LAUNCHED_DESKTOP_FILE_PID': '19285', 'ROS_DISTRO': 'humble', 'GTK_IM_MODULE': 'ibus', 'LOGNAME': 'elijah', 'JOURNAL_STREAM': '8:23301', '_': '/usr/bin/colcon', 'ROS_VERSION': '2', 'XDG_SESSION_CLASS': 'user', 'USERNAME': 'elijah', 'TERM': 'xterm-256color', 'GNOME_DESKTOP_SESSION_ID': 'this-is-deprecated', '_CE_CONDA': '', 'ROS_LOCALHOST_ONLY': '0', 'WINDOWPATH': '2', 'PATH': '/opt/ros/humble/bin:/home/elijah/MATLAB/R2025b/bin:/home/elijah/.local/bin:/home/elijah/MATLAB/R2025b/bin:/home/elijah/miniconda3/condabin:/home/elijah/.local/bin:/usr/local/sbin:/usr/local/bin:/usr/sbin:/usr/bin:/sbin:/bin:/usr/games:/usr/local/games:/snap/bin:/snap/bin:/home/elijah/.vscode/extensions/ms-python.debugpy-2025.18.0-linux-x64/bundled/scripts/noConfigScripts:/home/elijah/.config/Code/User/globalStorage/github.copilot-chat/debugCommand', 'SESSION_MANAGER': 'local/blade14:@/tmp/.ICE-unix/2191,unix/blade14:/tmp/.ICE-unix/2191', 'INVOCATION_ID': '2334c8eb0f6b414eb551b517251acb30', 'XDG_MENU_PREFIX': 'gnome-', 'XDG_RUNTIME_DIR': '/run/user/1000', 'GDK_BACKEND': 'x11', 'DISPLAY': ':0', 'VSCODE_DEBUGPY_ADAPTER_ENDPOINTS': '/home/elijah/.vscode/extensions/ms-python.debugpy-2025.18.0-linux-x64/.noConfigDebugAdapterEndpoints/endpoint-e8e5ede5e48c9972.txt', 'LANG': 'en_US.UTF-8', 'XDG_CURRENT_DESKTOP': 'Unity', 'PYTHONSTARTUP': '/home/elijah/.config/Code/User/workspaceStorage/3f9c70443e8b64211a210c374fcd3635/ms-python.python/pythonrc.py', 'XMODIFIERS': '@im=ibus', 'XDG_SESSION_DESKTOP': 'ubuntu', 'XAUTHORITY': '/run/user/1000/gdm/Xauthority', 'LS_COLORS': 'rs=0:di=01;34:ln=01;36:mh=00:pi=40;33:so=01;35:do=01;35:bd=40;33;01:cd=40;33;01:or=40;31;01:mi=00:su=37;41:sg=30;43:ca=30;41:tw=30;42:ow=34;42:st=37;44:ex=01;32:*.tar=01;31:*.tgz=01;31:*.arc=01;31:*.arj=01;31:*.taz=01;31:*.lha=01;31:*.lz4=01;31:*.lzh=01;31:*.lzma=01;31:*.tlz=01;31:*.txz=01;31:*.tzo=01;31:*.t7z=01;31:*.zip=01;31:*.z=01;31:*.dz=01;31:*.gz=01;31:*.lrz=01;31:*.lz=01;31:*.lzo=01;31:*.xz=01;31:*.zst=01;31:*.tzst=01;31:*.bz2=01;31:*.bz=01;31:*.tbz=01;31:*.tbz2=01;31:*.tz=01;31:*.deb=01;31:*.rpm=01;31:*.jar=01;31:*.war=01;31:*.ear=01;31:*.sar=01;31:*.rar=01;31:*.alz=01;31:*.ace=01;31:*.zoo=01;31:*.cpio=01;31:*.7z=01;31:*.rz=01;31:*.cab=01;31:*.wim=01;31:*.swm=01;31:*.dwm=01;31:*.esd=01;31:*.jpg=01;35:*.jpeg=01;35:*.mjpg=01;35:*.mjpeg=01;35:*.gif=01;35:*.bmp=01;35:*.pbm=01;35:*.pgm=01;35:*.ppm=01;35:*.tga=01;35:*.xbm=01;35:*.xpm=01;35:*.tif=01;35:*.tiff=01;35:*.png=01;35:*.svg=01;35:*.svgz=01;35:*.mng=01;35:*.pcx=01;35:*.mov=01;35:*.mpg=01;35:*.mpeg=01;35:*.m2v=01;35:*.mkv=01;35:*.webm=01;35:*.webp=01;35:*.ogm=01;35:*.mp4=01;35:*.m4v=01;35:*.mp4v=01;35:*.vob=01;35:*.qt=01;35:*.nuv=01;35:*.wmv=01;35:*.asf=01;35:*.rm=01;35:*.rmvb=01;35:*.flc=01;35:*.avi=01;35:*.fli=01;35:*.flv=01;35:*.gl=01;35:*.dl=01;35:*.xcf=01;35:*.xwd=01;35:*.yuv=01;35:*.cgm=01;35:*.emf=01;35:*.ogv=01;35:*.ogx=01;35:*.aac=00;36:*.au=00;36:*.flac=00;36:*.m4a=00;36:*.mid=00;36:*.midi=00;36:*.mka=00;36:*.mp3=00;36:*.mpc=00;36:*.ogg=00;36:*.ra=00;36:*.wav=00;36:*.oga=00;36:*.opus=00;36:*.spx=00;36:*.xspf=00;36:', 'VSCODE_GIT_IPC_HANDLE': '/run/user/1000/vscode-git-220767a3ce.sock', 'TERM_PROGRAM': 'vscode', 'SSH_AGENT_LAUNCHER': 'gnome-keyring', 'SSH_AUTH_SOCK': '/run/user/1000/keyring/ssh', 'AMENT_PREFIX_PATH': '/opt/ros/humble', 'CONDA_PYTHON_EXE': '/home/elijah/miniconda3/bin/python', 'ORIGINAL_XDG_CURRENT_DESKTOP': 'ubuntu:GNOME', 'SHELL': '/bin/bash', 'QT_ACCESSIBILITY': '1', 'GDMSESSION': 'ubuntu', 'LESSCLOSE': '/usr/bin/lesspipe %s %s', 'CONDA_DEFAULT_ENV': '', 'GPG_AGENT_INFO': '/run/user/1000/gnupg/S.gpg-agent:0:1', 'GJS_DEBUG_OUTPUT': 'stderr', '_CONDA_EXE': '/home/elijah/miniconda3/bin/conda', 'VSCODE_GIT_ASKPASS_EXTRA_ARGS': '', 'QT_IM_MODULE': 'ibus', 'PWD': '/home/elijah/go2-convex-mpc/ros2_ws/build/mujoco_go2_robot', 'XDG_CONFIG_DIRS': '/etc/xdg/xdg-ubuntu:/etc/xdg', 'CONDA_EXE': '/home/elijah/miniconda3/bin/conda', 'XDG_DATA_DIRS': '/usr/share/ubuntu:/usr/share/gnome:/usr/local/share/:/usr/share/:/var/lib/snapd/desktop', 'PYTHONPATH': '/home/elijah/go2-convex-mpc/ros2_ws/build/mujoco_go2_robot/prefix_override:/usr/lib/python3/dist-packages/colcon_core/task/python/colcon_distutils_commands:/home/elijah/go2-convex-mpc/ros2_ws/install/mujoco_go2_robot/lib/python3.10/site-packages:/opt/ros/humble/lib/python3.10/site-packages:/opt/ros/humble/local/lib/python3.10/dist-packages', 'CONDA_PREFIX': '', 'COLCON': '1'}, 'shell': False}
[0.500063] (-) TimerEvent: {}
[0.586028] (unitree_api) StdoutLine: {'line': b'-- Found ament_cmake_ros: 0.10.0 (/opt/ros/humble/share/ament_cmake_ros/cmake)\n'}
[0.600143] (-) TimerEvent: {}
[0.600693] (unitree_hg) StdoutLine: {'line': b'-- Found ament_cmake_ros: 0.10.0 (/opt/ros/humble/share/ament_cmake_ros/cmake)\n'}
[0.653947] (mujoco_go2_robot) StdoutLine: {'line': b'running develop\n'}
[0.658723] (unitree_go) StdoutLine: {'line': b'-- Found ament_cmake_ros: 0.10.0 (/opt/ros/humble/share/ament_cmake_ros/cmake)\n'}
[0.700235] (-) TimerEvent: {}
[0.768890] (mujoco_go2_robot) StdoutLine: {'line': b'running egg_info\n'}
[0.769108] (mujoco_go2_robot) StdoutLine: {'line': b'creating mujoco_go2_robot.egg-info\n'}
[0.769196] (mujoco_go2_robot) StdoutLine: {'line': b'writing mujoco_go2_robot.egg-info/PKG-INFO\n'}
[0.769282] (mujoco_go2_robot) StdoutLine: {'line': b'writing dependency_links to mujoco_go2_robot.egg-info/dependency_links.txt\n'}
[0.769381] (mujoco_go2_robot) StdoutLine: {'line': b'writing entry points to mujoco_go2_robot.egg-info/entry_points.txt\n'}
[0.769463] (mujoco_go2_robot) StdoutLine: {'line': b'writing requirements to mujoco_go2_robot.egg-info/requires.txt\n'}
[0.769552] (mujoco_go2_robot) StdoutLine: {'line': b'writing top-level names to mujoco_go2_robot.egg-info/top_level.txt\n'}
[0.769716] (mujoco_go2_robot) StdoutLine: {'line': b"writing manifest file 'mujoco_go2_robot.egg-info/SOURCES.txt'\n"}
[0.771012] (mujoco_go2_robot) StdoutLine: {'line': b"reading manifest file 'mujoco_go2_robot.egg-info/SOURCES.txt'\n"}
[0.771444] (mujoco_go2_robot) StdoutLine: {'line': b"writing manifest file 'mujoco_go2_robot.egg-info/SOURCES.txt'\n"}
[0.772416] (mujoco_go2_robot) StdoutLine: {'line': b'running build_ext\n'}
[0.772562] (mujoco_go2_robot) StdoutLine: {'line': b'Creating /home/elijah/go2-convex-mpc/ros2_ws/install/mujoco_go2_robot/lib/python3.10/site-packages/mujoco-go2-robot.egg-link (link to .)\n'}
[0.773137] (mujoco_go2_robot) StdoutLine: {'line': b'Installing mujoco_robot script to /home/elijah/go2-convex-mpc/ros2_ws/install/mujoco_go2_robot/lib/mujoco_go2_robot\n'}
[0.773321] (mujoco_go2_robot) StdoutLine: {'line': b'\n'}
[0.773379] (mujoco_go2_robot) StdoutLine: {'line': b'Installed /home/elijah/go2-convex-mpc/ros2_ws/build/mujoco_go2_robot\n'}
[0.773457] (mujoco_go2_robot) StdoutLine: {'line': b'running symlink_data\n'}
[0.773547] (mujoco_go2_robot) StdoutLine: {'line': b'creating /home/elijah/go2-convex-mpc/ros2_ws/install/mujoco_go2_robot/share/ament_index\n'}
[0.773613] (mujoco_go2_robot) StdoutLine: {'line': b'creating /home/elijah/go2-convex-mpc/ros2_ws/install/mujoco_go2_robot/share/ament_index/resource_index\n'}
[0.773671] (mujoco_go2_robot) StdoutLine: {'line': b'creating /home/elijah/go2-convex-mpc/ros2_ws/install/mujoco_go2_robot/share/ament_index/resource_index/packages\n'}
[0.773754] (mujoco_go2_robot) StdoutLine: {'line': b'symbolically linking /home/elijah/go2-convex-mpc/ros2_ws/build/mujoco_go2_robot/resource/mujoco_go2_robot -> /home/elijah/go2-convex-mpc/ros2_ws/install/mujoco_go2_robot/share/ament_index/resource_index/packages\n'}
[0.773808] (mujoco_go2_robot) StdoutLine: {'line': b'symbolically linking /home/elijah/go2-convex-mpc/ros2_ws/build/mujoco_go2_robot/package.xml -> /home/elijah/go2-convex-mpc/ros2_ws/install/mujoco_go2_robot/share/mujoco_go2_robot\n'}
[0.800321] (-) TimerEvent: {}
[0.804635] (mujoco_go2_robot) CommandEnded: {'returncode': 0}
[0.813877] (mujoco_go2_robot) JobEnded: {'identifier': 'mujoco_go2_robot', 'rc': 0}
[0.900414] (-) TimerEvent: {}
[0.929352] (unitree_api) StdoutLine: {'line': b'-- Using all available rosidl_typesupport_c: rosidl_typesupport_fastrtps_c;rosidl_typesupport_introspection_c\n'}
[0.939231] (unitree_hg) StdoutLine: {'line': b'-- Using all available rosidl_typesupport_c: rosidl_typesupport_fastrtps_c;rosidl_typesupport_introspection_c\n'}
[1.000503] (-) TimerEvent: {}
[1.001136] (unitree_go) StdoutLine: {'line': b'-- Using all available rosidl_typesupport_c: rosidl_typesupport_fastrtps_c;rosidl_typesupport_introspection_c\n'}
[1.077223] (unitree_api) StdoutLine: {'line': b'-- Using all available rosidl_typesupport_cpp: rosidl_typesupport_fastrtps_cpp;rosidl_typesupport_introspection_cpp\n'}
[1.084498] (unitree_hg) StdoutLine: {'line': b'-- Using all available rosidl_typesupport_cpp: rosidl_typesupport_fastrtps_cpp;rosidl_typesupport_introspection_cpp\n'}
[1.094905] (unitree_api) StdoutLine: {'line': b'-- Found PythonInterp: /usr/bin/python3 (found suitable version "3.10.12", minimum required is "3.6") \n'}
[1.096532] (unitree_api) StdoutLine: {'line': b'-- Found python_cmake_module: 0.10.0 (/opt/ros/humble/share/python_cmake_module/cmake)\n'}
[1.100573] (-) TimerEvent: {}
[1.101351] (unitree_hg) StdoutLine: {'line': b'-- Found PythonInterp: /usr/bin/python3 (found suitable version "3.10.12", minimum required is "3.6") \n'}
[1.102406] (unitree_hg) StdoutLine: {'line': b'-- Found python_cmake_module: 0.10.0 (/opt/ros/humble/share/python_cmake_module/cmake)\n'}
[1.119818] (unitree_api) StdoutLine: {'line': b'-- Found PythonLibs: /usr/lib/x86_64-linux-gnu/libpython3.10.so (found suitable version "3.10.12", minimum required is "3.5") \n'}
[1.120184] (unitree_api) StdoutLine: {'line': b'-- Using PYTHON_EXECUTABLE: /usr/bin/python3\n'}
[1.120291] (unitree_api) StdoutLine: {'line': b'-- Using PYTHON_INCLUDE_DIRS: /usr/include/python3.10\n'}
[1.120376] (unitree_api) StdoutLine: {'line': b'-- Using PYTHON_LIBRARIES: /usr/lib/x86_64-linux-gnu/libpython3.10.so\n'}
[1.124182] (unitree_hg) StdoutLine: {'line': b'-- Found PythonLibs: /usr/lib/x86_64-linux-gnu/libpython3.10.so (found suitable version "3.10.12", minimum required is "3.5") \n'}
[1.124337] (unitree_hg) StdoutLine: {'line': b'-- Using PYTHON_EXECUTABLE: /usr/bin/python3\n'}
[1.124407] (unitree_hg) StdoutLine: {'line': b'-- Using PYTHON_INCLUDE_DIRS: /usr/include/python3.10\n'}
[1.124478] (unitree_hg) StdoutLine: {'line': b'-- Using PYTHON_LIBRARIES: /usr/lib/x86_64-linux-gnu/libpython3.10.so\n'}
[1.137444] (unitree_api) StdoutLine: {'line': b'-- Found PythonExtra: .so  \n'}
[1.141252] (unitree_hg) StdoutLine: {'line': b'-- Found PythonExtra: .so  \n'}
[1.144360] (unitree_go) StdoutLine: {'line': b'-- Using all available rosidl_typesupport_cpp: rosidl_typesupport_fastrtps_cpp;rosidl_typesupport_introspection_cpp\n'}
[1.161225] (unitree_go) StdoutLine: {'line': b'-- Found PythonInterp: /usr/bin/python3 (found suitable version "3.10.12", minimum required is "3.6") \n'}
[1.162269] (unitree_go) StdoutLine: {'line': b'-- Found python_cmake_module: 0.10.0 (/opt/ros/humble/share/python_cmake_module/cmake)\n'}
[1.181592] (unitree_go) StdoutLine: {'line': b'-- Found PythonLibs: /usr/lib/x86_64-linux-gnu/libpython3.10.so (found suitable version "3.10.12", minimum required is "3.5") \n'}
[1.181777] (unitree_go) StdoutLine: {'line': b'-- Using PYTHON_EXECUTABLE: /usr/bin/python3\n'}
[1.181849] (unitree_go) StdoutLine: {'line': b'-- Using PYTHON_INCLUDE_DIRS: /usr/include/python3.10\n'}
[1.181911] (unitree_go) StdoutLine: {'line': b'-- Using PYTHON_LIBRARIES: /usr/lib/x86_64-linux-gnu/libpython3.10.so\n'}
[1.197595] (unitree_go) StdoutLine: {'line': b'-- Found PythonExtra: .so  \n'}
[1.200603] (-) TimerEvent: {}
[1.200764] (unitree_api) StdoutLine: {'line': b'-- Found ament_lint_auto: 0.12.14 (/opt/ros/humble/share/ament_lint_auto/cmake)\n'}
[1.204523] (unitree_hg) StdoutLine: {'line': b'-- Found ament_lint_auto: 0.12.14 (/opt/ros/humble/share/ament_lint_auto/cmake)\n'}
[1.224296] (unitree_api) StdoutLine: {'line': b"-- Added test 'copyright' to check source files copyright and LICENSE\n"}
[1.224596] (unitree_hg) StdoutLine: {'line': b"-- Added test 'copyright' to check source files copyright and LICENSE\n"}
[1.226668] (unitree_api) StdoutLine: {'line': b"-- Added test 'lint_cmake' to check CMake code style\n"}
[1.226800] (unitree_hg) StdoutLine: {'line': b"-- Added test 'lint_cmake' to check CMake code style\n"}
[1.227963] (unitree_api) StdoutLine: {'line': b"-- Added test 'xmllint' to check XML markup files\n"}
[1.228057] (unitree_hg) StdoutLine: {'line': b"-- Added test 'xmllint' to check XML markup files\n"}
[1.231089] (unitree_api) StdoutLine: {'line': b'-- Configuring done\n'}
[1.231199] (unitree_hg) StdoutLine: {'line': b'-- Configuring done\n'}
[1.269929] (unitree_api) StdoutLine: {'line': b'-- Generating done\n'}
[1.271074] (unitree_go) StdoutLine: {'line': b'-- Found ament_lint_auto: 0.12.14 (/opt/ros/humble/share/ament_lint_auto/cmake)\n'}
[1.274762] (unitree_hg) StdoutLine: {'line': b'-- Generating done\n'}
[1.280085] (unitree_api) StdoutLine: {'line': b'-- Build files have been written to: /home/elijah/go2-convex-mpc/ros2_ws/build/unitree_api\n'}
[1.284999] (unitree_hg) StdoutLine: {'line': b'-- Build files have been written to: /home/elijah/go2-convex-mpc/ros2_ws/build/unitree_hg\n'}
[1.291944] (unitree_api) CommandEnded: {'returncode': 0}
[1.292735] (unitree_api) JobProgress: {'identifier': 'unitree_api', 'progress': 'build'}
[1.293681] (unitree_api) Command: {'cmd': ['/usr/bin/cmake', '--build', '/home/elijah/go2-convex-mpc/ros2_ws/build/unitree_api', '--', '-j16', '-l16'], 'cwd': '/home/elijah/go2-convex-mpc/ros2_ws/build/unitree_api', 'env': OrderedDict([('GJS_DEBUG_TOPICS', 'JS ERROR;JS LOG'), ('PYTHON_BASIC_REPL', '1'), ('LESSOPEN', '| /usr/bin/lesspipe %s'), ('CONDA_PROMPT_MODIFIER', ''), ('USER', 'elijah'), ('XDG_SESSION_TYPE', 'x11'), ('GIT_ASKPASS', '/usr/share/code/resources/app/extensions/git/dist/askpass.sh'), ('SHLVL', '1'), ('LD_LIBRARY_PATH', '/opt/ros/humble/opt/rviz_ogre_vendor/lib:/opt/ros/humble/lib/x86_64-linux-gnu:/opt/ros/humble/lib::/home/elijah/convex-mpc-unitree-go2/third_party/acados/lib'), ('ACADOS_SOURCE_DIR', '/home/elijah/convex-mpc-unitree-go2/third_party/acados'), ('HOME', '/home/elijah'), ('CHROME_DESKTOP', 'code.desktop'), ('CONDA_SHLVL', '0'), ('OLDPWD', '/home/elijah/go2-convex-mpc'), ('TERM_PROGRAM_VERSION', '1.104.2'), ('DESKTOP_SESSION', 'ubuntu'), ('GIO_LAUNCHED_DESKTOP_FILE', '/usr/share/applications/code.desktop'), ('ROS_PYTHON_VERSION', '3'), ('GNOME_SHELL_SESSION_MODE', 'ubuntu'), ('GTK_MODULES', 'gail:atk-bridge'), ('VSCODE_GIT_ASKPASS_MAIN', '/usr/share/code/resources/app/extensions/git/dist/askpass-main.js'), ('VSCODE_GIT_ASKPASS_NODE', '/usr/share/code/code'), ('MANAGERPID', '1248'), ('PYDEVD_DISABLE_FILE_VALIDATION', '1'), ('SYSTEMD_EXEC_PID', '2230'), ('BUNDLED_DEBUGPY_PATH', '/home/elijah/.vscode/extensions/ms-python.debugpy-2025.18.0-linux-x64/bundled/libs/debugpy'), ('VSCODE_PYTHON_AUTOACTIVATE_GUARD', '1'), ('DBUS_SESSION_BUS_ADDRESS', 'unix:path=/run/user/1000/bus'), ('COLORTERM', 'truecolor'), ('_CE_M', ''), ('PYTHONNOUSERSITE', '1'), ('_CONDA_ROOT', '/home/elijah/miniconda3'), ('GIO_LAUNCHED_DESKTOP_FILE_PID', '19285'), ('ROS_DISTRO', 'humble'), ('GTK_IM_MODULE', 'ibus'), ('LOGNAME', 'elijah'), ('JOURNAL_STREAM', '8:23301'), ('_', '/usr/bin/colcon'), ('ROS_VERSION', '2'), ('XDG_SESSION_CLASS', 'user'), ('USERNAME', 'elijah'), ('TERM', 'xterm-256color'), ('GNOME_DESKTOP_SESSION_ID', 'this-is-deprecated'), ('_CE_CONDA', ''), ('ROS_LOCALHOST_ONLY', '0'), ('WINDOWPATH', '2'), ('PATH', '/opt/ros/humble/bin:/home/elijah/MATLAB/R2025b/bin:/home/elijah/.local/bin:/home/elijah/MATLAB/R2025b/bin:/home/elijah/miniconda3/condabin:/home/elijah/.local/bin:/usr/local/sbin:/usr/local/bin:/usr/sbin:/usr/bin:/sbin:/bin:/usr/games:/usr/local/games:/snap/bin:/snap/bin:/home/elijah/.vscode/extensions/ms-python.debugpy-2025.18.0-linux-x64/bundled/scripts/noConfigScripts:/home/elijah/.config/Code/User/globalStorage/github.copilot-chat/debugCommand'), ('SESSION_MANAGER', 'local/blade14:@/tmp/.ICE-unix/2191,unix/blade14:/tmp/.ICE-unix/2191'), ('INVOCATION_ID', '2334c8eb0f6b414eb551b517251acb30'), ('XDG_MENU_PREFIX', 'gnome-'), ('XDG_RUNTIME_DIR', '/run/user/1000'), ('GDK_BACKEND', 'x11'), ('DISPLAY', ':0'), ('VSCODE_DEBUGPY_ADAPTER_ENDPOINTS', '/home/elijah/.vscode/extensions/ms-python.debugpy-2025.18.0-linux-x64/.noConfigDebugAdapterEndpoints/endpoint-e8e5ede5e48c9972.txt'), ('LANG', 'en_US.UTF-8'), ('XDG_CURRENT_DESKTOP', 'Unity'), ('PYTHONSTARTUP', '/home/elijah/.config/Code/User/workspaceStorage/3f9c70443e8b64211a210c374fcd3635/ms-python.python/pythonrc.py'), ('XMODIFIERS', '@im=ibus'), ('XDG_SESSION_DESKTOP', 'ubuntu'), ('XAUTHORITY', '/run/user/1000/gdm/Xauthority'), ('LS_COLORS', 'rs=0:di=01;34:ln=01;36:mh=00:pi=40;33:so=01;35:do=01;35:bd=40;33;01:cd=40;33;01:or=40;31;01:mi=00:su=37;41:sg=30;43:ca=30;41:tw=30;42:ow=34;42:st=37;44:ex=01;32:*.tar=01;31:*.tgz=01;31:*.arc=01;31:*.arj=01;31:*.taz=01;31:*.lha=01;31:*.lz4=01;31:*.lzh=01;31:*.lzma=01;31:*.tlz=01;31:*.txz=01;31:*.tzo=01;31:*.t7z=01;31:*.zip=01;31:*.z=01;31:*.dz=01;31:*.gz=01;31:*.lrz=01;31:*.lz=01;31:*.lzo=01;31:*.xz=01;31:*.zst=01;31:*.tzst=01;31:*.bz2=01;31:*.bz=01;31:*.tbz=01;31:*.tbz2=01;31:*.tz=01;31:*.deb=01;31:*.rpm=01;31:*.jar=01;31:*.war=01;31:*.ear=01;31:*.sar=01;31:*.rar=01;31:*.alz=01;31:*.ace=01;31:*.zoo=01;31:*.cpio=01;31:*.7z=01;31:*.rz=01;31:*.cab=01;31:*.wim=01;31:*.swm=01;31:*.dwm=01;31:*.esd=01;31:*.jpg=01;35:*.jpeg=01;35:*.mjpg=01;35:*.mjpeg=01;35:*.gif=01;35:*.bmp=01;35:*.pbm=01;35:*.pgm=01;35:*.ppm=01;35:*.tga=01;35:*.xbm=01;35:*.xpm=01;35:*.tif=01;35:*.tiff=01;35:*.png=01;35:*.svg=01;35:*.svgz=01;35:*.mng=01;35:*.pcx=01;35:*.mov=01;35:*.mpg=01;35:*.mpeg=01;35:*.m2v=01;35:*.mkv=01;35:*.webm=01;35:*.webp=01;35:*.ogm=01;35:*.mp4=01;35:*.m4v=01;35:*.mp4v=01;35:*.vob=01;35:*.qt=01;35:*.nuv=01;35:*.wmv=01;35:*.asf=01;35:*.rm=01;35:*.rmvb=01;35:*.flc=01;35:*.avi=01;35:*.fli=01;35:*.flv=01;35:*.gl=01;35:*.dl=01;35:*.xcf=01;35:*.xwd=01;35:*.yuv=01;35:*.cgm=01;35:*.emf=01;35:*.ogv=01;35:*.ogx=01;35:*.aac=00;36:*.au=00;36:*.flac=00;36:*.m4a=00;36:*.mid=00;36:*.midi=00;36:*.mka=00;36:*.mp3=00;36:*.mpc=00;36:*.ogg=00;36:*.ra=00;36:*.wav=00;36:*.oga=00;36:*.opus=00;36:*.spx=00;36:*.xspf=00;36:'), ('VSCODE_GIT_IPC_HANDLE', '/run/user/1000/vscode-git-220767a3ce.sock'), ('TERM_PROGRAM', 'vscode'), ('SSH_AGENT_LAUNCHER', 'gnome-keyring'), ('SSH_AUTH_SOCK', '/run/user/1000/keyring/ssh'), ('AMENT_PREFIX_PATH', '/opt/ros/humble'), ('CONDA_PYTHON_EXE', '/home/elijah/miniconda3/bin/python'), ('ORIGINAL_XDG_CURRENT_DESKTOP', 'ubuntu:GNOME'), ('SHELL', '/bin/bash'), ('QT_ACCESSIBILITY', '1'), ('GDMSESSION', 'ubuntu'), ('LESSCLOSE', '/usr/bin/lesspipe %s %s'), ('CONDA_DEFAULT_ENV', ''), ('GPG_AGENT_INFO', '/run/user/1000/gnupg/S.gpg-agent:0:1'), ('GJS_DEBUG_OUTPUT', 'stderr'), ('_CONDA_EXE', '/home/elijah/miniconda3/bin/conda'), ('VSCODE_GIT_ASKPASS_EXTRA_ARGS', ''), ('QT_IM_MODULE', 'ibus'), ('PWD', '/home/elijah/go2-convex-mpc/ros2_ws/build/unitree_api'), ('XDG_CONFIG_DIRS', '/etc/xdg/xdg-ubuntu:/etc/xdg'), ('CONDA_EXE', '/home/elijah/miniconda3/bin/conda'), ('XDG_DATA_DIRS', '/usr/share/ubuntu:/usr/share/gnome:/usr/local/share/:/usr/share/:/var/lib/snapd/desktop'), ('PYTHONPATH', '/opt/ros/humble/lib/python3.10/site-packages:/opt/ros/humble/local/lib/python3.10/dist-packages'), ('CONDA_PREFIX', ''), ('COLCON', '1'), ('CMAKE_PREFIX_PATH', '/opt/ros/humble')]), 'shell': False}
[1.294996] (unitree_go) StdoutLine: {'line': b"-- Added test 'copyright' to check source files copyright and LICENSE\n"}
[1.297225] (unitree_go) StdoutLine: {'line': b"-- Added test 'lint_cmake' to check CMake code style\n"}
[1.297854] (unitree_hg) CommandEnded: {'returncode': 0}
[1.298417] (unitree_hg) JobProgress: {'identifier': 'unitree_hg', 'progress': 'build'}
[1.298917] (unitree_hg) Command: {'cmd': ['/usr/bin/cmake', '--build', '/home/elijah/go2-convex-mpc/ros2_ws/build/unitree_hg', '--', '-j16', '-l16'], 'cwd': '/home/elijah/go2-convex-mpc/ros2_ws/build/unitree_hg', 'env': OrderedDict([('GJS_DEBUG_TOPICS', 'JS ERROR;JS LOG'), ('PYTHON_BASIC_REPL', '1'), ('LESSOPEN', '| /usr/bin/lesspipe %s'), ('CONDA_PROMPT_MODIFIER', ''), ('USER', 'elijah'), ('XDG_SESSION_TYPE', 'x11'), ('GIT_ASKPASS', '/usr/share/code/resources/app/extensions/git/dist/askpass.sh'), ('SHLVL', '1'), ('LD_LIBRARY_PATH', '/opt/ros/humble/opt/rviz_ogre_vendor/lib:/opt/ros/humble/lib/x86_64-linux-gnu:/opt/ros/humble/lib::/home/elijah/convex-mpc-unitree-go2/third_party/acados/lib'), ('ACADOS_SOURCE_DIR', '/home/elijah/convex-mpc-unitree-go2/third_party/acados'), ('HOME', '/home/elijah'), ('CHROME_DESKTOP', 'code.desktop'), ('CONDA_SHLVL', '0'), ('OLDPWD', '/home/elijah/go2-convex-mpc'), ('TERM_PROGRAM_VERSION', '1.104.2'), ('DESKTOP_SESSION', 'ubuntu'), ('GIO_LAUNCHED_DESKTOP_FILE', '/usr/share/applications/code.desktop'), ('ROS_PYTHON_VERSION', '3'), ('GNOME_SHELL_SESSION_MODE', 'ubuntu'), ('GTK_MODULES', 'gail:atk-bridge'), ('VSCODE_GIT_ASKPASS_MAIN', '/usr/share/code/resources/app/extensions/git/dist/askpass-main.js'), ('VSCODE_GIT_ASKPASS_NODE', '/usr/share/code/code'), ('MANAGERPID', '1248'), ('PYDEVD_DISABLE_FILE_VALIDATION', '1'), ('SYSTEMD_EXEC_PID', '2230'), ('BUNDLED_DEBUGPY_PATH', '/home/elijah/.vscode/extensions/ms-python.debugpy-2025.18.0-linux-x64/bundled/libs/debugpy'), ('VSCODE_PYTHON_AUTOACTIVATE_GUARD', '1'), ('DBUS_SESSION_BUS_ADDRESS', 'unix:path=/run/user/1000/bus'), ('COLORTERM', 'truecolor'), ('_CE_M', ''), ('PYTHONNOUSERSITE', '1'), ('_CONDA_ROOT', '/home/elijah/miniconda3'), ('GIO_LAUNCHED_DESKTOP_FILE_PID', '19285'), ('ROS_DISTRO', 'humble'), ('GTK_IM_MODULE', 'ibus'), ('LOGNAME', 'elijah'), ('JOURNAL_STREAM', '8:23301'), ('_', '/usr/bin/colcon'), ('ROS_VERSION', '2'), ('XDG_SESSION_CLASS', 'user'), ('USERNAME', 'elijah'), ('TERM', 'xterm-256color'), ('GNOME_DESKTOP_SESSION_ID', 'this-is-deprecated'), ('_CE_CONDA', ''), ('ROS_LOCALHOST_ONLY', '0'), ('WINDOWPATH', '2'), ('PATH', '/opt/ros/humble/bin:/home/elijah/MATLAB/R2025b/bin:/home/elijah/.local/bin:/home/elijah/MATLAB/R2025b/bin:/home/elijah/miniconda3/condabin:/home/elijah/.local/bin:/usr/local/sbin:/usr/local/bin:/usr/sbin:/usr/bin:/sbin:/bin:/usr/games:/usr/local/games:/snap/bin:/snap/bin:/home/elijah/.vscode/extensions/ms-python.debugpy-2025.18.0-linux-x64/bundled/scripts/noConfigScripts:/home/elijah/.config/Code/User/globalStorage/github.copilot-chat/debugCommand'), ('SESSION_MANAGER', 'local/blade14:@/tmp/.ICE-unix/2191,unix/blade14:/tmp/.ICE-unix/2191'), ('INVOCATION_ID', '2334c8eb0f6b414eb551b517251acb30'), ('XDG_MENU_PREFIX', 'gnome-'), ('XDG_RUNTIME_DIR', '/run/user/1000'), ('GDK_BACKEND', 'x11'), ('DISPLAY', ':0'), ('VSCODE_DEBUGPY_ADAPTER_ENDPOINTS', '/home/elijah/.vscode/extensions/ms-python.debugpy-2025.18.0-linux-x64/.noConfigDebugAdapterEndpoints/endpoint-e8e5ede5e48c9972.txt'), ('LANG', 'en_US.UTF-8'), ('XDG_CURRENT_DESKTOP', 'Unity'), ('PYTHONSTARTUP', '/home/elijah/.config/Code/User/workspaceStorage/3f9c70443e8b64211a210c374fcd3635/ms-python.python/pythonrc.py'), ('XMODIFIERS', '@im=ibus'), ('XDG_SESSION_DESKTOP', 'ubuntu'), ('XAUTHORITY', '/run/user/1000/gdm/Xauthority'), ('LS_COLORS', 'rs=0:di=01;34:ln=01;36:mh=00:pi=40;33:so=01;35:do=01;35:bd=40;33;01:cd=40;33;01:or=40;31;01:mi=00:su=37;41:sg=30;43:ca=30;41:tw=30;42:ow=34;42:st=37;44:ex=01;32:*.tar=01;31:*.tgz=01;31:*.arc=01;31:*.arj=01;31:*.taz=01;31:*.lha=01;31:*.lz4=01;31:*.lzh=01;31:*.lzma=01;31:*.tlz=01;31:*.txz=01;31:*.tzo=01;31:*.t7z=01;31:*.zip=01;31:*.z=01;31:*.dz=01;31:*.gz=01;31:*.lrz=01;31:*.lz=01;31:*.lzo=01;31:*.xz=01;31:*.zst=01;31:*.tzst=01;31:*.bz2=01;31:*.bz=01;31:*.tbz=01;31:*.tbz2=01;31:*.tz=01;31:*.deb=01;31:*.rpm=01;31:*.jar=01;31:*.war=01;31:*.ear=01;31:*.sar=01;31:*.rar=01;31:*.alz=01;31:*.ace=01;31:*.zoo=01;31:*.cpio=01;31:*.7z=01;31:*.rz=01;31:*.cab=01;31:*.wim=01;31:*.swm=01;31:*.dwm=01;31:*.esd=01;31:*.jpg=01;35:*.jpeg=01;35:*.mjpg=01;35:*.mjpeg=01;35:*.gif=01;35:*.bmp=01;35:*.pbm=01;35:*.pgm=01;35:*.ppm=01;35:*.tga=01;35:*.xbm=01;35:*.xpm=01;35:*.tif=01;35:*.tiff=01;35:*.png=01;35:*.svg=01;35:*.svgz=01;35:*.mng=01;35:*.pcx=01;35:*.mov=01;35:*.mpg=01;35:*.mpeg=01;35:*.m2v=01;35:*.mkv=01;35:*.webm=01;35:*.webp=01;35:*.ogm=01;35:*.mp4=01;35:*.m4v=01;35:*.mp4v=01;35:*.vob=01;35:*.qt=01;35:*.nuv=01;35:*.wmv=01;35:*.asf=01;35:*.rm=01;35:*.rmvb=01;35:*.flc=01;35:*.avi=01;35:*.fli=01;35:*.flv=01;35:*.gl=01;35:*.dl=01;35:*.xcf=01;35:*.xwd=01;35:*.yuv=01;35:*.cgm=01;35:*.emf=01;35:*.ogv=01;35:*.ogx=01;35:*.aac=00;36:*.au=00;36:*.flac=00;36:*.m4a=00;36:*.mid=00;36:*.midi=00;36:*.mka=00;36:*.mp3=00;36:*.mpc=00;36:*.ogg=00;36:*.ra=00;36:*.wav=00;36:*.oga=00;36:*.opus=00;36:*.spx=00;36:*.xspf=00;36:'), ('VSCODE_GIT_IPC_HANDLE', '/run/user/1000/vscode-git-220767a3ce.sock'), ('TERM_PROGRAM', 'vscode'), ('SSH_AGENT_LAUNCHER', 'gnome-keyring'), ('SSH_AUTH_SOCK', '/run/user/1000/keyring/ssh'), ('AMENT_PREFIX_PATH', '/opt/ros/humble'), ('CONDA_PYTHON_EXE', '/home/elijah/miniconda3/bin/python'), ('ORIGINAL_XDG_CURRENT_DESKTOP', 'ubuntu:GNOME'), ('SHELL', '/bin/bash'), ('QT_ACCESSIBILITY', '1'), ('GDMSESSION', 'ubuntu'), ('LESSCLOSE', '/usr/bin/lesspipe %s %s'), ('CONDA_DEFAULT_ENV', ''), ('GPG_AGENT_INFO', '/run/user/1000/gnupg/S.gpg-agent:0:1'), ('GJS_DEBUG_OUTPUT', 'stderr'), ('_CONDA_EXE', '/home/elijah/miniconda3/bin/conda'), ('VSCODE_GIT_ASKPASS_EXTRA_ARGS', ''), ('QT_IM_MODULE', 'ibus'), ('PWD', '/home/elijah/go2-convex-mpc/ros2_ws/build/unitree_hg'), ('XDG_CONFIG_DIRS', '/etc/xdg/xdg-ubuntu:/etc/xdg'), ('CONDA_EXE', '/home/elijah/miniconda3/bin/conda'), ('XDG_DATA_DIRS', '/usr/share/ubuntu:/usr/share/gnome:/usr/local/share/:/usr/share/:/var/lib/snapd/desktop'), ('PYTHONPATH', '/opt/ros/humble/lib/python3.10/site-packages:/opt/ros/humble/local/lib/python3.10/dist-packages'), ('CONDA_PREFIX', ''), ('COLCON', '1'), ('CMAKE_PREFIX_PATH', '/opt/ros/humble')]), 'shell': False}
[1.300227] (unitree_go) StdoutLine: {'line': b"-- Added test 'xmllint' to check XML markup files\n"}
[1.300669] (-) TimerEvent: {}
[1.302194] (unitree_go) StdoutLine: {'line': b'-- Configuring done\n'}
[1.345457] (unitree_api) StdoutLine: {'line': b'[  1%] \x1b[34m\x1b[1mGenerating C code for ROS interfaces\x1b[0m\n'}
[1.353376] (unitree_hg) StdoutLine: {'line': b'[  1%] \x1b[34m\x1b[1mGenerating C code for ROS interfaces\x1b[0m\n'}
[1.359087] (unitree_api) StdoutLine: {'line': b'[  2%] \x1b[34m\x1b[1mGenerating C++ code for ROS interfaces\x1b[0m\n'}
[1.359343] (unitree_api) StdoutLine: {'line': b'[  3%] \x1b[34m\x1b[1mGenerating DDS interfaces\x1b[0m\n'}
[1.368942] (unitree_hg) StdoutLine: {'line': b'[  2%] \x1b[34m\x1b[1mGenerating DDS interfaces\x1b[0m\n'}
[1.369199] (unitree_hg) StdoutLine: {'line': b'[  2%] \x1b[34m\x1b[1mGenerating C++ code for ROS interfaces\x1b[0m\n'}
[1.373552] (unitree_api) StdoutLine: {'line': b'[  3%] Built target ament_cmake_python_symlink_unitree_api\n'}
[1.378696] (unitree_hg) StdoutLine: {'line': b'[  2%] Built target ament_cmake_python_symlink_unitree_hg\n'}
[1.390740] (unitree_go) StdoutLine: {'line': b'-- Generating done\n'}
[1.400795] (-) TimerEvent: {}
[1.412295] (unitree_go) StdoutLine: {'line': b'-- Build files have been written to: /home/elijah/go2-convex-mpc/ros2_ws/build/unitree_go\n'}
[1.445234] (unitree_go) CommandEnded: {'returncode': 0}
[1.447011] (unitree_go) JobProgress: {'identifier': 'unitree_go', 'progress': 'build'}
[1.447214] (unitree_go) Command: {'cmd': ['/usr/bin/cmake', '--build', '/home/elijah/go2-convex-mpc/ros2_ws/build/unitree_go', '--', '-j16', '-l16'], 'cwd': '/home/elijah/go2-convex-mpc/ros2_ws/build/unitree_go', 'env': OrderedDict([('GJS_DEBUG_TOPICS', 'JS ERROR;JS LOG'), ('PYTHON_BASIC_REPL', '1'), ('LESSOPEN', '| /usr/bin/lesspipe %s'), ('CONDA_PROMPT_MODIFIER', ''), ('USER', 'elijah'), ('XDG_SESSION_TYPE', 'x11'), ('GIT_ASKPASS', '/usr/share/code/resources/app/extensions/git/dist/askpass.sh'), ('SHLVL', '1'), ('LD_LIBRARY_PATH', '/opt/ros/humble/opt/rviz_ogre_vendor/lib:/opt/ros/humble/lib/x86_64-linux-gnu:/opt/ros/humble/lib::/home/elijah/convex-mpc-unitree-go2/third_party/acados/lib'), ('ACADOS_SOURCE_DIR', '/home/elijah/convex-mpc-unitree-go2/third_party/acados'), ('HOME', '/home/elijah'), ('CHROME_DESKTOP', 'code.desktop'), ('CONDA_SHLVL', '0'), ('OLDPWD', '/home/elijah/go2-convex-mpc'), ('TERM_PROGRAM_VERSION', '1.104.2'), ('DESKTOP_SESSION', 'ubuntu'), ('GIO_LAUNCHED_DESKTOP_FILE', '/usr/share/applications/code.desktop'), ('ROS_PYTHON_VERSION', '3'), ('GNOME_SHELL_SESSION_MODE', 'ubuntu'), ('GTK_MODULES', 'gail:atk-bridge'), ('VSCODE_GIT_ASKPASS_MAIN', '/usr/share/code/resources/app/extensions/git/dist/askpass-main.js'), ('VSCODE_GIT_ASKPASS_NODE', '/usr/share/code/code'), ('MANAGERPID', '1248'), ('PYDEVD_DISABLE_FILE_VALIDATION', '1'), ('SYSTEMD_EXEC_PID', '2230'), ('BUNDLED_DEBUGPY_PATH', '/home/elijah/.vscode/extensions/ms-python.debugpy-2025.18.0-linux-x64/bundled/libs/debugpy'), ('VSCODE_PYTHON_AUTOACTIVATE_GUARD', '1'), ('DBUS_SESSION_BUS_ADDRESS', 'unix:path=/run/user/1000/bus'), ('COLORTERM', 'truecolor'), ('_CE_M', ''), ('PYTHONNOUSERSITE', '1'), ('_CONDA_ROOT', '/home/elijah/miniconda3'), ('GIO_LAUNCHED_DESKTOP_FILE_PID', '19285'), ('ROS_DISTRO', 'humble'), ('GTK_IM_MODULE', 'ibus'), ('LOGNAME', 'elijah'), ('JOURNAL_STREAM', '8:23301'), ('_', '/usr/bin/colcon'), ('ROS_VERSION', '2'), ('XDG_SESSION_CLASS', 'user'), ('USERNAME', 'elijah'), ('TERM', 'xterm-256color'), ('GNOME_DESKTOP_SESSION_ID', 'this-is-deprecated'), ('_CE_CONDA', ''), ('ROS_LOCALHOST_ONLY', '0'), ('WINDOWPATH', '2'), ('PATH', '/opt/ros/humble/bin:/home/elijah/MATLAB/R2025b/bin:/home/elijah/.local/bin:/home/elijah/MATLAB/R2025b/bin:/home/elijah/miniconda3/condabin:/home/elijah/.local/bin:/usr/local/sbin:/usr/local/bin:/usr/sbin:/usr/bin:/sbin:/bin:/usr/games:/usr/local/games:/snap/bin:/snap/bin:/home/elijah/.vscode/extensions/ms-python.debugpy-2025.18.0-linux-x64/bundled/scripts/noConfigScripts:/home/elijah/.config/Code/User/globalStorage/github.copilot-chat/debugCommand'), ('SESSION_MANAGER', 'local/blade14:@/tmp/.ICE-unix/2191,unix/blade14:/tmp/.ICE-unix/2191'), ('INVOCATION_ID', '2334c8eb0f6b414eb551b517251acb30'), ('XDG_MENU_PREFIX', 'gnome-'), ('XDG_RUNTIME_DIR', '/run/user/1000'), ('GDK_BACKEND', 'x11'), ('DISPLAY', ':0'), ('VSCODE_DEBUGPY_ADAPTER_ENDPOINTS', '/home/elijah/.vscode/extensions/ms-python.debugpy-2025.18.0-linux-x64/.noConfigDebugAdapterEndpoints/endpoint-e8e5ede5e48c9972.txt'), ('LANG', 'en_US.UTF-8'), ('XDG_CURRENT_DESKTOP', 'Unity'), ('PYTHONSTARTUP', '/home/elijah/.config/Code/User/workspaceStorage/3f9c70443e8b64211a210c374fcd3635/ms-python.python/pythonrc.py'), ('XMODIFIERS', '@im=ibus'), ('XDG_SESSION_DESKTOP', 'ubuntu'), ('XAUTHORITY', '/run/user/1000/gdm/Xauthority'), ('LS_COLORS', 'rs=0:di=01;34:ln=01;36:mh=00:pi=40;33:so=01;35:do=01;35:bd=40;33;01:cd=40;33;01:or=40;31;01:mi=00:su=37;41:sg=30;43:ca=30;41:tw=30;42:ow=34;42:st=37;44:ex=01;32:*.tar=01;31:*.tgz=01;31:*.arc=01;31:*.arj=01;31:*.taz=01;31:*.lha=01;31:*.lz4=01;31:*.lzh=01;31:*.lzma=01;31:*.tlz=01;31:*.txz=01;31:*.tzo=01;31:*.t7z=01;31:*.zip=01;31:*.z=01;31:*.dz=01;31:*.gz=01;31:*.lrz=01;31:*.lz=01;31:*.lzo=01;31:*.xz=01;31:*.zst=01;31:*.tzst=01;31:*.bz2=01;31:*.bz=01;31:*.tbz=01;31:*.tbz2=01;31:*.tz=01;31:*.deb=01;31:*.rpm=01;31:*.jar=01;31:*.war=01;31:*.ear=01;31:*.sar=01;31:*.rar=01;31:*.alz=01;31:*.ace=01;31:*.zoo=01;31:*.cpio=01;31:*.7z=01;31:*.rz=01;31:*.cab=01;31:*.wim=01;31:*.swm=01;31:*.dwm=01;31:*.esd=01;31:*.jpg=01;35:*.jpeg=01;35:*.mjpg=01;35:*.mjpeg=01;35:*.gif=01;35:*.bmp=01;35:*.pbm=01;35:*.pgm=01;35:*.ppm=01;35:*.tga=01;35:*.xbm=01;35:*.xpm=01;35:*.tif=01;35:*.tiff=01;35:*.png=01;35:*.svg=01;35:*.svgz=01;35:*.mng=01;35:*.pcx=01;35:*.mov=01;35:*.mpg=01;35:*.mpeg=01;35:*.m2v=01;35:*.mkv=01;35:*.webm=01;35:*.webp=01;35:*.ogm=01;35:*.mp4=01;35:*.m4v=01;35:*.mp4v=01;35:*.vob=01;35:*.qt=01;35:*.nuv=01;35:*.wmv=01;35:*.asf=01;35:*.rm=01;35:*.rmvb=01;35:*.flc=01;35:*.avi=01;35:*.fli=01;35:*.flv=01;35:*.gl=01;35:*.dl=01;35:*.xcf=01;35:*.xwd=01;35:*.yuv=01;35:*.cgm=01;35:*.emf=01;35:*.ogv=01;35:*.ogx=01;35:*.aac=00;36:*.au=00;36:*.flac=00;36:*.m4a=00;36:*.mid=00;36:*.midi=00;36:*.mka=00;36:*.mp3=00;36:*.mpc=00;36:*.ogg=00;36:*.ra=00;36:*.wav=00;36:*.oga=00;36:*.opus=00;36:*.spx=00;36:*.xspf=00;36:'), ('VSCODE_GIT_IPC_HANDLE', '/run/user/1000/vscode-git-220767a3ce.sock'), ('TERM_PROGRAM', 'vscode'), ('SSH_AGENT_LAUNCHER', 'gnome-keyring'), ('SSH_AUTH_SOCK', '/run/user/1000/keyring/ssh'), ('AMENT_PREFIX_PATH', '/opt/ros/humble'), ('CONDA_PYTHON_EXE', '/home/elijah/miniconda3/bin/python'), ('ORIGINAL_XDG_CURRENT_DESKTOP', 'ubuntu:GNOME'), ('SHELL', '/bin/bash'), ('QT_ACCESSIBILITY', '1'), ('GDMSESSION', 'ubuntu'), ('LESSCLOSE', '/usr/bin/lesspipe %s %s'), ('CONDA_DEFAULT_ENV', ''), ('GPG_AGENT_INFO', '/run/user/1000/gnupg/S.gpg-agent:0:1'), ('GJS_DEBUG_OUTPUT', 'stderr'), ('_CONDA_EXE', '/home/elijah/miniconda3/bin/conda'), ('VSCODE_GIT_ASKPASS_EXTRA_ARGS', ''), ('QT_IM_MODULE', 'ibus'), ('PWD', '/home/elijah/go2-convex-mpc/ros2_ws/build/unitree_go'), ('XDG_CONFIG_DIRS', '/etc/xdg/xdg-ubuntu:/etc/xdg'), ('CONDA_EXE', '/home/elijah/miniconda3/bin/conda'), ('XDG_DATA_DIRS', '/usr/share/ubuntu:/usr/share/gnome:/usr/local/share/:/usr/share/:/var/lib/snapd/desktop'), ('PYTHONPATH', '/opt/ros/humble/lib/python3.10/site-packages:/opt/ros/humble/local/lib/python3.10/dist-packages'), ('CONDA_PREFIX', ''), ('COLCON', '1'), ('CMAKE_PREFIX_PATH', '/opt/ros/humble')]), 'shell': False}
[1.502985] (-) TimerEvent: {}
[1.546442] (unitree_go) StdoutLine: {'line': b'[  0%] \x1b[34m\x1b[1mGenerating C code for ROS interfaces\x1b[0m\n'}
[1.553626] (unitree_go) StdoutLine: {'line': b'[  0%] \x1b[34m\x1b[1mGenerating DDS interfaces\x1b[0m\n'}
[1.561082] (unitree_go) StdoutLine: {'line': b'[  0%] \x1b[34m\x1b[1mGenerating C++ code for ROS interfaces\x1b[0m\n'}
[1.576678] (unitree_go) StdoutLine: {'line': b'[  0%] Built target ament_cmake_python_symlink_unitree_go\n'}
[1.603599] (-) TimerEvent: {}
[1.705937] (-) TimerEvent: {}
[1.715284] (unitree_api) StdoutLine: {'line': b'running egg_info\n'}
[1.715575] (unitree_api) StdoutLine: {'line': b'creating unitree_api.egg-info\n'}
[1.716072] (unitree_api) StdoutLine: {'line': b'writing unitree_api.egg-info/PKG-INFO\n'}
[1.716190] (unitree_api) StdoutLine: {'line': b'writing dependency_links to unitree_api.egg-info/dependency_links.txt\n'}
[1.716307] (unitree_api) StdoutLine: {'line': b'writing top-level names to unitree_api.egg-info/top_level.txt\n'}
[1.716436] (unitree_api) StdoutLine: {'line': b"writing manifest file 'unitree_api.egg-info/SOURCES.txt'\n"}
[1.720116] (unitree_api) StdoutLine: {'line': b"reading manifest file 'unitree_api.egg-info/SOURCES.txt'\n"}
[1.720835] (unitree_api) StdoutLine: {'line': b"writing manifest file 'unitree_api.egg-info/SOURCES.txt'\n"}
[1.761178] (unitree_hg) StdoutLine: {'line': b'running egg_info\n'}
[1.764946] (unitree_hg) StdoutLine: {'line': b'creating unitree_hg.egg-info\n'}
[1.769849] (unitree_hg) StdoutLine: {'line': b'writing unitree_hg.egg-info/PKG-INFO\n'}
[1.770371] (unitree_hg) StdoutLine: {'line': b'writing dependency_links to unitree_hg.egg-info/dependency_links.txt\n'}
[1.770795] (unitree_hg) StdoutLine: {'line': b'writing top-level names to unitree_hg.egg-info/top_level.txt\n'}
[1.773678] (unitree_hg) StdoutLine: {'line': b"writing manifest file 'unitree_hg.egg-info/SOURCES.txt'\n"}
[1.781705] (unitree_hg) StdoutLine: {'line': b"reading manifest file 'unitree_hg.egg-info/SOURCES.txt'\n"}
[1.782782] (unitree_hg) StdoutLine: {'line': b"writing manifest file 'unitree_hg.egg-info/SOURCES.txt'\n"}
[1.806035] (-) TimerEvent: {}
[1.829409] (unitree_api) StdoutLine: {'line': b'[  3%] Built target ament_cmake_python_build_unitree_api_egg\n'}
[1.895697] (unitree_hg) StdoutLine: {'line': b'[  2%] Built target ament_cmake_python_build_unitree_hg_egg\n'}
[1.906159] (-) TimerEvent: {}
[1.913597] (unitree_api) StdoutLine: {'line': b'[  3%] Built target unitree_api__dds_connext_idl\n'}
[1.980367] (unitree_go) StdoutLine: {'line': b'running egg_info\n'}
[1.981360] (unitree_go) StdoutLine: {'line': b'creating unitree_go.egg-info\n'}
[1.981841] (unitree_go) StdoutLine: {'line': b'writing unitree_go.egg-info/PKG-INFO\n'}
[1.981988] (unitree_go) StdoutLine: {'line': b'writing dependency_links to unitree_go.egg-info/dependency_links.txt\n'}
[1.982645] (unitree_go) StdoutLine: {'line': b'writing top-level names to unitree_go.egg-info/top_level.txt\n'}
[1.982774] (unitree_go) StdoutLine: {'line': b"writing manifest file 'unitree_go.egg-info/SOURCES.txt'\n"}
[1.984845] (unitree_go) StdoutLine: {'line': b"reading manifest file 'unitree_go.egg-info/SOURCES.txt'\n"}
[1.985474] (unitree_go) StdoutLine: {'line': b"writing manifest file 'unitree_go.egg-info/SOURCES.txt'\n"}
[2.006256] (-) TimerEvent: {}
[2.051482] (unitree_go) StdoutLine: {'line': b'[  0%] Built target ament_cmake_python_build_unitree_go_egg\n'}
[2.108248] (-) TimerEvent: {}
[2.169316] (unitree_api) StdoutLine: {'line': b'[  3%] Built target unitree_api__cpp\n'}
[2.188938] (unitree_api) StdoutLine: {'line': b'[  6%] \x1b[34m\x1b[1mGenerating C++ type support dispatch for ROS interfaces\x1b[0m\n'}
[2.189263] (unitree_api) StdoutLine: {'line': b'[  6%] \x1b[34m\x1b[1mGenerating C++ introspection for ROS interfaces\x1b[0m\n'}
[2.189426] (unitree_api) StdoutLine: {'line': b'[  6%] \x1b[34m\x1b[1mGenerating C++ type support for eProsima Fast-RTPS\x1b[0m\n'}
[2.210690] (-) TimerEvent: {}
[2.299604] (unitree_hg) StdoutLine: {'line': b'[  2%] Built target unitree_hg__dds_connext_idl\n'}
[2.310814] (-) TimerEvent: {}
[2.375750] (unitree_api) StdoutLine: {'line': b'[  9%] \x1b[32mBuilding C object CMakeFiles/unitree_api__rosidl_generator_c.dir/rosidl_generator_c/unitree_api/msg/detail/request_identity__functions.c.o\x1b[0m\n'}
[2.377092] (unitree_api) StdoutLine: {'line': b'[  9%] \x1b[32mBuilding C object CMakeFiles/unitree_api__rosidl_generator_c.dir/rosidl_generator_c/unitree_api/msg/detail/request_lease__functions.c.o\x1b[0m\n'}
[2.377613] (unitree_api) StdoutLine: {'line': b'[ 10%] \x1b[32mBuilding C object CMakeFiles/unitree_api__rosidl_generator_c.dir/rosidl_generator_c/unitree_api/msg/detail/request__functions.c.o\x1b[0m\n'}
[2.377748] (unitree_api) StdoutLine: {'line': b'[ 11%] \x1b[32mBuilding C object CMakeFiles/unitree_api__rosidl_generator_c.dir/rosidl_generator_c/unitree_api/msg/detail/response_header__functions.c.o\x1b[0m\n'}
[2.378612] (unitree_api) StdoutLine: {'line': b'[ 12%] \x1b[32mBuilding C object CMakeFiles/unitree_api__rosidl_generator_c.dir/rosidl_generator_c/unitree_api/msg/detail/request_header__functions.c.o\x1b[0m\n'}
[2.379028] (unitree_api) StdoutLine: {'line': b'[ 13%] \x1b[32mBuilding C object CMakeFiles/unitree_api__rosidl_generator_c.dir/rosidl_generator_c/unitree_api/msg/detail/response__functions.c.o\x1b[0m\n'}
[2.382930] (unitree_api) StdoutLine: {'line': b'[ 14%] \x1b[32mBuilding C object CMakeFiles/unitree_api__rosidl_generator_c.dir/rosidl_generator_c/unitree_api/msg/detail/request_policy__functions.c.o\x1b[0m\n'}
[2.387274] (unitree_api) StdoutLine: {'line': b'[ 15%] \x1b[32mBuilding C object CMakeFiles/unitree_api__rosidl_generator_c.dir/rosidl_generator_c/unitree_api/msg/detail/response_status__functions.c.o\x1b[0m\n'}
[2.410907] (-) TimerEvent: {}
[2.480183] (unitree_api) StdoutLine: {'line': b'[ 17%] \x1b[32m\x1b[1mLinking C shared library libunitree_api__rosidl_generator_c.so\x1b[0m\n'}
[2.511033] (-) TimerEvent: {}
[2.568768] (unitree_api) StdoutLine: {'line': b'[ 17%] Built target unitree_api__rosidl_generator_c\n'}
[2.598082] (unitree_api) StdoutLine: {'line': b'[ 18%] \x1b[34m\x1b[1mGenerating C type support dispatch for ROS interfaces\x1b[0m\n'}
[2.615376] (unitree_api) StdoutLine: {'line': b'[ 19%] \x1b[34m\x1b[1mGenerating C introspection for ROS interfaces\x1b[0m\n'}
[2.616319] (-) TimerEvent: {}
[2.616688] (unitree_api) StdoutLine: {'line': b'[ 20%] \x1b[34m\x1b[1mGenerating C type support for eProsima Fast-RTPS\x1b[0m\n'}
[2.719615] (-) TimerEvent: {}
[2.802939] (unitree_hg) StdoutLine: {'line': b'[  3%] \x1b[32mBuilding C object CMakeFiles/unitree_hg__rosidl_generator_c.dir/rosidl_generator_c/unitree_hg/msg/detail/bms_cmd__functions.c.o\x1b[0m\n'}
[2.805248] (unitree_hg) StdoutLine: {'line': b'[  4%] \x1b[32mBuilding C object CMakeFiles/unitree_hg__rosidl_generator_c.dir/rosidl_generator_c/unitree_hg/msg/detail/hand_cmd__functions.c.o\x1b[0m\n'}
[2.806722] (unitree_hg) StdoutLine: {'line': b'[  5%] \x1b[32mBuilding C object CMakeFiles/unitree_hg__rosidl_generator_c.dir/rosidl_generator_c/unitree_hg/msg/detail/bms_state__functions.c.o\x1b[0m\n'}
[2.817902] (unitree_hg) StdoutLine: {'line': b'[  6%] \x1b[32mBuilding C object CMakeFiles/unitree_hg__rosidl_generator_c.dir/rosidl_generator_c/unitree_hg/msg/detail/imu_state__functions.c.o\x1b[0m\n'}
[2.819168] (unitree_hg) StdoutLine: {'line': b'[  7%] \x1b[32mBuilding C object CMakeFiles/unitree_hg__rosidl_generator_c.dir/rosidl_generator_c/unitree_hg/msg/detail/hand_state__functions.c.o\x1b[0m\n'}
[2.819893] (-) TimerEvent: {}
[2.836689] (unitree_hg) StdoutLine: {'line': b'[  7%] \x1b[32mBuilding C object CMakeFiles/unitree_hg__rosidl_generator_c.dir/rosidl_generator_c/unitree_hg/msg/detail/low_cmd__functions.c.o\x1b[0m\n'}
[2.842749] (unitree_hg) StdoutLine: {'line': b'[  8%] \x1b[32mBuilding C object CMakeFiles/unitree_hg__rosidl_generator_c.dir/rosidl_generator_c/unitree_hg/msg/detail/low_state__functions.c.o\x1b[0m\n'}
[2.858697] (unitree_hg) StdoutLine: {'line': b'[  9%] \x1b[32mBuilding C object CMakeFiles/unitree_hg__rosidl_generator_c.dir/rosidl_generator_c/unitree_hg/msg/detail/main_board_state__functions.c.o\x1b[0m\n'}
[2.869684] (unitree_hg) StdoutLine: {'line': b'[ 10%] \x1b[32mBuilding C object CMakeFiles/unitree_hg__rosidl_generator_c.dir/rosidl_generator_c/unitree_hg/msg/detail/motor_cmd__functions.c.o\x1b[0m\n'}
[2.870763] (unitree_hg) StdoutLine: {'line': b'[ 11%] \x1b[32mBuilding C object CMakeFiles/unitree_hg__rosidl_generator_c.dir/rosidl_generator_c/unitree_hg/msg/detail/press_sensor_state__functions.c.o\x1b[0m\n'}
[2.871015] (unitree_hg) StdoutLine: {'line': b'[ 12%] \x1b[32mBuilding C object CMakeFiles/unitree_hg__rosidl_generator_c.dir/rosidl_generator_c/unitree_hg/msg/detail/motor_state__functions.c.o\x1b[0m\n'}
[2.871669] (unitree_hg) StdoutLine: {'line': b'[ 12%] Built target unitree_hg__cpp\n'}
[2.920055] (-) TimerEvent: {}
[2.951412] (unitree_hg) StdoutLine: {'line': b'[ 13%] \x1b[34m\x1b[1mGenerating C++ type support for eProsima Fast-RTPS\x1b[0m\n'}
[2.959140] (unitree_hg) StdoutLine: {'line': b'[ 14%] \x1b[34m\x1b[1mGenerating C++ type support dispatch for ROS interfaces\x1b[0m\n'}
[2.960844] (unitree_hg) StdoutLine: {'line': b'[ 15%] \x1b[34m\x1b[1mGenerating C++ introspection for ROS interfaces\x1b[0m\n'}
[2.974260] (unitree_api) StdoutLine: {'line': b'[ 21%] \x1b[32mBuilding CXX object CMakeFiles/unitree_api__rosidl_typesupport_cpp.dir/rosidl_typesupport_cpp/unitree_api/msg/request__type_support.cpp.o\x1b[0m\n'}
[2.978786] (unitree_api) StdoutLine: {'line': b'[ 22%] \x1b[32mBuilding CXX object CMakeFiles/unitree_api__rosidl_typesupport_cpp.dir/rosidl_typesupport_cpp/unitree_api/msg/request_identity__type_support.cpp.o\x1b[0m\n'}
[2.996725] (unitree_api) StdoutLine: {'line': b'[ 23%] \x1b[32mBuilding CXX object CMakeFiles/unitree_api__rosidl_typesupport_cpp.dir/rosidl_typesupport_cpp/unitree_api/msg/request_header__type_support.cpp.o\x1b[0m\n'}
[2.997545] (unitree_api) StdoutLine: {'line': b'[ 25%] \x1b[32mBuilding CXX object CMakeFiles/unitree_api__rosidl_typesupport_cpp.dir/rosidl_typesupport_cpp/unitree_api/msg/response__type_support.cpp.o\x1b[0m\n'}
[3.004887] (unitree_api) StdoutLine: {'line': b'[ 26%] \x1b[32mBuilding CXX object CMakeFiles/unitree_api__rosidl_typesupport_cpp.dir/rosidl_typesupport_cpp/unitree_api/msg/response_status__type_support.cpp.o\x1b[0m\n'}
[3.010002] (unitree_api) StdoutLine: {'line': b'[ 27%] \x1b[32mBuilding CXX object CMakeFiles/unitree_api__rosidl_typesupport_cpp.dir/rosidl_typesupport_cpp/unitree_api/msg/request_policy__type_support.cpp.o\x1b[0m\n'}
[3.011011] (unitree_api) StdoutLine: {'line': b'[ 28%] \x1b[32mBuilding CXX object CMakeFiles/unitree_api__rosidl_typesupport_cpp.dir/rosidl_typesupport_cpp/unitree_api/msg/response_header__type_support.cpp.o\x1b[0m\n'}
[3.020264] (-) TimerEvent: {}
[3.032782] (unitree_api) StdoutLine: {'line': b'[ 29%] \x1b[32mBuilding CXX object CMakeFiles/unitree_api__rosidl_typesupport_cpp.dir/rosidl_typesupport_cpp/unitree_api/msg/request_lease__type_support.cpp.o\x1b[0m\n'}
[3.105925] (unitree_api) StdoutLine: {'line': b'[ 30%] \x1b[32mBuilding CXX object CMakeFiles/unitree_api__rosidl_typesupport_introspection_cpp.dir/rosidl_typesupport_introspection_cpp/unitree_api/msg/detail/request__type_support.cpp.o\x1b[0m\n'}
[3.113812] (unitree_api) StdoutLine: {'line': b'[ 31%] \x1b[32mBuilding CXX object CMakeFiles/unitree_api__rosidl_typesupport_introspection_cpp.dir/rosidl_typesupport_introspection_cpp/unitree_api/msg/detail/request_identity__type_support.cpp.o\x1b[0m\n'}
[3.120427] (-) TimerEvent: {}
[3.120941] (unitree_api) StdoutLine: {'line': b'[ 32%] \x1b[32mBuilding CXX object CMakeFiles/unitree_api__rosidl_typesupport_introspection_cpp.dir/rosidl_typesupport_introspection_cpp/unitree_api/msg/detail/request_header__type_support.cpp.o\x1b[0m\n'}
[3.129882] (unitree_hg) StdoutLine: {'line': b'[ 16%] \x1b[32m\x1b[1mLinking C shared library libunitree_hg__rosidl_generator_c.so\x1b[0m\n'}
[3.131218] (unitree_api) StdoutLine: {'line': b'[ 34%] \x1b[32mBuilding CXX object CMakeFiles/unitree_api__rosidl_typesupport_introspection_cpp.dir/rosidl_typesupport_introspection_cpp/unitree_api/msg/detail/request_lease__type_support.cpp.o\x1b[0m\n'}
[3.220528] (-) TimerEvent: {}
[3.301729] (unitree_hg) StdoutLine: {'line': b'[ 16%] Built target unitree_hg__rosidl_generator_c\n'}
[3.320737] (-) TimerEvent: {}
[3.358451] (unitree_hg) StdoutLine: {'line': b'[ 16%] \x1b[34m\x1b[1mGenerating C type support for eProsima Fast-RTPS\x1b[0m\n'}
[3.374243] (unitree_hg) StdoutLine: {'line': b'[ 16%] \x1b[34m\x1b[1mGenerating C type support dispatch for ROS interfaces\x1b[0m\n'}
[3.375180] (unitree_hg) StdoutLine: {'line': b'[ 16%] \x1b[34m\x1b[1mGenerating C introspection for ROS interfaces\x1b[0m\n'}
[3.421733] (-) TimerEvent: {}
[3.522779] (-) TimerEvent: {}
[3.633316] (-) TimerEvent: {}
[3.635935] (unitree_go) StdoutLine: {'line': b'[  0%] Built target unitree_go__dds_connext_idl\n'}
[3.733549] (-) TimerEvent: {}
[3.835667] (-) TimerEvent: {}
[3.856814] (unitree_api) StdoutLine: {'line': b'[ 35%] \x1b[32mBuilding CXX object CMakeFiles/unitree_api__rosidl_typesupport_introspection_cpp.dir/rosidl_typesupport_introspection_cpp/unitree_api/msg/detail/request_policy__type_support.cpp.o\x1b[0m\n'}
[3.880567] (unitree_api) StdoutLine: {'line': b'[ 36%] \x1b[32mBuilding CXX object CMakeFiles/unitree_api__rosidl_typesupport_introspection_cpp.dir/rosidl_typesupport_introspection_cpp/unitree_api/msg/detail/response__type_support.cpp.o\x1b[0m\n'}
[3.899186] (unitree_api) StdoutLine: {'line': b'[ 37%] \x1b[32mBuilding CXX object CMakeFiles/unitree_api__rosidl_typesupport_introspection_cpp.dir/rosidl_typesupport_introspection_cpp/unitree_api/msg/detail/response_header__type_support.cpp.o\x1b[0m\n'}
[3.935879] (-) TimerEvent: {}
[3.967048] (unitree_api) StdoutLine: {'line': b'[ 38%] \x1b[32mBuilding CXX object CMakeFiles/unitree_api__rosidl_typesupport_introspection_cpp.dir/rosidl_typesupport_introspection_cpp/unitree_api/msg/detail/response_status__type_support.cpp.o\x1b[0m\n'}
[3.968939] (unitree_api) StdoutLine: {'line': b'[ 39%] \x1b[32mBuilding CXX object CMakeFiles/unitree_api__rosidl_typesupport_fastrtps_cpp.dir/rosidl_typesupport_fastrtps_cpp/unitree_api/msg/detail/dds_fastrtps/request_header__type_support.cpp.o\x1b[0m\n'}
[3.977810] (unitree_api) StdoutLine: {'line': b'[ 40%] \x1b[32mBuilding CXX object CMakeFiles/unitree_api__rosidl_typesupport_fastrtps_cpp.dir/rosidl_typesupport_fastrtps_cpp/unitree_api/msg/detail/dds_fastrtps/request_identity__type_support.cpp.o\x1b[0m\n'}
[3.982797] (unitree_api) StdoutLine: {'line': b'[ 42%] \x1b[32mBuilding CXX object CMakeFiles/unitree_api__rosidl_typesupport_fastrtps_cpp.dir/rosidl_typesupport_fastrtps_cpp/unitree_api/msg/detail/dds_fastrtps/request__type_support.cpp.o\x1b[0m\n'}
[4.038436] (-) TimerEvent: {}
[4.065058] (unitree_api) StdoutLine: {'line': b'[ 43%] \x1b[32mBuilding CXX object CMakeFiles/unitree_api__rosidl_typesupport_fastrtps_cpp.dir/rosidl_typesupport_fastrtps_cpp/unitree_api/msg/detail/dds_fastrtps/request_lease__type_support.cpp.o\x1b[0m\n'}
[4.100791] (unitree_api) StdoutLine: {'line': b'[ 44%] \x1b[32mBuilding CXX object CMakeFiles/unitree_api__rosidl_typesupport_c.dir/rosidl_typesupport_c/unitree_api/msg/request__type_support.cpp.o\x1b[0m\n'}
[4.138566] (-) TimerEvent: {}
[4.211604] (unitree_api) StdoutLine: {'line': b'[ 45%] \x1b[32mBuilding CXX object CMakeFiles/unitree_api__rosidl_typesupport_c.dir/rosidl_typesupport_c/unitree_api/msg/request_header__type_support.cpp.o\x1b[0m\n'}
[4.238675] (-) TimerEvent: {}
[4.267854] (unitree_api) StdoutLine: {'line': b'[ 46%] \x1b[32m\x1b[1mLinking CXX shared library libunitree_api__rosidl_typesupport_cpp.so\x1b[0m\n'}
[4.340708] (unitree_api) StdoutLine: {'line': b'[ 47%] \x1b[32mBuilding CXX object CMakeFiles/unitree_api__rosidl_typesupport_c.dir/rosidl_typesupport_c/unitree_api/msg/request_identity__type_support.cpp.o\x1b[0m\n'}
[4.341025] (-) TimerEvent: {}
[4.414272] (unitree_api) StdoutLine: {'line': b'[ 48%] \x1b[32mBuilding CXX object CMakeFiles/unitree_api__rosidl_typesupport_c.dir/rosidl_typesupport_c/unitree_api/msg/request_lease__type_support.cpp.o\x1b[0m\n'}
[4.441333] (-) TimerEvent: {}
[4.458877] (unitree_api) StdoutLine: {'line': b'[ 48%] Built target unitree_api__rosidl_typesupport_cpp\n'}
[4.481319] (unitree_api) StdoutLine: {'line': b'[ 51%] \x1b[32mBuilding CXX object CMakeFiles/unitree_api__rosidl_typesupport_fastrtps_cpp.dir/rosidl_typesupport_fastrtps_cpp/unitree_api/msg/detail/dds_fastrtps/response__type_support.cpp.o\x1b[0m\n'}
[4.484946] (unitree_api) StdoutLine: {'line': b'[ 51%] \x1b[32mBuilding CXX object CMakeFiles/unitree_api__rosidl_typesupport_fastrtps_cpp.dir/rosidl_typesupport_fastrtps_cpp/unitree_api/msg/detail/dds_fastrtps/request_policy__type_support.cpp.o\x1b[0m\n'}
[4.499038] (unitree_api) StdoutLine: {'line': b'[ 52%] \x1b[32mBuilding CXX object CMakeFiles/unitree_api__rosidl_typesupport_c.dir/rosidl_typesupport_c/unitree_api/msg/request_policy__type_support.cpp.o\x1b[0m\n'}
[4.503158] (unitree_api) StdoutLine: {'line': b'[ 53%] \x1b[32mBuilding CXX object CMakeFiles/unitree_api__rosidl_typesupport_c.dir/rosidl_typesupport_c/unitree_api/msg/response__type_support.cpp.o\x1b[0m\n'}
[4.528679] (unitree_api) StdoutLine: {'line': b'[ 54%] \x1b[32mBuilding C object CMakeFiles/unitree_api__rosidl_typesupport_introspection_c.dir/rosidl_typesupport_introspection_c/unitree_api/msg/detail/request__type_support.c.o\x1b[0m\n'}
[4.541966] (-) TimerEvent: {}
[4.611442] (unitree_api) StdoutLine: {'line': b'[ 55%] \x1b[32mBuilding CXX object CMakeFiles/unitree_api__rosidl_typesupport_fastrtps_c.dir/rosidl_typesupport_fastrtps_c/unitree_api/msg/detail/request__type_support_c.cpp.o\x1b[0m\n'}
[4.612785] (unitree_api) StdoutLine: {'line': b'[ 56%] \x1b[32mBuilding C object CMakeFiles/unitree_api__rosidl_typesupport_introspection_c.dir/rosidl_typesupport_introspection_c/unitree_api/msg/detail/request_header__type_support.c.o\x1b[0m\n'}
[4.643604] (-) TimerEvent: {}
[4.650467] (unitree_api) StdoutLine: {'line': b'[ 57%] \x1b[32mBuilding CXX object CMakeFiles/unitree_api__rosidl_typesupport_c.dir/rosidl_typesupport_c/unitree_api/msg/response_header__type_support.cpp.o\x1b[0m\n'}
[4.680170] (unitree_api) StdoutLine: {'line': b'[ 59%] \x1b[32mBuilding CXX object CMakeFiles/unitree_api__rosidl_typesupport_fastrtps_cpp.dir/rosidl_typesupport_fastrtps_cpp/unitree_api/msg/detail/dds_fastrtps/response_header__type_support.cpp.o\x1b[0m\n'}
[4.726990] (unitree_api) StdoutLine: {'line': b'[ 60%] \x1b[32mBuilding C object CMakeFiles/unitree_api__rosidl_typesupport_introspection_c.dir/rosidl_typesupport_introspection_c/unitree_api/msg/detail/request_identity__type_support.c.o\x1b[0m\n'}
[4.737963] (unitree_api) StdoutLine: {'line': b'[ 61%] \x1b[32mBuilding CXX object CMakeFiles/unitree_api__rosidl_typesupport_fastrtps_c.dir/rosidl_typesupport_fastrtps_c/unitree_api/msg/detail/request_header__type_support_c.cpp.o\x1b[0m\n'}
[4.745687] (-) TimerEvent: {}
[4.746569] (unitree_api) StdoutLine: {'line': b'[ 62%] \x1b[32mBuilding CXX object CMakeFiles/unitree_api__rosidl_typesupport_c.dir/rosidl_typesupport_c/unitree_api/msg/response_status__type_support.cpp.o\x1b[0m\n'}
[4.810394] (unitree_api) StdoutLine: {'line': b'[ 63%] \x1b[32mBuilding C object CMakeFiles/unitree_api__rosidl_typesupport_introspection_c.dir/rosidl_typesupport_introspection_c/unitree_api/msg/detail/request_lease__type_support.c.o\x1b[0m\n'}
[4.826115] (unitree_api) StdoutLine: {'line': b'[ 64%] \x1b[32m\x1b[1mLinking CXX shared library libunitree_api__rosidl_typesupport_c.so\x1b[0m\n'}
[4.837673] (unitree_api) StdoutLine: {'line': b'[ 65%] \x1b[32mBuilding CXX object CMakeFiles/unitree_api__rosidl_typesupport_fastrtps_c.dir/rosidl_typesupport_fastrtps_c/unitree_api/msg/detail/request_identity__type_support_c.cpp.o\x1b[0m\n'}
[4.845901] (-) TimerEvent: {}
[4.851389] (unitree_api) StdoutLine: {'line': b'[ 67%] \x1b[32mBuilding C object CMakeFiles/unitree_api__rosidl_typesupport_introspection_c.dir/rosidl_typesupport_introspection_c/unitree_api/msg/detail/request_policy__type_support.c.o\x1b[0m\n'}
[4.946007] (-) TimerEvent: {}
[4.988898] (unitree_api) StdoutLine: {'line': b'[ 69%] \x1b[32mBuilding CXX object CMakeFiles/unitree_api__rosidl_typesupport_fastrtps_cpp.dir/rosidl_typesupport_fastrtps_cpp/unitree_api/msg/detail/dds_fastrtps/response_status__type_support.cpp.o\x1b[0m\n'}
[4.989756] (unitree_api) StdoutLine: {'line': b'[ 69%] \x1b[32mBuilding C object CMakeFiles/unitree_api__rosidl_typesupport_introspection_c.dir/rosidl_typesupport_introspection_c/unitree_api/msg/detail/response__type_support.c.o\x1b[0m\n'}
[5.016428] (unitree_api) StdoutLine: {'line': b'[ 70%] \x1b[32mBuilding CXX object CMakeFiles/unitree_api__rosidl_typesupport_fastrtps_c.dir/rosidl_typesupport_fastrtps_c/unitree_api/msg/detail/request_lease__type_support_c.cpp.o\x1b[0m\n'}
[5.033788] (unitree_api) StdoutLine: {'line': b'[ 70%] Built target unitree_api__rosidl_typesupport_c\n'}
[5.049664] (-) TimerEvent: {}
[5.072466] (unitree_api) StdoutLine: {'line': b'[ 71%] \x1b[32mBuilding CXX object CMakeFiles/unitree_api__rosidl_typesupport_fastrtps_c.dir/rosidl_typesupport_fastrtps_c/unitree_api/msg/detail/request_policy__type_support_c.cpp.o\x1b[0m\n'}
[5.090070] (unitree_api) StdoutLine: {'line': b'[ 72%] \x1b[32mBuilding C object CMakeFiles/unitree_api__rosidl_typesupport_introspection_c.dir/rosidl_typesupport_introspection_c/unitree_api/msg/detail/response_header__type_support.c.o\x1b[0m\n'}
[5.149794] (-) TimerEvent: {}
[5.209878] (unitree_api) StdoutLine: {'line': b'[ 73%] \x1b[32mBuilding C object CMakeFiles/unitree_api__rosidl_typesupport_introspection_c.dir/rosidl_typesupport_introspection_c/unitree_api/msg/detail/response_status__type_support.c.o\x1b[0m\n'}
[5.255676] (-) TimerEvent: {}
[5.281673] (unitree_hg) StdoutLine: {'line': b'[ 17%] \x1b[32mBuilding CXX object CMakeFiles/unitree_hg__rosidl_typesupport_introspection_cpp.dir/rosidl_typesupport_introspection_cpp/unitree_hg/msg/detail/low_cmd__type_support.cpp.o\x1b[0m\n'}
[5.282010] (unitree_hg) StdoutLine: {'line': b'[ 18%] \x1b[32mBuilding CXX object CMakeFiles/unitree_hg__rosidl_typesupport_introspection_cpp.dir/rosidl_typesupport_introspection_cpp/unitree_hg/msg/detail/bms_cmd__type_support.cpp.o\x1b[0m\n'}
[5.285647] (unitree_hg) StdoutLine: {'line': b'[ 18%] \x1b[32mBuilding CXX object CMakeFiles/unitree_hg__rosidl_typesupport_introspection_cpp.dir/rosidl_typesupport_introspection_cpp/unitree_hg/msg/detail/hand_cmd__type_support.cpp.o\x1b[0m\n'}
[5.285965] (unitree_hg) StdoutLine: {'line': b'[ 19%] \x1b[32mBuilding CXX object CMakeFiles/unitree_hg__rosidl_typesupport_introspection_cpp.dir/rosidl_typesupport_introspection_cpp/unitree_hg/msg/detail/bms_state__type_support.cpp.o\x1b[0m\n'}
[5.295642] (unitree_hg) StdoutLine: {'line': b'[ 20%] \x1b[32mBuilding CXX object CMakeFiles/unitree_hg__rosidl_typesupport_introspection_cpp.dir/rosidl_typesupport_introspection_cpp/unitree_hg/msg/detail/hand_state__type_support.cpp.o\x1b[0m\n'}
[5.311228] (unitree_api) StdoutLine: {'line': b'[ 75%] \x1b[32mBuilding CXX object CMakeFiles/unitree_api__rosidl_typesupport_fastrtps_c.dir/rosidl_typesupport_fastrtps_c/unitree_api/msg/detail/response__type_support_c.cpp.o\x1b[0m\n'}
[5.315377] (unitree_api) StdoutLine: {'line': b'[ 76%] \x1b[32m\x1b[1mLinking CXX shared library libunitree_api__rosidl_typesupport_introspection_cpp.so\x1b[0m\n'}
[5.315938] (unitree_hg) StdoutLine: {'line': b'[ 21%] \x1b[32mBuilding CXX object CMakeFiles/unitree_hg__rosidl_typesupport_introspection_cpp.dir/rosidl_typesupport_introspection_cpp/unitree_hg/msg/detail/imu_state__type_support.cpp.o\x1b[0m\n'}
[5.338683] (unitree_hg) StdoutLine: {'line': b'[ 22%] \x1b[32mBuilding CXX object CMakeFiles/unitree_hg__rosidl_typesupport_introspection_cpp.dir/rosidl_typesupport_introspection_cpp/unitree_hg/msg/detail/low_state__type_support.cpp.o\x1b[0m\n'}
[5.342117] (unitree_hg) StdoutLine: {'line': b'[ 23%] \x1b[32mBuilding CXX object CMakeFiles/unitree_hg__rosidl_typesupport_introspection_cpp.dir/rosidl_typesupport_introspection_cpp/unitree_hg/msg/detail/main_board_state__type_support.cpp.o\x1b[0m\n'}
[5.356763] (-) TimerEvent: {}
[5.385685] (unitree_hg) StdoutLine: {'line': b'[ 24%] \x1b[32mBuilding CXX object CMakeFiles/unitree_hg__rosidl_typesupport_introspection_cpp.dir/rosidl_typesupport_introspection_cpp/unitree_hg/msg/detail/motor_cmd__type_support.cpp.o\x1b[0m\n'}
[5.386149] (unitree_hg) StdoutLine: {'line': b'[ 25%] \x1b[32mBuilding CXX object CMakeFiles/unitree_hg__rosidl_typesupport_introspection_cpp.dir/rosidl_typesupport_introspection_cpp/unitree_hg/msg/detail/motor_state__type_support.cpp.o\x1b[0m\n'}
[5.404523] (unitree_hg) StdoutLine: {'line': b'[ 26%] \x1b[32mBuilding CXX object CMakeFiles/unitree_hg__rosidl_typesupport_introspection_cpp.dir/rosidl_typesupport_introspection_cpp/unitree_hg/msg/detail/press_sensor_state__type_support.cpp.o\x1b[0m\n'}
[5.423508] (unitree_api) StdoutLine: {'line': b'[ 77%] \x1b[32m\x1b[1mLinking C shared library libunitree_api__rosidl_typesupport_introspection_c.so\x1b[0m\n'}
[5.449781] (unitree_api) StdoutLine: {'line': b'[ 78%] \x1b[32mBuilding CXX object CMakeFiles/unitree_api__rosidl_typesupport_fastrtps_c.dir/rosidl_typesupport_fastrtps_c/unitree_api/msg/detail/response_header__type_support_c.cpp.o\x1b[0m\n'}
[5.456882] (-) TimerEvent: {}
[5.459645] (unitree_hg) StdoutLine: {'line': b'[ 27%] \x1b[32mBuilding CXX object CMakeFiles/unitree_hg__rosidl_typesupport_cpp.dir/rosidl_typesupport_cpp/unitree_hg/msg/bms_cmd__type_support.cpp.o\x1b[0m\n'}
[5.557078] (-) TimerEvent: {}
[5.568457] (unitree_api) StdoutLine: {'line': b'[ 79%] \x1b[32mBuilding CXX object CMakeFiles/unitree_api__rosidl_typesupport_fastrtps_c.dir/rosidl_typesupport_fastrtps_c/unitree_api/msg/detail/response_status__type_support_c.cpp.o\x1b[0m\n'}
[5.657867] (-) TimerEvent: {}
[5.676382] (unitree_api) StdoutLine: {'line': b'[ 79%] Built target unitree_api__rosidl_typesupport_introspection_c\n'}
[5.764462] (-) TimerEvent: {}
[5.866680] (-) TimerEvent: {}
[5.937967] (unitree_api) StdoutLine: {'line': b'[ 79%] Built target unitree_api__rosidl_typesupport_introspection_cpp\n'}
[5.966824] (-) TimerEvent: {}
[6.074703] (-) TimerEvent: {}
[6.175239] (-) TimerEvent: {}
[6.275707] (-) TimerEvent: {}
[6.378711] (-) TimerEvent: {}
[6.399669] (unitree_go) StdoutLine: {'line': b'[  2%] \x1b[32mBuilding C object CMakeFiles/unitree_go__rosidl_generator_c.dir/rosidl_generator_c/unitree_go/msg/detail/audio_data__functions.c.o\x1b[0m\n'}
[6.400769] (unitree_go) StdoutLine: {'line': b'[  2%] \x1b[32mBuilding C object CMakeFiles/unitree_go__rosidl_generator_c.dir/rosidl_generator_c/unitree_go/msg/detail/bms_state__functions.c.o\x1b[0m\n'}
[6.402752] (unitree_go) StdoutLine: {'line': b'[  3%] \x1b[32mBuilding C object CMakeFiles/unitree_go__rosidl_generator_c.dir/rosidl_generator_c/unitree_go/msg/detail/go2_front_video_data__functions.c.o\x1b[0m\n'}
[6.413857] (unitree_go) StdoutLine: {'line': b'[  3%] \x1b[32mBuilding C object CMakeFiles/unitree_go__rosidl_generator_c.dir/rosidl_generator_c/unitree_go/msg/detail/error__functions.c.o\x1b[0m\n'}
[6.418819] (unitree_go) StdoutLine: {'line': b'[  3%] \x1b[32mBuilding C object CMakeFiles/unitree_go__rosidl_generator_c.dir/rosidl_generator_c/unitree_go/msg/detail/bms_cmd__functions.c.o\x1b[0m\n'}
[6.433830] (unitree_go) StdoutLine: {'line': b'[  4%] \x1b[32mBuilding C object CMakeFiles/unitree_go__rosidl_generator_c.dir/rosidl_generator_c/unitree_go/msg/detail/imu_state__functions.c.o\x1b[0m\n'}
[6.435204] (unitree_go) StdoutLine: {'line': b'[  5%] \x1b[32mBuilding C object CMakeFiles/unitree_go__rosidl_generator_c.dir/rosidl_generator_c/unitree_go/msg/detail/lidar_state__functions.c.o\x1b[0m\n'}
[6.444147] (unitree_hg) StdoutLine: {'line': b'[ 28%] \x1b[32mBuilding CXX object CMakeFiles/unitree_hg__rosidl_typesupport_c.dir/rosidl_typesupport_c/unitree_hg/msg/bms_cmd__type_support.cpp.o\x1b[0m\n'}
[6.445369] (unitree_hg) StdoutLine: {'line': b'[ 29%] \x1b[32mBuilding CXX object CMakeFiles/unitree_hg__rosidl_typesupport_cpp.dir/rosidl_typesupport_cpp/unitree_hg/msg/bms_state__type_support.cpp.o\x1b[0m\n'}
[6.447018] (unitree_go) StdoutLine: {'line': b'[  5%] \x1b[32mBuilding C object CMakeFiles/unitree_go__rosidl_generator_c.dir/rosidl_generator_c/unitree_go/msg/detail/interface_config__functions.c.o\x1b[0m\n'}
[6.453782] (unitree_go) StdoutLine: {'line': b'[  5%] \x1b[32mBuilding C object CMakeFiles/unitree_go__rosidl_generator_c.dir/rosidl_generator_c/unitree_go/msg/detail/height_map__functions.c.o\x1b[0m\n'}
[6.481706] (unitree_go) StdoutLine: {'line': b'[  5%] \x1b[32mBuilding C object CMakeFiles/unitree_go__rosidl_generator_c.dir/rosidl_generator_c/unitree_go/msg/detail/low_state__functions.c.o\x1b[0m\n'}
[6.482845] (-) TimerEvent: {}
[6.504801] (unitree_go) StdoutLine: {'line': b'[  6%] \x1b[32mBuilding C object CMakeFiles/unitree_go__rosidl_generator_c.dir/rosidl_generator_c/unitree_go/msg/detail/motor_cmd__functions.c.o\x1b[0m\n'}
[6.506643] (unitree_go) StdoutLine: {'line': b'[  7%] \x1b[32mBuilding C object CMakeFiles/unitree_go__rosidl_generator_c.dir/rosidl_generator_c/unitree_go/msg/detail/motor_state__functions.c.o\x1b[0m\n'}
[6.512705] (unitree_go) StdoutLine: {'line': b'[  7%] \x1b[32mBuilding C object CMakeFiles/unitree_go__rosidl_generator_c.dir/rosidl_generator_c/unitree_go/msg/detail/motor_cmds__functions.c.o\x1b[0m\n'}
[6.513757] (unitree_go) StdoutLine: {'line': b'[  7%] \x1b[32mBuilding C object CMakeFiles/unitree_go__rosidl_generator_c.dir/rosidl_generator_c/unitree_go/msg/detail/motor_states__functions.c.o\x1b[0m\n'}
[6.524982] (unitree_go) StdoutLine: {'line': b'[  7%] \x1b[32mBuilding C object CMakeFiles/unitree_go__rosidl_generator_c.dir/rosidl_generator_c/unitree_go/msg/detail/low_cmd__functions.c.o\x1b[0m\n'}
[6.578161] (unitree_go) StdoutLine: {'line': b'[  8%] \x1b[32mBuilding C object CMakeFiles/unitree_go__rosidl_generator_c.dir/rosidl_generator_c/unitree_go/msg/detail/path_point__functions.c.o\x1b[0m\n'}
[6.583264] (-) TimerEvent: {}
[6.618924] (unitree_hg) StdoutLine: {'line': b'[ 30%] \x1b[32mBuilding CXX object CMakeFiles/unitree_hg__rosidl_typesupport_c.dir/rosidl_typesupport_c/unitree_hg/msg/bms_state__type_support.cpp.o\x1b[0m\n'}
[6.633640] (unitree_go) StdoutLine: {'line': b'[  8%] \x1b[32mBuilding C object CMakeFiles/unitree_go__rosidl_generator_c.dir/rosidl_generator_c/unitree_go/msg/detail/req__functions.c.o\x1b[0m\n'}
[6.677317] (unitree_go) StdoutLine: {'line': b'[  9%] \x1b[32mBuilding C object CMakeFiles/unitree_go__rosidl_generator_c.dir/rosidl_generator_c/unitree_go/msg/detail/res__functions.c.o\x1b[0m\n'}
[6.685735] (-) TimerEvent: {}
[6.690884] (unitree_go) StdoutLine: {'line': b'[  9%] \x1b[32mBuilding C object CMakeFiles/unitree_go__rosidl_generator_c.dir/rosidl_generator_c/unitree_go/msg/detail/sport_mode_cmd__functions.c.o\x1b[0m\n'}
[6.736069] (unitree_go) StdoutLine: {'line': b'[ 10%] \x1b[32mBuilding C object CMakeFiles/unitree_go__rosidl_generator_c.dir/rosidl_generator_c/unitree_go/msg/detail/sport_mode_state__functions.c.o\x1b[0m\n'}
[6.758978] (unitree_go) StdoutLine: {'line': b'[ 11%] \x1b[32mBuilding C object CMakeFiles/unitree_go__rosidl_generator_c.dir/rosidl_generator_c/unitree_go/msg/detail/uwb_state__functions.c.o\x1b[0m\n'}
[6.776067] (unitree_hg) StdoutLine: {'line': b'[ 31%] \x1b[32mBuilding CXX object CMakeFiles/unitree_hg__rosidl_typesupport_c.dir/rosidl_typesupport_c/unitree_hg/msg/hand_cmd__type_support.cpp.o\x1b[0m\n'}
[6.779780] (unitree_go) StdoutLine: {'line': b'[ 11%] \x1b[32mBuilding C object CMakeFiles/unitree_go__rosidl_generator_c.dir/rosidl_generator_c/unitree_go/msg/detail/time_spec__functions.c.o\x1b[0m\n'}
[6.785911] (-) TimerEvent: {}
[6.801700] (unitree_go) StdoutLine: {'line': b'[ 11%] \x1b[32mBuilding C object CMakeFiles/unitree_go__rosidl_generator_c.dir/rosidl_generator_c/unitree_go/msg/detail/uwb_switch__functions.c.o\x1b[0m\n'}
[6.823983] (unitree_go) StdoutLine: {'line': b'[ 11%] \x1b[32mBuilding C object CMakeFiles/unitree_go__rosidl_generator_c.dir/rosidl_generator_c/unitree_go/msg/detail/wireless_controller__functions.c.o\x1b[0m\n'}
[6.886698] (-) TimerEvent: {}
[6.912203] (unitree_hg) StdoutLine: {'line': b'[ 32%] \x1b[32mBuilding CXX object CMakeFiles/unitree_hg__rosidl_typesupport_c.dir/rosidl_typesupport_c/unitree_hg/msg/hand_state__type_support.cpp.o\x1b[0m\n'}
[6.986858] (-) TimerEvent: {}
[7.030907] (unitree_hg) StdoutLine: {'line': b'[ 33%] \x1b[32mBuilding CXX object CMakeFiles/unitree_hg__rosidl_typesupport_c.dir/rosidl_typesupport_c/unitree_hg/msg/imu_state__type_support.cpp.o\x1b[0m\n'}
[7.064683] (unitree_hg) StdoutLine: {'line': b'[ 33%] \x1b[32mBuilding CXX object CMakeFiles/unitree_hg__rosidl_typesupport_cpp.dir/rosidl_typesupport_cpp/unitree_hg/msg/hand_cmd__type_support.cpp.o\x1b[0m\n'}
[7.080893] (unitree_api) StdoutLine: {'line': b'[ 80%] \x1b[32m\x1b[1mLinking CXX shared library libunitree_api__rosidl_typesupport_fastrtps_cpp.so\x1b[0m\n'}
[7.087137] (-) TimerEvent: {}
[7.090601] (unitree_go) StdoutLine: {'line': b'[ 12%] \x1b[32m\x1b[1mLinking C shared library libunitree_go__rosidl_generator_c.so\x1b[0m\n'}
[7.156883] (unitree_hg) StdoutLine: {'line': b'[ 34%] \x1b[32mBuilding CXX object CMakeFiles/unitree_hg__rosidl_typesupport_c.dir/rosidl_typesupport_c/unitree_hg/msg/low_cmd__type_support.cpp.o\x1b[0m\n'}
[7.187360] (-) TimerEvent: {}
[7.210128] (unitree_hg) StdoutLine: {'line': b'[ 35%] \x1b[32mBuilding C object CMakeFiles/unitree_hg__rosidl_typesupport_introspection_c.dir/rosidl_typesupport_introspection_c/unitree_hg/msg/detail/bms_cmd__type_support.c.o\x1b[0m\n'}
[7.287464] (-) TimerEvent: {}
[7.308427] (unitree_hg) StdoutLine: {'line': b'[ 36%] \x1b[32mBuilding CXX object CMakeFiles/unitree_hg__rosidl_typesupport_c.dir/rosidl_typesupport_c/unitree_hg/msg/low_state__type_support.cpp.o\x1b[0m\n'}
[7.321373] (unitree_hg) StdoutLine: {'line': b'[ 37%] \x1b[32mBuilding C object CMakeFiles/unitree_hg__rosidl_typesupport_introspection_c.dir/rosidl_typesupport_introspection_c/unitree_hg/msg/detail/bms_state__type_support.c.o\x1b[0m\n'}
[7.322117] (unitree_go) StdoutLine: {'line': b'[ 12%] Built target unitree_go__rosidl_generator_c\n'}
[7.325792] (unitree_go) StdoutLine: {'line': b'[ 12%] Built target unitree_go__cpp\n'}
[7.346347] (unitree_hg) StdoutLine: {'line': b'[ 38%] \x1b[32mBuilding C object CMakeFiles/unitree_hg__rosidl_typesupport_introspection_c.dir/rosidl_typesupport_introspection_c/unitree_hg/msg/detail/hand_cmd__type_support.c.o\x1b[0m\n'}
[7.356957] (unitree_go) StdoutLine: {'line': b'[ 12%] \x1b[34m\x1b[1mGenerating C type support for eProsima Fast-RTPS\x1b[0m\n'}
[7.361391] (unitree_go) StdoutLine: {'line': b'[ 12%] \x1b[34m\x1b[1mGenerating C introspection for ROS interfaces\x1b[0m\n'}
[7.362850] (unitree_hg) StdoutLine: {'line': b'[ 39%] \x1b[32mBuilding CXX object CMakeFiles/unitree_hg__rosidl_typesupport_c.dir/rosidl_typesupport_c/unitree_hg/msg/main_board_state__type_support.cpp.o\x1b[0m\n'}
[7.367713] (unitree_go) StdoutLine: {'line': b'[ 12%] \x1b[34m\x1b[1mGenerating C type support dispatch for ROS interfaces\x1b[0m\n'}
[7.387605] (-) TimerEvent: {}
[7.401637] (unitree_go) StdoutLine: {'line': b'[ 14%] \x1b[34m\x1b[1mGenerating C++ introspection for ROS interfaces\x1b[0m\n'}
[7.408215] (unitree_go) StdoutLine: {'line': b'[ 14%] \x1b[34m\x1b[1mGenerating C++ type support dispatch for ROS interfaces\x1b[0m\n'}
[7.409820] (unitree_hg) StdoutLine: {'line': b'[ 39%] \x1b[32mBuilding CXX object CMakeFiles/unitree_hg__rosidl_typesupport_c.dir/rosidl_typesupport_c/unitree_hg/msg/motor_cmd__type_support.cpp.o\x1b[0m\n'}
[7.487559] (unitree_api) StdoutLine: {'line': b'[ 81%] \x1b[32m\x1b[1mLinking CXX shared library libunitree_api__rosidl_typesupport_fastrtps_c.so\x1b[0m\n'}
[7.488210] (-) TimerEvent: {}
[7.501763] (unitree_hg) StdoutLine: {'line': b'[ 40%] \x1b[32mBuilding CXX object CMakeFiles/unitree_hg__rosidl_typesupport_c.dir/rosidl_typesupport_c/unitree_hg/msg/motor_state__type_support.cpp.o\x1b[0m\n'}
[7.515862] (unitree_hg) StdoutLine: {'line': b'[ 41%] \x1b[32mBuilding C object CMakeFiles/unitree_hg__rosidl_typesupport_introspection_c.dir/rosidl_typesupport_introspection_c/unitree_hg/msg/detail/hand_state__type_support.c.o\x1b[0m\n'}
[7.547770] (unitree_hg) StdoutLine: {'line': b'[ 42%] \x1b[32mBuilding CXX object CMakeFiles/unitree_hg__rosidl_typesupport_cpp.dir/rosidl_typesupport_cpp/unitree_hg/msg/imu_state__type_support.cpp.o\x1b[0m\n'}
[7.548164] (unitree_hg) StdoutLine: {'line': b'[ 43%] \x1b[32mBuilding CXX object CMakeFiles/unitree_hg__rosidl_typesupport_cpp.dir/rosidl_typesupport_cpp/unitree_hg/msg/hand_state__type_support.cpp.o\x1b[0m\n'}
[7.557883] (unitree_api) StdoutLine: {'line': b'[ 81%] Built target unitree_api__rosidl_typesupport_fastrtps_cpp\n'}
[7.588331] (-) TimerEvent: {}
[7.601860] (unitree_hg) StdoutLine: {'line': b'[ 44%] \x1b[32mBuilding C object CMakeFiles/unitree_hg__rosidl_typesupport_introspection_c.dir/rosidl_typesupport_introspection_c/unitree_hg/msg/detail/imu_state__type_support.c.o\x1b[0m\n'}
[7.677959] (unitree_hg) StdoutLine: {'line': b'[ 45%] \x1b[32mBuilding CXX object CMakeFiles/unitree_hg__rosidl_typesupport_cpp.dir/rosidl_typesupport_cpp/unitree_hg/msg/low_cmd__type_support.cpp.o\x1b[0m\n'}
[7.685513] (unitree_hg) StdoutLine: {'line': b'[ 46%] \x1b[32mBuilding CXX object CMakeFiles/unitree_hg__rosidl_typesupport_c.dir/rosidl_typesupport_c/unitree_hg/msg/press_sensor_state__type_support.cpp.o\x1b[0m\n'}
[7.692659] (-) TimerEvent: {}
[7.710918] (unitree_hg) StdoutLine: {'line': b'[ 47%] \x1b[32mBuilding CXX object CMakeFiles/unitree_hg__rosidl_typesupport_cpp.dir/rosidl_typesupport_cpp/unitree_hg/msg/low_state__type_support.cpp.o\x1b[0m\n'}
[7.713848] (unitree_hg) StdoutLine: {'line': b'[ 48%] \x1b[32mBuilding C object CMakeFiles/unitree_hg__rosidl_typesupport_introspection_c.dir/rosidl_typesupport_introspection_c/unitree_hg/msg/detail/low_cmd__type_support.c.o\x1b[0m\n'}
[7.761442] (unitree_hg) StdoutLine: {'line': b'[ 49%] \x1b[32mBuilding CXX object CMakeFiles/unitree_hg__rosidl_typesupport_cpp.dir/rosidl_typesupport_cpp/unitree_hg/msg/main_board_state__type_support.cpp.o\x1b[0m\n'}
[7.765729] (unitree_hg) StdoutLine: {'line': b'[ 50%] \x1b[32mBuilding C object CMakeFiles/unitree_hg__rosidl_typesupport_introspection_c.dir/rosidl_typesupport_introspection_c/unitree_hg/msg/detail/low_state__type_support.c.o\x1b[0m\n'}
[7.786955] (unitree_hg) StdoutLine: {'line': b'[ 51%] \x1b[32mBuilding CXX object CMakeFiles/unitree_hg__rosidl_typesupport_cpp.dir/rosidl_typesupport_cpp/unitree_hg/msg/motor_cmd__type_support.cpp.o\x1b[0m\n'}
[7.792880] (unitree_hg) StdoutLine: {'line': b'[ 52%] \x1b[32m\x1b[1mLinking CXX shared library libunitree_hg__rosidl_typesupport_c.so\x1b[0m\n'}
[7.794796] (-) TimerEvent: {}
[7.803862] (unitree_hg) StdoutLine: {'line': b'[ 53%] \x1b[32mBuilding CXX object CMakeFiles/unitree_hg__rosidl_typesupport_cpp.dir/rosidl_typesupport_cpp/unitree_hg/msg/motor_state__type_support.cpp.o\x1b[0m\n'}
[7.840668] (unitree_hg) StdoutLine: {'line': b'[ 54%] \x1b[32mBuilding CXX object CMakeFiles/unitree_hg__rosidl_typesupport_cpp.dir/rosidl_typesupport_cpp/unitree_hg/msg/press_sensor_state__type_support.cpp.o\x1b[0m\n'}
[7.866392] (unitree_hg) StdoutLine: {'line': b'[ 55%] \x1b[32mBuilding CXX object CMakeFiles/unitree_hg__rosidl_typesupport_fastrtps_cpp.dir/rosidl_typesupport_fastrtps_cpp/unitree_hg/msg/detail/dds_fastrtps/bms_cmd__type_support.cpp.o\x1b[0m\n'}
[7.872521] (unitree_hg) StdoutLine: {'line': b'[ 56%] \x1b[32mBuilding C object CMakeFiles/unitree_hg__rosidl_typesupport_introspection_c.dir/rosidl_typesupport_introspection_c/unitree_hg/msg/detail/main_board_state__type_support.c.o\x1b[0m\n'}
[7.890087] (unitree_api) StdoutLine: {'line': b'[ 81%] Built target unitree_api__rosidl_typesupport_fastrtps_c\n'}
[7.897753] (-) TimerEvent: {}
[7.920540] (unitree_hg) StdoutLine: {'line': b'[ 57%] \x1b[32mBuilding CXX object CMakeFiles/unitree_hg__rosidl_typesupport_fastrtps_c.dir/rosidl_typesupport_fastrtps_c/unitree_hg/msg/detail/bms_cmd__type_support_c.cpp.o\x1b[0m\n'}
[7.963926] (unitree_hg) StdoutLine: {'line': b'[ 58%] \x1b[32mBuilding CXX object CMakeFiles/unitree_hg__rosidl_typesupport_fastrtps_c.dir/rosidl_typesupport_fastrtps_c/unitree_hg/msg/detail/bms_state__type_support_c.cpp.o\x1b[0m\n'}
[7.971151] (unitree_api) StdoutLine: {'line': b'[ 81%] Built target unitree_api\n'}
[7.997883] (-) TimerEvent: {}
[8.018773] (unitree_hg) StdoutLine: {'line': b'[ 58%] \x1b[32mBuilding C object CMakeFiles/unitree_hg__rosidl_typesupport_introspection_c.dir/rosidl_typesupport_introspection_c/unitree_hg/msg/detail/motor_cmd__type_support.c.o\x1b[0m\n'}
[8.022244] (unitree_hg) StdoutLine: {'line': b'[ 58%] Built target unitree_hg__rosidl_typesupport_c\n'}
[8.035644] (unitree_hg) StdoutLine: {'line': b'[ 59%] \x1b[32mBuilding CXX object CMakeFiles/unitree_hg__rosidl_typesupport_fastrtps_cpp.dir/rosidl_typesupport_fastrtps_cpp/unitree_hg/msg/detail/dds_fastrtps/bms_state__type_support.cpp.o\x1b[0m\n'}
[8.036042] (unitree_hg) StdoutLine: {'line': b'[ 60%] \x1b[32m\x1b[1mLinking CXX shared library libunitree_hg__rosidl_typesupport_introspection_cpp.so\x1b[0m\n'}
[8.044163] (unitree_api) StdoutLine: {'line': b'[ 82%] \x1b[34m\x1b[1mGenerating Python code for ROS interfaces\x1b[0m\n'}
[8.044557] (unitree_hg) StdoutLine: {'line': b'[ 61%] \x1b[32mBuilding CXX object CMakeFiles/unitree_hg__rosidl_typesupport_fastrtps_c.dir/rosidl_typesupport_fastrtps_c/unitree_hg/msg/detail/hand_cmd__type_support_c.cpp.o\x1b[0m\n'}
[8.053286] (unitree_hg) StdoutLine: {'line': b'[ 61%] \x1b[32mBuilding CXX object CMakeFiles/unitree_hg__rosidl_typesupport_fastrtps_cpp.dir/rosidl_typesupport_fastrtps_cpp/unitree_hg/msg/detail/dds_fastrtps/hand_cmd__type_support.cpp.o\x1b[0m\n'}
[8.098005] (-) TimerEvent: {}
[8.138280] (unitree_hg) StdoutLine: {'line': b'[ 62%] \x1b[32mBuilding C object CMakeFiles/unitree_hg__rosidl_typesupport_introspection_c.dir/rosidl_typesupport_introspection_c/unitree_hg/msg/detail/motor_state__type_support.c.o\x1b[0m\n'}
[8.199122] (-) TimerEvent: {}
[8.206365] (unitree_hg) StdoutLine: {'line': b'[ 63%] \x1b[32mBuilding CXX object CMakeFiles/unitree_hg__rosidl_typesupport_fastrtps_c.dir/rosidl_typesupport_fastrtps_c/unitree_hg/msg/detail/hand_state__type_support_c.cpp.o\x1b[0m\n'}
[8.242159] (unitree_hg) StdoutLine: {'line': b'[ 64%] \x1b[32mBuilding CXX object CMakeFiles/unitree_hg__rosidl_typesupport_fastrtps_c.dir/rosidl_typesupport_fastrtps_c/unitree_hg/msg/detail/imu_state__type_support_c.cpp.o\x1b[0m\n'}
[8.248196] (unitree_hg) StdoutLine: {'line': b'[ 66%] \x1b[32mBuilding C object CMakeFiles/unitree_hg__rosidl_typesupport_introspection_c.dir/rosidl_typesupport_introspection_c/unitree_hg/msg/detail/press_sensor_state__type_support.c.o\x1b[0m\n'}
[8.249174] (unitree_hg) StdoutLine: {'line': b'[ 66%] \x1b[32mBuilding CXX object CMakeFiles/unitree_hg__rosidl_typesupport_fastrtps_cpp.dir/rosidl_typesupport_fastrtps_cpp/unitree_hg/msg/detail/dds_fastrtps/hand_state__type_support.cpp.o\x1b[0m\n'}
[8.299246] (-) TimerEvent: {}
[8.381825] (unitree_hg) StdoutLine: {'line': b'[ 67%] \x1b[32m\x1b[1mLinking C shared library libunitree_hg__rosidl_typesupport_introspection_c.so\x1b[0m\n'}
[8.399365] (-) TimerEvent: {}
[8.439933] (unitree_hg) StdoutLine: {'line': b'[ 67%] Built target unitree_hg__rosidl_typesupport_introspection_cpp\n'}
[8.470799] (unitree_hg) StdoutLine: {'line': b'[ 68%] \x1b[32mBuilding CXX object CMakeFiles/unitree_hg__rosidl_typesupport_fastrtps_cpp.dir/rosidl_typesupport_fastrtps_cpp/unitree_hg/msg/detail/dds_fastrtps/imu_state__type_support.cpp.o\x1b[0m\n'}
[8.499491] (-) TimerEvent: {}
[8.508791] (unitree_hg) StdoutLine: {'line': b'[ 69%] \x1b[32mBuilding CXX object CMakeFiles/unitree_hg__rosidl_typesupport_fastrtps_cpp.dir/rosidl_typesupport_fastrtps_cpp/unitree_hg/msg/detail/dds_fastrtps/low_cmd__type_support.cpp.o\x1b[0m\n'}
[8.512950] (unitree_hg) StdoutLine: {'line': b'[ 70%] \x1b[32mBuilding CXX object CMakeFiles/unitree_hg__rosidl_typesupport_fastrtps_c.dir/rosidl_typesupport_fastrtps_c/unitree_hg/msg/detail/low_cmd__type_support_c.cpp.o\x1b[0m\n'}
[8.515517] (unitree_hg) StdoutLine: {'line': b'[ 70%] Built target unitree_hg__rosidl_typesupport_introspection_c\n'}
[8.540224] (unitree_hg) StdoutLine: {'line': b'[ 71%] \x1b[32mBuilding CXX object CMakeFiles/unitree_hg__rosidl_typesupport_fastrtps_cpp.dir/rosidl_typesupport_fastrtps_cpp/unitree_hg/msg/detail/dds_fastrtps/low_state__type_support.cpp.o\x1b[0m\n'}
[8.552629] (unitree_hg) StdoutLine: {'line': b'[ 72%] \x1b[32mBuilding CXX object CMakeFiles/unitree_hg__rosidl_typesupport_fastrtps_cpp.dir/rosidl_typesupport_fastrtps_cpp/unitree_hg/msg/detail/dds_fastrtps/main_board_state__type_support.cpp.o\x1b[0m\n'}
[8.599628] (-) TimerEvent: {}
[8.617246] (unitree_hg) StdoutLine: {'line': b'[ 73%] \x1b[32mBuilding CXX object CMakeFiles/unitree_hg__rosidl_typesupport_fastrtps_cpp.dir/rosidl_typesupport_fastrtps_cpp/unitree_hg/msg/detail/dds_fastrtps/motor_cmd__type_support.cpp.o\x1b[0m\n'}
[8.640953] (unitree_hg) StdoutLine: {'line': b'[ 74%] \x1b[32mBuilding CXX object CMakeFiles/unitree_hg__rosidl_typesupport_fastrtps_cpp.dir/rosidl_typesupport_fastrtps_cpp/unitree_hg/msg/detail/dds_fastrtps/motor_state__type_support.cpp.o\x1b[0m\n'}
[8.641334] (unitree_hg) StdoutLine: {'line': b'[ 75%] \x1b[32m\x1b[1mLinking CXX shared library libunitree_hg__rosidl_typesupport_cpp.so\x1b[0m\n'}
[8.699748] (-) TimerEvent: {}
[8.763363] (unitree_hg) StdoutLine: {'line': b'[ 75%] Built target unitree_hg__rosidl_typesupport_cpp\n'}
[8.798160] (unitree_hg) StdoutLine: {'line': b'[ 76%] \x1b[32mBuilding CXX object CMakeFiles/unitree_hg__rosidl_typesupport_fastrtps_cpp.dir/rosidl_typesupport_fastrtps_cpp/unitree_hg/msg/detail/dds_fastrtps/press_sensor_state__type_support.cpp.o\x1b[0m\n'}
[8.800256] (-) TimerEvent: {}
[8.802114] (unitree_hg) StdoutLine: {'line': b'[ 77%] \x1b[32mBuilding CXX object CMakeFiles/unitree_hg__rosidl_typesupport_fastrtps_c.dir/rosidl_typesupport_fastrtps_c/unitree_hg/msg/detail/low_state__type_support_c.cpp.o\x1b[0m\n'}
[8.848081] (unitree_hg) StdoutLine: {'line': b'[ 78%] \x1b[32mBuilding CXX object CMakeFiles/unitree_hg__rosidl_typesupport_fastrtps_c.dir/rosidl_typesupport_fastrtps_c/unitree_hg/msg/detail/main_board_state__type_support_c.cpp.o\x1b[0m\n'}
[8.900381] (-) TimerEvent: {}
[8.966010] (unitree_hg) StdoutLine: {'line': b'[ 79%] \x1b[32mBuilding CXX object CMakeFiles/unitree_hg__rosidl_typesupport_fastrtps_c.dir/rosidl_typesupport_fastrtps_c/unitree_hg/msg/detail/motor_state__type_support_c.cpp.o\x1b[0m\n'}
[8.984008] (unitree_hg) StdoutLine: {'line': b'[ 79%] \x1b[32mBuilding CXX object CMakeFiles/unitree_hg__rosidl_typesupport_fastrtps_c.dir/rosidl_typesupport_fastrtps_c/unitree_hg/msg/detail/motor_cmd__type_support_c.cpp.o\x1b[0m\n'}
[9.001416] (-) TimerEvent: {}
[9.029711] (unitree_hg) StdoutLine: {'line': b'[ 80%] \x1b[32mBuilding CXX object CMakeFiles/unitree_hg__rosidl_typesupport_fastrtps_c.dir/rosidl_typesupport_fastrtps_c/unitree_hg/msg/detail/press_sensor_state__type_support_c.cpp.o\x1b[0m\n'}
[9.101520] (-) TimerEvent: {}
[9.216655] (-) TimerEvent: {}
[9.317721] (-) TimerEvent: {}
[9.426666] (-) TimerEvent: {}
[9.527096] (-) TimerEvent: {}
[9.627570] (-) TimerEvent: {}
[9.728213] (-) TimerEvent: {}
[9.760156] (unitree_hg) StdoutLine: {'line': b'[ 81%] \x1b[32m\x1b[1mLinking CXX shared library libunitree_hg__rosidl_typesupport_fastrtps_cpp.so\x1b[0m\n'}
[9.822811] (unitree_hg) StdoutLine: {'line': b'[ 82%] \x1b[32m\x1b[1mLinking CXX shared library libunitree_hg__rosidl_typesupport_fastrtps_c.so\x1b[0m\n'}
[9.831221] (-) TimerEvent: {}
[9.905933] (unitree_api) StdoutLine: {'line': b'[ 82%] Built target unitree_api__py\n'}
[9.907223] (unitree_go) StdoutLine: {'line': b'[ 16%] \x1b[32mBuilding CXX object CMakeFiles/unitree_go__rosidl_typesupport_cpp.dir/rosidl_typesupport_cpp/unitree_go/msg/height_map__type_support.cpp.o\x1b[0m\n'}
[9.907453] (unitree_go) StdoutLine: {'line': b'[ 16%] \x1b[32mBuilding CXX object CMakeFiles/unitree_go__rosidl_typesupport_cpp.dir/rosidl_typesupport_cpp/unitree_go/msg/interface_config__type_support.cpp.o\x1b[0m\n'}
[9.907630] (unitree_go) StdoutLine: {'line': b'[ 14%] \x1b[32mBuilding CXX object CMakeFiles/unitree_go__rosidl_typesupport_cpp.dir/rosidl_typesupport_cpp/unitree_go/msg/audio_data__type_support.cpp.o\x1b[0m\n'}
[9.910040] (unitree_go) StdoutLine: {'line': b'[ 17%] \x1b[32mBuilding CXX object CMakeFiles/unitree_go__rosidl_typesupport_cpp.dir/rosidl_typesupport_cpp/unitree_go/msg/bms_cmd__type_support.cpp.o\x1b[0m\n'}
[9.910644] (unitree_go) StdoutLine: {'line': b'[ 17%] \x1b[32mBuilding CXX object CMakeFiles/unitree_go__rosidl_typesupport_cpp.dir/rosidl_typesupport_cpp/unitree_go/msg/bms_state__type_support.cpp.o\x1b[0m\n'}
[9.911423] (unitree_go) StdoutLine: {'line': b'[ 17%] \x1b[32mBuilding CXX object CMakeFiles/unitree_go__rosidl_typesupport_cpp.dir/rosidl_typesupport_cpp/unitree_go/msg/go2_front_video_data__type_support.cpp.o\x1b[0m\n'}
[9.911549] (unitree_go) StdoutLine: {'line': b'[ 17%] \x1b[32mBuilding CXX object CMakeFiles/unitree_go__rosidl_typesupport_cpp.dir/rosidl_typesupport_cpp/unitree_go/msg/imu_state__type_support.cpp.o\x1b[0m\n'}
[9.920516] (unitree_go) StdoutLine: {'line': b'[ 18%] \x1b[32mBuilding CXX object CMakeFiles/unitree_go__rosidl_typesupport_cpp.dir/rosidl_typesupport_cpp/unitree_go/msg/error__type_support.cpp.o\x1b[0m\n'}
[9.927576] (unitree_go) StdoutLine: {'line': b'[ 19%] \x1b[32mBuilding CXX object CMakeFiles/unitree_go__rosidl_typesupport_cpp.dir/rosidl_typesupport_cpp/unitree_go/msg/lidar_state__type_support.cpp.o\x1b[0m\n'}
[9.927920] (unitree_go) StdoutLine: {'line': b'[ 19%] \x1b[32mBuilding CXX object CMakeFiles/unitree_go__rosidl_typesupport_cpp.dir/rosidl_typesupport_cpp/unitree_go/msg/low_state__type_support.cpp.o\x1b[0m\n'}
[9.928854] (unitree_go) StdoutLine: {'line': b'[ 19%] \x1b[32mBuilding CXX object CMakeFiles/unitree_go__rosidl_typesupport_cpp.dir/rosidl_typesupport_cpp/unitree_go/msg/low_cmd__type_support.cpp.o\x1b[0m\n'}
[9.933696] (-) TimerEvent: {}
[9.939315] (unitree_go) StdoutLine: {'line': b'[ 19%] \x1b[32mBuilding CXX object CMakeFiles/unitree_go__rosidl_typesupport_cpp.dir/rosidl_typesupport_cpp/unitree_go/msg/motor_cmd__type_support.cpp.o\x1b[0m\n'}
[9.991461] (unitree_api) StdoutLine: {'line': b'[ 84%] \x1b[32mBuilding C object CMakeFiles/unitree_api__rosidl_generator_py.dir/rosidl_generator_py/unitree_api/msg/_request_s.c.o\x1b[0m\n'}
[9.993603] (unitree_api) StdoutLine: {'line': b'[ 85%] \x1b[32mBuilding C object CMakeFiles/unitree_api__rosidl_generator_py.dir/rosidl_generator_py/unitree_api/msg/_request_header_s.c.o\x1b[0m\n'}
[9.999720] (unitree_api) StdoutLine: {'line': b'[ 86%] \x1b[32mBuilding C object CMakeFiles/unitree_api__rosidl_generator_py.dir/rosidl_generator_py/unitree_api/msg/_request_identity_s.c.o\x1b[0m\n'}
[10.000950] (unitree_api) StdoutLine: {'line': b'[ 87%] \x1b[32mBuilding C object CMakeFiles/unitree_api__rosidl_generator_py.dir/rosidl_generator_py/unitree_api/msg/_request_lease_s.c.o\x1b[0m\n'}
[10.002960] (unitree_api) StdoutLine: {'line': b'[ 88%] \x1b[32mBuilding C object CMakeFiles/unitree_api__rosidl_generator_py.dir/rosidl_generator_py/unitree_api/msg/_request_policy_s.c.o\x1b[0m\n'}
[10.008202] (unitree_api) StdoutLine: {'line': b'[ 89%] \x1b[32mBuilding C object CMakeFiles/unitree_api__rosidl_generator_py.dir/rosidl_generator_py/unitree_api/msg/_response_s.c.o\x1b[0m\n'}
[10.022228] (unitree_api) StdoutLine: {'line': b'[ 90%] \x1b[32mBuilding C object CMakeFiles/unitree_api__rosidl_generator_py.dir/rosidl_generator_py/unitree_api/msg/_response_header_s.c.o\x1b[0m\n'}
[10.025707] (unitree_api) StdoutLine: {'line': b'[ 92%] \x1b[32mBuilding C object CMakeFiles/unitree_api__rosidl_generator_py.dir/rosidl_generator_py/unitree_api/msg/_response_status_s.c.o\x1b[0m\n'}
[10.037687] (-) TimerEvent: {}
[10.063464] (unitree_hg) StdoutLine: {'line': b'[ 82%] Built target unitree_hg__rosidl_typesupport_fastrtps_cpp\n'}
[10.138308] (-) TimerEvent: {}
[10.222425] (unitree_hg) StdoutLine: {'line': b'[ 82%] Built target unitree_hg__rosidl_typesupport_fastrtps_c\n'}
[10.239715] (-) TimerEvent: {}
[10.325694] (unitree_hg) StdoutLine: {'line': b'[ 82%] Built target unitree_hg\n'}
[10.341555] (-) TimerEvent: {}
[10.444418] (-) TimerEvent: {}
[10.458657] (unitree_hg) StdoutLine: {'line': b'[ 83%] \x1b[34m\x1b[1mGenerating Python code for ROS interfaces\x1b[0m\n'}
[10.525144] (unitree_api) StdoutLine: {'line': b'[ 93%] \x1b[32m\x1b[1mLinking C shared library rosidl_generator_py/unitree_api/libunitree_api__rosidl_generator_py.so\x1b[0m\n'}
[10.544552] (-) TimerEvent: {}
[10.575390] (unitree_go) StdoutLine: {'line': b'[ 20%] \x1b[32mBuilding CXX object CMakeFiles/unitree_go__rosidl_typesupport_cpp.dir/rosidl_typesupport_cpp/unitree_go/msg/motor_cmds__type_support.cpp.o\x1b[0m\n'}
[10.644701] (-) TimerEvent: {}
[10.676536] (unitree_go) StdoutLine: {'line': b'[ 20%] \x1b[32mBuilding CXX object CMakeFiles/unitree_go__rosidl_typesupport_cpp.dir/rosidl_typesupport_cpp/unitree_go/msg/motor_state__type_support.cpp.o\x1b[0m\n'}
[10.692432] (unitree_go) StdoutLine: {'line': b'[ 21%] \x1b[32mBuilding CXX object CMakeFiles/unitree_go__rosidl_typesupport_cpp.dir/rosidl_typesupport_cpp/unitree_go/msg/motor_states__type_support.cpp.o\x1b[0m\n'}
[10.727875] (unitree_api) StdoutLine: {'line': b'[ 93%] Built target unitree_api__rosidl_generator_py\n'}
[10.739319] (unitree_go) StdoutLine: {'line': b'[ 21%] \x1b[32mBuilding CXX object CMakeFiles/unitree_go__rosidl_typesupport_cpp.dir/rosidl_typesupport_cpp/unitree_go/msg/path_point__type_support.cpp.o\x1b[0m\n'}
[10.744820] (-) TimerEvent: {}
[10.753632] (unitree_go) StdoutLine: {'line': b'[ 22%] \x1b[32mBuilding CXX object CMakeFiles/unitree_go__rosidl_typesupport_cpp.dir/rosidl_typesupport_cpp/unitree_go/msg/req__type_support.cpp.o\x1b[0m\n'}
[10.756372] (unitree_go) StdoutLine: {'line': b'[ 22%] \x1b[32mBuilding CXX object CMakeFiles/unitree_go__rosidl_typesupport_cpp.dir/rosidl_typesupport_cpp/unitree_go/msg/res__type_support.cpp.o\x1b[0m\n'}
[10.771792] (unitree_go) StdoutLine: {'line': b'[ 23%] \x1b[32mBuilding CXX object CMakeFiles/unitree_go__rosidl_typesupport_cpp.dir/rosidl_typesupport_cpp/unitree_go/msg/sport_mode_cmd__type_support.cpp.o\x1b[0m\n'}
[10.772273] (unitree_go) StdoutLine: {'line': b'[ 23%] \x1b[32mBuilding CXX object CMakeFiles/unitree_go__rosidl_typesupport_cpp.dir/rosidl_typesupport_cpp/unitree_go/msg/sport_mode_state__type_support.cpp.o\x1b[0m\n'}
[10.787474] (unitree_api) StdoutLine: {'line': b'[ 94%] \x1b[32mBuilding C object CMakeFiles/unitree_api__rosidl_typesupport_introspection_c__pyext.dir/rosidl_generator_py/unitree_api/_unitree_api_s.ep.rosidl_typesupport_introspection_c.c.o\x1b[0m\n'}
[10.798768] (unitree_api) StdoutLine: {'line': b'[ 95%] \x1b[32mBuilding C object CMakeFiles/unitree_api__rosidl_typesupport_c__pyext.dir/rosidl_generator_py/unitree_api/_unitree_api_s.ep.rosidl_typesupport_c.c.o\x1b[0m\n'}
[10.802456] (unitree_go) StdoutLine: {'line': b'[ 23%] \x1b[32mBuilding CXX object CMakeFiles/unitree_go__rosidl_typesupport_cpp.dir/rosidl_typesupport_cpp/unitree_go/msg/uwb_state__type_support.cpp.o\x1b[0m\n'}
[10.805822] (unitree_go) StdoutLine: {'line': b'[ 24%] \x1b[32mBuilding CXX object CMakeFiles/unitree_go__rosidl_typesupport_cpp.dir/rosidl_typesupport_cpp/unitree_go/msg/time_spec__type_support.cpp.o\x1b[0m\n'}
[10.812305] (unitree_go) StdoutLine: {'line': b'[ 25%] \x1b[32mBuilding CXX object CMakeFiles/unitree_go__rosidl_typesupport_cpp.dir/rosidl_typesupport_cpp/unitree_go/msg/uwb_switch__type_support.cpp.o\x1b[0m\n'}
[10.813021] (unitree_go) StdoutLine: {'line': b'[ 25%] \x1b[32mBuilding CXX object CMakeFiles/unitree_go__rosidl_typesupport_c.dir/rosidl_typesupport_c/unitree_go/msg/audio_data__type_support.cpp.o\x1b[0m\n'}
[10.823509] (unitree_api) StdoutLine: {'line': b'[ 96%] \x1b[32mBuilding C object CMakeFiles/unitree_api__rosidl_typesupport_fastrtps_c__pyext.dir/rosidl_generator_py/unitree_api/_unitree_api_s.ep.rosidl_typesupport_fastrtps_c.c.o\x1b[0m\n'}
[10.824106] (unitree_go) StdoutLine: {'line': b'[ 26%] \x1b[32mBuilding CXX object CMakeFiles/unitree_go__rosidl_typesupport_c.dir/rosidl_typesupport_c/unitree_go/msg/bms_cmd__type_support.cpp.o\x1b[0m\n'}
[10.844951] (-) TimerEvent: {}
[10.931095] (unitree_go) StdoutLine: {'line': b'[ 26%] \x1b[32mBuilding CXX object CMakeFiles/unitree_go__rosidl_typesupport_c.dir/rosidl_typesupport_c/unitree_go/msg/bms_state__type_support.cpp.o\x1b[0m\n'}
[10.945069] (-) TimerEvent: {}
[11.024821] (unitree_api) StdoutLine: {'line': b'[ 97%] \x1b[32m\x1b[1mLinking C shared library rosidl_generator_py/unitree_api/unitree_api_s__rosidl_typesupport_introspection_c.cpython-310-x86_64-linux-gnu.so\x1b[0m\n'}
[11.025222] (unitree_api) StdoutLine: {'line': b'[ 98%] \x1b[32m\x1b[1mLinking C shared library rosidl_generator_py/unitree_api/unitree_api_s__rosidl_typesupport_c.cpython-310-x86_64-linux-gnu.so\x1b[0m\n'}
[11.045207] (-) TimerEvent: {}
[11.050747] (unitree_go) StdoutLine: {'line': b'[ 27%] \x1b[32mBuilding CXX object CMakeFiles/unitree_go__rosidl_typesupport_c.dir/rosidl_typesupport_c/unitree_go/msg/error__type_support.cpp.o\x1b[0m\n'}
[11.083811] (unitree_go) StdoutLine: {'line': b'[ 27%] \x1b[32mBuilding CXX object CMakeFiles/unitree_go__rosidl_typesupport_c.dir/rosidl_typesupport_c/unitree_go/msg/go2_front_video_data__type_support.cpp.o\x1b[0m\n'}
[11.148678] (-) TimerEvent: {}
[11.183260] (unitree_go) StdoutLine: {'line': b'[ 27%] \x1b[32mBuilding CXX object CMakeFiles/unitree_go__rosidl_typesupport_cpp.dir/rosidl_typesupport_cpp/unitree_go/msg/wireless_controller__type_support.cpp.o\x1b[0m\n'}
[11.198107] (unitree_go) StdoutLine: {'line': b'[ 28%] \x1b[32mBuilding CXX object CMakeFiles/unitree_go__rosidl_typesupport_c.dir/rosidl_typesupport_c/unitree_go/msg/height_map__type_support.cpp.o\x1b[0m\n'}
[11.223705] (unitree_go) StdoutLine: {'line': b'[ 28%] \x1b[32mBuilding C object CMakeFiles/unitree_go__rosidl_typesupport_introspection_c.dir/rosidl_typesupport_introspection_c/unitree_go/msg/detail/audio_data__type_support.c.o\x1b[0m\n'}
[11.231914] (unitree_go) StdoutLine: {'line': b'[ 29%] \x1b[32mBuilding C object CMakeFiles/unitree_go__rosidl_typesupport_introspection_c.dir/rosidl_typesupport_introspection_c/unitree_go/msg/detail/bms_cmd__type_support.c.o\x1b[0m\n'}
[11.242891] (unitree_go) StdoutLine: {'line': b'[ 29%] \x1b[32mBuilding CXX object CMakeFiles/unitree_go__rosidl_typesupport_c.dir/rosidl_typesupport_c/unitree_go/msg/imu_state__type_support.cpp.o\x1b[0m\n'}
[11.243716] (unitree_api) StdoutLine: {'line': b'[ 98%] Built target unitree_api__rosidl_typesupport_c__pyext\n'}
[11.248739] (unitree_api) StdoutLine: {'line': b'[ 98%] Built target unitree_api__rosidl_typesupport_introspection_c__pyext\n'}
[11.249199] (-) TimerEvent: {}
[11.297736] (unitree_go) StdoutLine: {'line': b'[ 30%] \x1b[32mBuilding CXX object CMakeFiles/unitree_go__rosidl_typesupport_c.dir/rosidl_typesupport_c/unitree_go/msg/interface_config__type_support.cpp.o\x1b[0m\n'}
[11.313175] (unitree_go) StdoutLine: {'line': b'[ 30%] \x1b[32mBuilding C object CMakeFiles/unitree_go__rosidl_typesupport_introspection_c.dir/rosidl_typesupport_introspection_c/unitree_go/msg/detail/bms_state__type_support.c.o\x1b[0m\n'}
[11.324789] (unitree_go) StdoutLine: {'line': b'[ 30%] \x1b[32mBuilding CXX object CMakeFiles/unitree_go__rosidl_typesupport_c.dir/rosidl_typesupport_c/unitree_go/msg/lidar_state__type_support.cpp.o\x1b[0m\n'}
[11.340838] (unitree_go) StdoutLine: {'line': b'[ 31%] \x1b[32mBuilding C object CMakeFiles/unitree_go__rosidl_typesupport_introspection_c.dir/rosidl_typesupport_introspection_c/unitree_go/msg/detail/error__type_support.c.o\x1b[0m\n'}
[11.344217] (unitree_go) StdoutLine: {'line': b'[ 31%] \x1b[32mBuilding CXX object CMakeFiles/unitree_go__rosidl_typesupport_c.dir/rosidl_typesupport_c/unitree_go/msg/low_state__type_support.cpp.o\x1b[0m\n'}
[11.349351] (-) TimerEvent: {}
[11.349890] (unitree_go) StdoutLine: {'line': b'[ 32%] \x1b[32mBuilding CXX object CMakeFiles/unitree_go__rosidl_typesupport_c.dir/rosidl_typesupport_c/unitree_go/msg/low_cmd__type_support.cpp.o\x1b[0m\n'}
[11.350605] (unitree_api) StdoutLine: {'line': b'[100%] \x1b[32m\x1b[1mLinking C shared library rosidl_generator_py/unitree_api/unitree_api_s__rosidl_typesupport_fastrtps_c.cpython-310-x86_64-linux-gnu.so\x1b[0m\n'}
[11.354868] (unitree_go) StdoutLine: {'line': b'[ 33%] \x1b[32mBuilding CXX object CMakeFiles/unitree_go__rosidl_typesupport_c.dir/rosidl_typesupport_c/unitree_go/msg/motor_cmd__type_support.cpp.o\x1b[0m\n'}
[11.370225] (unitree_go) StdoutLine: {'line': b'[ 33%] \x1b[32mBuilding C object CMakeFiles/unitree_go__rosidl_typesupport_introspection_c.dir/rosidl_typesupport_introspection_c/unitree_go/msg/detail/go2_front_video_data__type_support.c.o\x1b[0m\n'}
[11.381836] (unitree_go) StdoutLine: {'line': b'[ 33%] \x1b[32mBuilding CXX object CMakeFiles/unitree_go__rosidl_typesupport_c.dir/rosidl_typesupport_c/unitree_go/msg/motor_cmds__type_support.cpp.o\x1b[0m\n'}
[11.412821] (unitree_go) StdoutLine: {'line': b'[ 33%] \x1b[32mBuilding CXX object CMakeFiles/unitree_go__rosidl_typesupport_c.dir/rosidl_typesupport_c/unitree_go/msg/motor_state__type_support.cpp.o\x1b[0m\n'}
[11.413274] (unitree_go) StdoutLine: {'line': b'[ 34%] \x1b[32mBuilding C object CMakeFiles/unitree_go__rosidl_typesupport_introspection_c.dir/rosidl_typesupport_introspection_c/unitree_go/msg/detail/height_map__type_support.c.o\x1b[0m\n'}
[11.427887] (unitree_go) StdoutLine: {'line': b'[ 35%] \x1b[32mBuilding CXX object CMakeFiles/unitree_go__rosidl_typesupport_c.dir/rosidl_typesupport_c/unitree_go/msg/motor_states__type_support.cpp.o\x1b[0m\n'}
[11.432398] (unitree_go) StdoutLine: {'line': b'[ 35%] \x1b[32mBuilding CXX object CMakeFiles/unitree_go__rosidl_typesupport_c.dir/rosidl_typesupport_c/unitree_go/msg/path_point__type_support.cpp.o\x1b[0m\n'}
[11.443220] (unitree_go) StdoutLine: {'line': b'[ 35%] \x1b[32mBuilding C object CMakeFiles/unitree_go__rosidl_typesupport_introspection_c.dir/rosidl_typesupport_introspection_c/unitree_go/msg/detail/imu_state__type_support.c.o\x1b[0m\n'}
[11.443576] (unitree_go) StdoutLine: {'line': b'[ 36%] \x1b[32mBuilding C object CMakeFiles/unitree_go__rosidl_typesupport_introspection_c.dir/rosidl_typesupport_introspection_c/unitree_go/msg/detail/interface_config__type_support.c.o\x1b[0m\n'}
[11.448656] (unitree_go) StdoutLine: {'line': b'[ 36%] \x1b[32mBuilding C object CMakeFiles/unitree_go__rosidl_typesupport_introspection_c.dir/rosidl_typesupport_introspection_c/unitree_go/msg/detail/lidar_state__type_support.c.o\x1b[0m\n'}
[11.449505] (-) TimerEvent: {}
[11.454363] (unitree_api) StdoutLine: {'line': b'[100%] Built target unitree_api__rosidl_typesupport_fastrtps_c__pyext\n'}
[11.479499] (unitree_go) StdoutLine: {'line': b'[ 36%] \x1b[32mBuilding CXX object CMakeFiles/unitree_go__rosidl_typesupport_c.dir/rosidl_typesupport_c/unitree_go/msg/res__type_support.cpp.o\x1b[0m\n'}
[11.481426] (unitree_go) StdoutLine: {'line': b'[ 37%] \x1b[32mBuilding CXX object CMakeFiles/unitree_go__rosidl_typesupport_c.dir/rosidl_typesupport_c/unitree_go/msg/req__type_support.cpp.o\x1b[0m\n'}
[11.488265] (unitree_go) StdoutLine: {'line': b'[ 38%] \x1b[32mBuilding CXX object CMakeFiles/unitree_go__rosidl_typesupport_c.dir/rosidl_typesupport_c/unitree_go/msg/sport_mode_cmd__type_support.cpp.o\x1b[0m\n'}
[11.491928] (unitree_go) StdoutLine: {'line': b'[ 39%] \x1b[32mBuilding C object CMakeFiles/unitree_go__rosidl_typesupport_introspection_c.dir/rosidl_typesupport_introspection_c/unitree_go/msg/detail/low_cmd__type_support.c.o\x1b[0m\n'}
[11.494712] (unitree_go) StdoutLine: {'line': b'[ 39%] \x1b[32mBuilding C object CMakeFiles/unitree_go__rosidl_typesupport_introspection_c.dir/rosidl_typesupport_introspection_c/unitree_go/msg/detail/low_state__type_support.c.o\x1b[0m\n'}
[11.501456] (unitree_api) CommandEnded: {'returncode': 0}
[11.504986] (unitree_api) JobProgress: {'identifier': 'unitree_api', 'progress': 'install'}
[11.507947] (unitree_go) StdoutLine: {'line': b'[ 40%] \x1b[32mBuilding C object CMakeFiles/unitree_go__rosidl_typesupport_introspection_c.dir/rosidl_typesupport_introspection_c/unitree_go/msg/detail/motor_cmd__type_support.c.o\x1b[0m\n'}
[11.511180] (unitree_go) StdoutLine: {'line': b'[ 40%] \x1b[32mBuilding C object CMakeFiles/unitree_go__rosidl_typesupport_introspection_c.dir/rosidl_typesupport_introspection_c/unitree_go/msg/detail/motor_state__type_support.c.o\x1b[0m\n'}
[11.514840] (unitree_go) StdoutLine: {'line': b'[ 40%] \x1b[32mBuilding C object CMakeFiles/unitree_go__rosidl_typesupport_introspection_c.dir/rosidl_typesupport_introspection_c/unitree_go/msg/detail/motor_cmds__type_support.c.o\x1b[0m\n'}
[11.524090] (unitree_go) StdoutLine: {'line': b'[ 40%] \x1b[32mBuilding C object CMakeFiles/unitree_go__rosidl_typesupport_introspection_c.dir/rosidl_typesupport_introspection_c/unitree_go/msg/detail/path_point__type_support.c.o\x1b[0m\n'}
[11.534233] (unitree_api) Command: {'cmd': ['/usr/bin/cmake', '--install', '/home/elijah/go2-convex-mpc/ros2_ws/build/unitree_api'], 'cwd': '/home/elijah/go2-convex-mpc/ros2_ws/build/unitree_api', 'env': OrderedDict([('GJS_DEBUG_TOPICS', 'JS ERROR;JS LOG'), ('PYTHON_BASIC_REPL', '1'), ('LESSOPEN', '| /usr/bin/lesspipe %s'), ('CONDA_PROMPT_MODIFIER', ''), ('USER', 'elijah'), ('XDG_SESSION_TYPE', 'x11'), ('GIT_ASKPASS', '/usr/share/code/resources/app/extensions/git/dist/askpass.sh'), ('SHLVL', '1'), ('LD_LIBRARY_PATH', '/opt/ros/humble/opt/rviz_ogre_vendor/lib:/opt/ros/humble/lib/x86_64-linux-gnu:/opt/ros/humble/lib::/home/elijah/convex-mpc-unitree-go2/third_party/acados/lib'), ('ACADOS_SOURCE_DIR', '/home/elijah/convex-mpc-unitree-go2/third_party/acados'), ('HOME', '/home/elijah'), ('CHROME_DESKTOP', 'code.desktop'), ('CONDA_SHLVL', '0'), ('OLDPWD', '/home/elijah/go2-convex-mpc'), ('TERM_PROGRAM_VERSION', '1.104.2'), ('DESKTOP_SESSION', 'ubuntu'), ('GIO_LAUNCHED_DESKTOP_FILE', '/usr/share/applications/code.desktop'), ('ROS_PYTHON_VERSION', '3'), ('GNOME_SHELL_SESSION_MODE', 'ubuntu'), ('GTK_MODULES', 'gail:atk-bridge'), ('VSCODE_GIT_ASKPASS_MAIN', '/usr/share/code/resources/app/extensions/git/dist/askpass-main.js'), ('VSCODE_GIT_ASKPASS_NODE', '/usr/share/code/code'), ('MANAGERPID', '1248'), ('PYDEVD_DISABLE_FILE_VALIDATION', '1'), ('SYSTEMD_EXEC_PID', '2230'), ('BUNDLED_DEBUGPY_PATH', '/home/elijah/.vscode/extensions/ms-python.debugpy-2025.18.0-linux-x64/bundled/libs/debugpy'), ('VSCODE_PYTHON_AUTOACTIVATE_GUARD', '1'), ('DBUS_SESSION_BUS_ADDRESS', 'unix:path=/run/user/1000/bus'), ('COLORTERM', 'truecolor'), ('_CE_M', ''), ('PYTHONNOUSERSITE', '1'), ('_CONDA_ROOT', '/home/elijah/miniconda3'), ('GIO_LAUNCHED_DESKTOP_FILE_PID', '19285'), ('ROS_DISTRO', 'humble'), ('GTK_IM_MODULE', 'ibus'), ('LOGNAME', 'elijah'), ('JOURNAL_STREAM', '8:23301'), ('_', '/usr/bin/colcon'), ('ROS_VERSION', '2'), ('XDG_SESSION_CLASS', 'user'), ('USERNAME', 'elijah'), ('TERM', 'xterm-256color'), ('GNOME_DESKTOP_SESSION_ID', 'this-is-deprecated'), ('_CE_CONDA', ''), ('ROS_LOCALHOST_ONLY', '0'), ('WINDOWPATH', '2'), ('PATH', '/opt/ros/humble/bin:/home/elijah/MATLAB/R2025b/bin:/home/elijah/.local/bin:/home/elijah/MATLAB/R2025b/bin:/home/elijah/miniconda3/condabin:/home/elijah/.local/bin:/usr/local/sbin:/usr/local/bin:/usr/sbin:/usr/bin:/sbin:/bin:/usr/games:/usr/local/games:/snap/bin:/snap/bin:/home/elijah/.vscode/extensions/ms-python.debugpy-2025.18.0-linux-x64/bundled/scripts/noConfigScripts:/home/elijah/.config/Code/User/globalStorage/github.copilot-chat/debugCommand'), ('SESSION_MANAGER', 'local/blade14:@/tmp/.ICE-unix/2191,unix/blade14:/tmp/.ICE-unix/2191'), ('INVOCATION_ID', '2334c8eb0f6b414eb551b517251acb30'), ('XDG_MENU_PREFIX', 'gnome-'), ('XDG_RUNTIME_DIR', '/run/user/1000'), ('GDK_BACKEND', 'x11'), ('DISPLAY', ':0'), ('VSCODE_DEBUGPY_ADAPTER_ENDPOINTS', '/home/elijah/.vscode/extensions/ms-python.debugpy-2025.18.0-linux-x64/.noConfigDebugAdapterEndpoints/endpoint-e8e5ede5e48c9972.txt'), ('LANG', 'en_US.UTF-8'), ('XDG_CURRENT_DESKTOP', 'Unity'), ('PYTHONSTARTUP', '/home/elijah/.config/Code/User/workspaceStorage/3f9c70443e8b64211a210c374fcd3635/ms-python.python/pythonrc.py'), ('XMODIFIERS', '@im=ibus'), ('XDG_SESSION_DESKTOP', 'ubuntu'), ('XAUTHORITY', '/run/user/1000/gdm/Xauthority'), ('LS_COLORS', 'rs=0:di=01;34:ln=01;36:mh=00:pi=40;33:so=01;35:do=01;35:bd=40;33;01:cd=40;33;01:or=40;31;01:mi=00:su=37;41:sg=30;43:ca=30;41:tw=30;42:ow=34;42:st=37;44:ex=01;32:*.tar=01;31:*.tgz=01;31:*.arc=01;31:*.arj=01;31:*.taz=01;31:*.lha=01;31:*.lz4=01;31:*.lzh=01;31:*.lzma=01;31:*.tlz=01;31:*.txz=01;31:*.tzo=01;31:*.t7z=01;31:*.zip=01;31:*.z=01;31:*.dz=01;31:*.gz=01;31:*.lrz=01;31:*.lz=01;31:*.lzo=01;31:*.xz=01;31:*.zst=01;31:*.tzst=01;31:*.bz2=01;31:*.bz=01;31:*.tbz=01;31:*.tbz2=01;31:*.tz=01;31:*.deb=01;31:*.rpm=01;31:*.jar=01;31:*.war=01;31:*.ear=01;31:*.sar=01;31:*.rar=01;31:*.alz=01;31:*.ace=01;31:*.zoo=01;31:*.cpio=01;31:*.7z=01;31:*.rz=01;31:*.cab=01;31:*.wim=01;31:*.swm=01;31:*.dwm=01;31:*.esd=01;31:*.jpg=01;35:*.jpeg=01;35:*.mjpg=01;35:*.mjpeg=01;35:*.gif=01;35:*.bmp=01;35:*.pbm=01;35:*.pgm=01;35:*.ppm=01;35:*.tga=01;35:*.xbm=01;35:*.xpm=01;35:*.tif=01;35:*.tiff=01;35:*.png=01;35:*.svg=01;35:*.svgz=01;35:*.mng=01;35:*.pcx=01;35:*.mov=01;35:*.mpg=01;35:*.mpeg=01;35:*.m2v=01;35:*.mkv=01;35:*.webm=01;35:*.webp=01;35:*.ogm=01;35:*.mp4=01;35:*.m4v=01;35:*.mp4v=01;35:*.vob=01;35:*.qt=01;35:*.nuv=01;35:*.wmv=01;35:*.asf=01;35:*.rm=01;35:*.rmvb=01;35:*.flc=01;35:*.avi=01;35:*.fli=01;35:*.flv=01;35:*.gl=01;35:*.dl=01;35:*.xcf=01;35:*.xwd=01;35:*.yuv=01;35:*.cgm=01;35:*.emf=01;35:*.ogv=01;35:*.ogx=01;35:*.aac=00;36:*.au=00;36:*.flac=00;36:*.m4a=00;36:*.mid=00;36:*.midi=00;36:*.mka=00;36:*.mp3=00;36:*.mpc=00;36:*.ogg=00;36:*.ra=00;36:*.wav=00;36:*.oga=00;36:*.opus=00;36:*.spx=00;36:*.xspf=00;36:'), ('VSCODE_GIT_IPC_HANDLE', '/run/user/1000/vscode-git-220767a3ce.sock'), ('TERM_PROGRAM', 'vscode'), ('SSH_AGENT_LAUNCHER', 'gnome-keyring'), ('SSH_AUTH_SOCK', '/run/user/1000/keyring/ssh'), ('AMENT_PREFIX_PATH', '/opt/ros/humble'), ('CONDA_PYTHON_EXE', '/home/elijah/miniconda3/bin/python'), ('ORIGINAL_XDG_CURRENT_DESKTOP', 'ubuntu:GNOME'), ('SHELL', '/bin/bash'), ('QT_ACCESSIBILITY', '1'), ('GDMSESSION', 'ubuntu'), ('LESSCLOSE', '/usr/bin/lesspipe %s %s'), ('CONDA_DEFAULT_ENV', ''), ('GPG_AGENT_INFO', '/run/user/1000/gnupg/S.gpg-agent:0:1'), ('GJS_DEBUG_OUTPUT', 'stderr'), ('_CONDA_EXE', '/home/elijah/miniconda3/bin/conda'), ('VSCODE_GIT_ASKPASS_EXTRA_ARGS', ''), ('QT_IM_MODULE', 'ibus'), ('PWD', '/home/elijah/go2-convex-mpc/ros2_ws/build/unitree_api'), ('XDG_CONFIG_DIRS', '/etc/xdg/xdg-ubuntu:/etc/xdg'), ('CONDA_EXE', '/home/elijah/miniconda3/bin/conda'), ('XDG_DATA_DIRS', '/usr/share/ubuntu:/usr/share/gnome:/usr/local/share/:/usr/share/:/var/lib/snapd/desktop'), ('PYTHONPATH', '/opt/ros/humble/lib/python3.10/site-packages:/opt/ros/humble/local/lib/python3.10/dist-packages'), ('CONDA_PREFIX', ''), ('COLCON', '1'), ('CMAKE_PREFIX_PATH', '/opt/ros/humble')]), 'shell': False}
[11.535642] (unitree_go) StdoutLine: {'line': b'[ 42%] \x1b[32mBuilding CXX object CMakeFiles/unitree_go__rosidl_typesupport_c.dir/rosidl_typesupport_c/unitree_go/msg/time_spec__type_support.cpp.o\x1b[0m\n'}
[11.537770] (unitree_go) StdoutLine: {'line': b'[ 42%] \x1b[32mBuilding C object CMakeFiles/unitree_go__rosidl_typesupport_introspection_c.dir/rosidl_typesupport_introspection_c/unitree_go/msg/detail/motor_states__type_support.c.o\x1b[0m\n'}
[11.538025] (unitree_go) StdoutLine: {'line': b'[ 42%] \x1b[32mBuilding CXX object CMakeFiles/unitree_go__rosidl_typesupport_c.dir/rosidl_typesupport_c/unitree_go/msg/sport_mode_state__type_support.cpp.o\x1b[0m\n'}
[11.549654] (-) TimerEvent: {}
[11.551714] (unitree_api) StdoutLine: {'line': b'-- Install configuration: ""\n'}
[11.552166] (unitree_go) StdoutLine: {'line': b'[ 42%] \x1b[32mBuilding CXX object CMakeFiles/unitree_go__rosidl_typesupport_introspection_cpp.dir/rosidl_typesupport_introspection_cpp/unitree_go/msg/detail/bms_state__type_support.cpp.o\x1b[0m\n'}
[11.554220] (unitree_api) StdoutLine: {'line': b'-- Execute custom install script\n'}
[11.558171] (unitree_api) StdoutLine: {'line': b'-- Symlinking: /home/elijah/go2-convex-mpc/ros2_ws/install/unitree_api/share/ament_index/resource_index/rosidl_interfaces/unitree_api\n'}
[11.562457] (unitree_go) StdoutLine: {'line': b'[ 43%] \x1b[32mBuilding CXX object CMakeFiles/unitree_go__rosidl_typesupport_introspection_cpp.dir/rosidl_typesupport_introspection_cpp/unitree_go/msg/detail/bms_cmd__type_support.cpp.o\x1b[0m\n'}
[11.562961] (unitree_go) StdoutLine: {'line': b'[ 43%] \x1b[32mBuilding CXX object CMakeFiles/unitree_go__rosidl_typesupport_c.dir/rosidl_typesupport_c/unitree_go/msg/uwb_state__type_support.cpp.o\x1b[0m\n'}
[11.567134] (unitree_go) StdoutLine: {'line': b'[ 44%] \x1b[32mBuilding CXX object CMakeFiles/unitree_go__rosidl_typesupport_introspection_cpp.dir/rosidl_typesupport_introspection_cpp/unitree_go/msg/detail/error__type_support.cpp.o\x1b[0m\n'}
[11.572848] (unitree_go) StdoutLine: {'line': b'[ 44%] \x1b[32mBuilding CXX object CMakeFiles/unitree_go__rosidl_typesupport_introspection_cpp.dir/rosidl_typesupport_introspection_cpp/unitree_go/msg/detail/audio_data__type_support.cpp.o\x1b[0m\n'}
[11.585514] (unitree_go) StdoutLine: {'line': b'[ 45%] \x1b[32mBuilding CXX object CMakeFiles/unitree_go__rosidl_typesupport_c.dir/rosidl_typesupport_c/unitree_go/msg/uwb_switch__type_support.cpp.o\x1b[0m\n'}
[11.587638] (unitree_api) StdoutLine: {'line': b'-- Symlinking: /home/elijah/go2-convex-mpc/ros2_ws/install/unitree_api/include/unitree_api/unitree_api/msg/detail/request__functions.h\n'}
[11.590524] (unitree_go) StdoutLine: {'line': b'[ 45%] \x1b[32mBuilding CXX object CMakeFiles/unitree_go__rosidl_typesupport_c.dir/rosidl_typesupport_c/unitree_go/msg/wireless_controller__type_support.cpp.o\x1b[0m\n'}
[11.592888] (unitree_go) StdoutLine: {'line': b'[ 45%] \x1b[32mBuilding CXX object CMakeFiles/unitree_go__rosidl_typesupport_introspection_cpp.dir/rosidl_typesupport_introspection_cpp/unitree_go/msg/detail/go2_front_video_data__type_support.cpp.o\x1b[0m\n'}
[11.601412] (unitree_go) StdoutLine: {'line': b'[ 46%] \x1b[32mBuilding CXX object CMakeFiles/unitree_go__rosidl_typesupport_introspection_cpp.dir/rosidl_typesupport_introspection_cpp/unitree_go/msg/detail/height_map__type_support.cpp.o\x1b[0m\n'}
[11.601817] (unitree_go) StdoutLine: {'line': b'[ 46%] \x1b[32mBuilding C object CMakeFiles/unitree_go__rosidl_typesupport_introspection_c.dir/rosidl_typesupport_introspection_c/unitree_go/msg/detail/res__type_support.c.o\x1b[0m\n'}
[11.602011] (unitree_go) StdoutLine: {'line': b'[ 47%] \x1b[32mBuilding C object CMakeFiles/unitree_go__rosidl_typesupport_introspection_c.dir/rosidl_typesupport_introspection_c/unitree_go/msg/detail/req__type_support.c.o\x1b[0m\n'}
[11.608774] (unitree_go) StdoutLine: {'line': b'[ 47%] \x1b[32mBuilding CXX object CMakeFiles/unitree_go__rosidl_typesupport_introspection_cpp.dir/rosidl_typesupport_introspection_cpp/unitree_go/msg/detail/imu_state__type_support.cpp.o\x1b[0m\n'}
[11.610736] (unitree_go) StdoutLine: {'line': b'[ 48%] \x1b[32mBuilding C object CMakeFiles/unitree_go__rosidl_typesupport_introspection_c.dir/rosidl_typesupport_introspection_c/unitree_go/msg/detail/sport_mode_cmd__type_support.c.o\x1b[0m\n'}
[11.615943] (unitree_go) StdoutLine: {'line': b'[ 48%] \x1b[32mBuilding CXX object CMakeFiles/unitree_go__rosidl_typesupport_fastrtps_c.dir/rosidl_typesupport_fastrtps_c/unitree_go/msg/detail/audio_data__type_support_c.cpp.o\x1b[0m\n'}
[11.624442] (unitree_go) StdoutLine: {'line': b'[ 48%] \x1b[32mBuilding C object CMakeFiles/unitree_go__rosidl_typesupport_introspection_c.dir/rosidl_typesupport_introspection_c/unitree_go/msg/detail/sport_mode_state__type_support.c.o\x1b[0m\n'}
[11.624812] (unitree_go) StdoutLine: {'line': b'[ 49%] \x1b[32mBuilding CXX object CMakeFiles/unitree_go__rosidl_typesupport_fastrtps_c.dir/rosidl_typesupport_fastrtps_c/unitree_go/msg/detail/bms_cmd__type_support_c.cpp.o\x1b[0m\n'}
[11.626710] (unitree_api) StdoutLine: {'line': b'-- Symlinking: /home/elijah/go2-convex-mpc/ros2_ws/install/unitree_api/include/unitree_api/unitree_api/msg/detail/request__struct.h\n'}
[11.652676] (-) TimerEvent: {}
[11.668741] (unitree_api) StdoutLine: {'line': b'-- Symlinking: /home/elijah/go2-convex-mpc/ros2_ws/install/unitree_api/include/unitree_api/unitree_api/msg/detail/request__type_support.h\n'}
[11.669032] (unitree_go) StdoutLine: {'line': b'[ 49%] \x1b[32mBuilding CXX object CMakeFiles/unitree_go__rosidl_typesupport_fastrtps_c.dir/rosidl_typesupport_fastrtps_c/unitree_go/msg/detail/bms_state__type_support_c.cpp.o\x1b[0m\n'}
[11.678259] (unitree_go) StdoutLine: {'line': b'[ 51%] \x1b[32m\x1b[1mLinking CXX shared library libunitree_go__rosidl_typesupport_c.so\x1b[0m\n'}
[11.679443] (unitree_go) StdoutLine: {'line': b'[ 51%] \x1b[32mBuilding CXX object CMakeFiles/unitree_go__rosidl_typesupport_introspection_cpp.dir/rosidl_typesupport_introspection_cpp/unitree_go/msg/detail/interface_config__type_support.cpp.o\x1b[0m\n'}
[11.691785] (unitree_api) StdoutLine: {'line': b'-- Symlinking: /home/elijah/go2-convex-mpc/ros2_ws/install/unitree_api/include/unitree_api/unitree_api/msg/detail/request_header__functions.h\n'}
[11.699085] (unitree_go) StdoutLine: {'line': b'[ 52%] \x1b[32m\x1b[1mLinking CXX shared library libunitree_go__rosidl_typesupport_cpp.so\x1b[0m\n'}
[11.707101] (unitree_go) StdoutLine: {'line': b'[ 53%] \x1b[32mBuilding CXX object CMakeFiles/unitree_go__rosidl_typesupport_fastrtps_c.dir/rosidl_typesupport_fastrtps_c/unitree_go/msg/detail/error__type_support_c.cpp.o\x1b[0m\n'}
[11.711287] (unitree_api) StdoutLine: {'line': b'-- Symlinking: /home/elijah/go2-convex-mpc/ros2_ws/install/unitree_api/include/unitree_api/unitree_api/msg/detail/request_header__struct.h\n'}
[11.734837] (unitree_go) StdoutLine: {'line': b'[ 53%] \x1b[32mBuilding CXX object CMakeFiles/unitree_go__rosidl_typesupport_fastrtps_c.dir/rosidl_typesupport_fastrtps_c/unitree_go/msg/detail/go2_front_video_data__type_support_c.cpp.o\x1b[0m\n'}
[11.735236] (unitree_go) StdoutLine: {'line': b'[ 54%] \x1b[32mBuilding C object CMakeFiles/unitree_go__rosidl_typesupport_introspection_c.dir/rosidl_typesupport_introspection_c/unitree_go/msg/detail/time_spec__type_support.c.o\x1b[0m\n'}
[11.753718] (unitree_api) StdoutLine: {'line': b'-- Symlinking: /home/elijah/go2-convex-mpc/ros2_ws/install/unitree_api/include/unitree_api/unitree_api/msg/detail/request_header__type_support.h\n'}
[11.754753] (-) TimerEvent: {}
[11.794762] (unitree_api) StdoutLine: {'line': b'-- Symlinking: /home/elijah/go2-convex-mpc/ros2_ws/install/unitree_api/include/unitree_api/unitree_api/msg/detail/request_identity__functions.h\n'}
[11.815996] (unitree_go) StdoutLine: {'line': b'[ 54%] Built target unitree_go__rosidl_typesupport_cpp\n'}
[11.824765] (unitree_api) StdoutLine: {'line': b'-- Symlinking: /home/elijah/go2-convex-mpc/ros2_ws/install/unitree_api/include/unitree_api/unitree_api/msg/detail/request_identity__struct.h\n'}
[11.854899] (-) TimerEvent: {}
[11.864941] (unitree_go) StdoutLine: {'line': b'[ 54%] \x1b[32mBuilding C object CMakeFiles/unitree_go__rosidl_typesupport_introspection_c.dir/rosidl_typesupport_introspection_c/unitree_go/msg/detail/uwb_state__type_support.c.o\x1b[0m\n'}
[11.865771] (unitree_api) StdoutLine: {'line': b'-- Symlinking: /home/elijah/go2-convex-mpc/ros2_ws/install/unitree_api/include/unitree_api/unitree_api/msg/detail/request_identity__type_support.h\n'}
[11.869085] (unitree_go) StdoutLine: {'line': b'[ 54%] Built target unitree_go__rosidl_typesupport_c\n'}
[11.876848] (unitree_go) StdoutLine: {'line': b'[ 55%] \x1b[34m\x1b[1mGenerating C++ type support for eProsima Fast-RTPS\x1b[0m\n'}
[11.897244] (unitree_go) StdoutLine: {'line': b'[ 56%] \x1b[32mBuilding C object CMakeFiles/unitree_go__rosidl_typesupport_introspection_c.dir/rosidl_typesupport_introspection_c/unitree_go/msg/detail/uwb_switch__type_support.c.o\x1b[0m\n'}
[11.900572] (unitree_api) StdoutLine: {'line': b'-- Symlinking: /home/elijah/go2-convex-mpc/ros2_ws/install/unitree_api/include/unitree_api/unitree_api/msg/detail/request_lease__functions.h\n'}
[11.943576] (unitree_api) StdoutLine: {'line': b'-- Symlinking: /home/elijah/go2-convex-mpc/ros2_ws/install/unitree_api/include/unitree_api/unitree_api/msg/detail/request_lease__struct.h\n'}
[11.955722] (-) TimerEvent: {}
[11.984924] (unitree_api) StdoutLine: {'line': b'-- Symlinking: /home/elijah/go2-convex-mpc/ros2_ws/install/unitree_api/include/unitree_api/unitree_api/msg/detail/request_lease__type_support.h\n'}
[12.003683] (unitree_go) StdoutLine: {'line': b'[ 57%] \x1b[32mBuilding CXX object CMakeFiles/unitree_go__rosidl_typesupport_fastrtps_c.dir/rosidl_typesupport_fastrtps_c/unitree_go/msg/detail/height_map__type_support_c.cpp.o\x1b[0m\n'}
[12.011732] (unitree_go) StdoutLine: {'line': b'[ 57%] \x1b[32mBuilding C object CMakeFiles/unitree_go__rosidl_typesupport_introspection_c.dir/rosidl_typesupport_introspection_c/unitree_go/msg/detail/wireless_controller__type_support.c.o\x1b[0m\n'}
[12.025766] (unitree_api) StdoutLine: {'line': b'-- Symlinking: /home/elijah/go2-convex-mpc/ros2_ws/install/unitree_api/include/unitree_api/unitree_api/msg/detail/request_policy__functions.h\n'}
[12.055865] (-) TimerEvent: {}
[12.058990] (unitree_api) StdoutLine: {'line': b'-- Symlinking: /home/elijah/go2-convex-mpc/ros2_ws/install/unitree_api/include/unitree_api/unitree_api/msg/detail/request_policy__struct.h\n'}
[12.092971] (unitree_api) StdoutLine: {'line': b'-- Symlinking: /home/elijah/go2-convex-mpc/ros2_ws/install/unitree_api/include/unitree_api/unitree_api/msg/detail/request_policy__type_support.h\n'}
[12.129071] (unitree_api) StdoutLine: {'line': b'-- Symlinking: /home/elijah/go2-convex-mpc/ros2_ws/install/unitree_api/include/unitree_api/unitree_api/msg/detail/response__functions.h\n'}
[12.136328] (unitree_go) StdoutLine: {'line': b'[ 58%] \x1b[32m\x1b[1mLinking C shared library libunitree_go__rosidl_typesupport_introspection_c.so\x1b[0m\n'}
[12.152007] (unitree_api) StdoutLine: {'line': b'-- Symlinking: /home/elijah/go2-convex-mpc/ros2_ws/install/unitree_api/include/unitree_api/unitree_api/msg/detail/response__struct.h\n'}
[12.155976] (-) TimerEvent: {}
[12.187226] (unitree_api) StdoutLine: {'line': b'-- Symlinking: /home/elijah/go2-convex-mpc/ros2_ws/install/unitree_api/include/unitree_api/unitree_api/msg/detail/response__type_support.h\n'}
[12.223638] (unitree_api) StdoutLine: {'line': b'-- Symlinking: /home/elijah/go2-convex-mpc/ros2_ws/install/unitree_api/include/unitree_api/unitree_api/msg/detail/response_header__functions.h\n'}
[12.257683] (-) TimerEvent: {}
[12.260672] (unitree_api) StdoutLine: {'line': b'-- Symlinking: /home/elijah/go2-convex-mpc/ros2_ws/install/unitree_api/include/unitree_api/unitree_api/msg/detail/response_header__struct.h\n'}
[12.300971] (unitree_go) StdoutLine: {'line': b'[ 58%] Built target unitree_go__rosidl_typesupport_introspection_c\n'}
[12.302962] (unitree_api) StdoutLine: {'line': b'-- Symlinking: /home/elijah/go2-convex-mpc/ros2_ws/install/unitree_api/include/unitree_api/unitree_api/msg/detail/response_header__type_support.h\n'}
[12.336036] (unitree_go) StdoutLine: {'line': b'[ 58%] \x1b[32mBuilding CXX object CMakeFiles/unitree_go__rosidl_typesupport_introspection_cpp.dir/rosidl_typesupport_introspection_cpp/unitree_go/msg/detail/lidar_state__type_support.cpp.o\x1b[0m\n'}
[12.343630] (unitree_api) StdoutLine: {'line': b'-- Symlinking: /home/elijah/go2-convex-mpc/ros2_ws/install/unitree_api/include/unitree_api/unitree_api/msg/detail/response_status__functions.h\n'}
[12.352277] (unitree_go) StdoutLine: {'line': b'[ 58%] \x1b[32mBuilding CXX object CMakeFiles/unitree_go__rosidl_typesupport_fastrtps_c.dir/rosidl_typesupport_fastrtps_c/unitree_go/msg/detail/imu_state__type_support_c.cpp.o\x1b[0m\n'}
[12.354124] (unitree_go) StdoutLine: {'line': b'[ 59%] \x1b[32mBuilding CXX object CMakeFiles/unitree_go__rosidl_typesupport_introspection_cpp.dir/rosidl_typesupport_introspection_cpp/unitree_go/msg/detail/low_cmd__type_support.cpp.o\x1b[0m\n'}
[12.357817] (-) TimerEvent: {}
[12.369114] (unitree_go) StdoutLine: {'line': b'[ 59%] \x1b[32mBuilding CXX object CMakeFiles/unitree_go__rosidl_typesupport_introspection_cpp.dir/rosidl_typesupport_introspection_cpp/unitree_go/msg/detail/low_state__type_support.cpp.o\x1b[0m\n'}
[12.371109] (unitree_go) StdoutLine: {'line': b'[ 60%] \x1b[32mBuilding CXX object CMakeFiles/unitree_go__rosidl_typesupport_fastrtps_c.dir/rosidl_typesupport_fastrtps_c/unitree_go/msg/detail/interface_config__type_support_c.cpp.o\x1b[0m\n'}
[12.371579] (unitree_api) StdoutLine: {'line': b'-- Symlinking: /home/elijah/go2-convex-mpc/ros2_ws/install/unitree_api/include/unitree_api/unitree_api/msg/detail/response_status__struct.h\n'}
[12.390051] (unitree_go) StdoutLine: {'line': b'[ 60%] \x1b[32mBuilding CXX object CMakeFiles/unitree_go__rosidl_typesupport_fastrtps_c.dir/rosidl_typesupport_fastrtps_c/unitree_go/msg/detail/lidar_state__type_support_c.cpp.o\x1b[0m\n'}
[12.393299] (unitree_go) StdoutLine: {'line': b'[ 61%] \x1b[32mBuilding CXX object CMakeFiles/unitree_go__rosidl_typesupport_fastrtps_c.dir/rosidl_typesupport_fastrtps_c/unitree_go/msg/detail/low_cmd__type_support_c.cpp.o\x1b[0m\n'}
[12.398069] (unitree_api) StdoutLine: {'line': b'-- Symlinking: /home/elijah/go2-convex-mpc/ros2_ws/install/unitree_api/include/unitree_api/unitree_api/msg/detail/response_status__type_support.h\n'}
[12.431660] (unitree_go) StdoutLine: {'line': b'[ 61%] \x1b[32mBuilding CXX object CMakeFiles/unitree_go__rosidl_typesupport_introspection_cpp.dir/rosidl_typesupport_introspection_cpp/unitree_go/msg/detail/motor_cmd__type_support.cpp.o\x1b[0m\n'}
[12.433959] (unitree_api) StdoutLine: {'line': b'-- Symlinking: /home/elijah/go2-convex-mpc/ros2_ws/install/unitree_api/include/unitree_api/unitree_api/msg/request.h\n'}
[12.458068] (-) TimerEvent: {}
[12.463675] (unitree_api) StdoutLine: {'line': b'-- Symlinking: /home/elijah/go2-convex-mpc/ros2_ws/install/unitree_api/include/unitree_api/unitree_api/msg/request_header.h\n'}
[12.478745] (unitree_api) StdoutLine: {'line': b'-- Symlinking: /home/elijah/go2-convex-mpc/ros2_ws/install/unitree_api/include/unitree_api/unitree_api/msg/request_identity.h\n'}
[12.479814] (unitree_go) StdoutLine: {'line': b'[ 61%] \x1b[32mBuilding CXX object CMakeFiles/unitree_go__rosidl_typesupport_fastrtps_c.dir/rosidl_typesupport_fastrtps_c/unitree_go/msg/detail/low_state__type_support_c.cpp.o\x1b[0m\n'}
[12.485012] (unitree_go) StdoutLine: {'line': b'[ 62%] \x1b[32mBuilding CXX object CMakeFiles/unitree_go__rosidl_typesupport_introspection_cpp.dir/rosidl_typesupport_introspection_cpp/unitree_go/msg/detail/motor_cmds__type_support.cpp.o\x1b[0m\n'}
[12.509699] (unitree_api) StdoutLine: {'line': b'-- Symlinking: /home/elijah/go2-convex-mpc/ros2_ws/install/unitree_api/include/unitree_api/unitree_api/msg/request_lease.h\n'}
[12.543943] (unitree_api) StdoutLine: {'line': b'-- Symlinking: /home/elijah/go2-convex-mpc/ros2_ws/install/unitree_api/include/unitree_api/unitree_api/msg/request_policy.h\n'}
[12.552030] (unitree_go) StdoutLine: {'line': b'[ 63%] \x1b[32mBuilding CXX object CMakeFiles/unitree_go__rosidl_typesupport_fastrtps_c.dir/rosidl_typesupport_fastrtps_c/unitree_go/msg/detail/motor_cmd__type_support_c.cpp.o\x1b[0m\n'}
[12.558202] (-) TimerEvent: {}
[12.581220] (unitree_api) StdoutLine: {'line': b'-- Symlinking: /home/elijah/go2-convex-mpc/ros2_ws/install/unitree_api/include/unitree_api/unitree_api/msg/response.h\n'}
[12.596942] (unitree_go) StdoutLine: {'line': b'[ 63%] \x1b[32mBuilding CXX object CMakeFiles/unitree_go__rosidl_typesupport_fastrtps_c.dir/rosidl_typesupport_fastrtps_c/unitree_go/msg/detail/motor_cmds__type_support_c.cpp.o\x1b[0m\n'}
[12.612374] (unitree_api) StdoutLine: {'line': b'-- Symlinking: /home/elijah/go2-convex-mpc/ros2_ws/install/unitree_api/include/unitree_api/unitree_api/msg/response_header.h\n'}
[12.654305] (unitree_api) StdoutLine: {'line': b'-- Symlinking: /home/elijah/go2-convex-mpc/ros2_ws/install/unitree_api/include/unitree_api/unitree_api/msg/response_status.h\n'}
[12.658313] (-) TimerEvent: {}
[12.672776] (unitree_go) StdoutLine: {'line': b'[ 63%] \x1b[32mBuilding CXX object CMakeFiles/unitree_go__rosidl_typesupport_introspection_cpp.dir/rosidl_typesupport_introspection_cpp/unitree_go/msg/detail/motor_state__type_support.cpp.o\x1b[0m\n'}
[12.698461] (unitree_api) StdoutLine: {'line': b'-- Symlinking: /home/elijah/go2-convex-mpc/ros2_ws/install/unitree_api/include/unitree_api/unitree_api/msg/rosidl_generator_c__visibility_control.h\n'}
[12.727821] (unitree_api) StdoutLine: {'line': b'-- Symlinking: /home/elijah/go2-convex-mpc/ros2_ws/install/unitree_api/share/unitree_api/environment/library_path.sh\n'}
[12.731560] (unitree_go) StdoutLine: {'line': b'[ 63%] \x1b[32mBuilding CXX object CMakeFiles/unitree_go__rosidl_typesupport_fastrtps_c.dir/rosidl_typesupport_fastrtps_c/unitree_go/msg/detail/motor_state__type_support_c.cpp.o\x1b[0m\n'}
[12.758447] (-) TimerEvent: {}
[12.762758] (unitree_api) StdoutLine: {'line': b'-- Symlinking: /home/elijah/go2-convex-mpc/ros2_ws/install/unitree_api/share/unitree_api/environment/library_path.dsv\n'}
[12.802979] (unitree_api) StdoutLine: {'line': b'-- Symlinking: /home/elijah/go2-convex-mpc/ros2_ws/install/unitree_api/include/unitree_api/unitree_api/msg/detail/request__rosidl_typesupport_fastrtps_c.h\n'}
[12.842320] (unitree_api) StdoutLine: {'line': b'-- Symlinking: /home/elijah/go2-convex-mpc/ros2_ws/install/unitree_api/include/unitree_api/unitree_api/msg/detail/request_header__rosidl_typesupport_fastrtps_c.h\n'}
[12.858684] (-) TimerEvent: {}
[12.884627] (unitree_api) StdoutLine: {'line': b'-- Symlinking: /home/elijah/go2-convex-mpc/ros2_ws/install/unitree_api/include/unitree_api/unitree_api/msg/detail/request_identity__rosidl_typesupport_fastrtps_c.h\n'}
[12.889657] (unitree_go) StdoutLine: {'line': b'[ 64%] \x1b[32mBuilding CXX object CMakeFiles/unitree_go__rosidl_typesupport_introspection_cpp.dir/rosidl_typesupport_introspection_cpp/unitree_go/msg/detail/motor_states__type_support.cpp.o\x1b[0m\n'}
[12.924486] (unitree_api) StdoutLine: {'line': b'-- Symlinking: /home/elijah/go2-convex-mpc/ros2_ws/install/unitree_api/include/unitree_api/unitree_api/msg/detail/request_lease__rosidl_typesupport_fastrtps_c.h\n'}
[12.949873] (unitree_go) StdoutLine: {'line': b'[ 64%] \x1b[32mBuilding CXX object CMakeFiles/unitree_go__rosidl_typesupport_introspection_cpp.dir/rosidl_typesupport_introspection_cpp/unitree_go/msg/detail/path_point__type_support.cpp.o\x1b[0m\n'}
[12.958833] (-) TimerEvent: {}
[12.962816] (unitree_api) StdoutLine: {'line': b'-- Symlinking: /home/elijah/go2-convex-mpc/ros2_ws/install/unitree_api/include/unitree_api/unitree_api/msg/detail/request_policy__rosidl_typesupport_fastrtps_c.h\n'}
[12.998331] (unitree_api) StdoutLine: {'line': b'-- Symlinking: /home/elijah/go2-convex-mpc/ros2_ws/install/unitree_api/include/unitree_api/unitree_api/msg/detail/response__rosidl_typesupport_fastrtps_c.h\n'}
[13.022707] (unitree_api) StdoutLine: {'line': b'-- Symlinking: /home/elijah/go2-convex-mpc/ros2_ws/install/unitree_api/include/unitree_api/unitree_api/msg/detail/response_header__rosidl_typesupport_fastrtps_c.h\n'}
[13.045534] (unitree_go) StdoutLine: {'line': b'[ 65%] \x1b[32mBuilding CXX object CMakeFiles/unitree_go__rosidl_typesupport_introspection_cpp.dir/rosidl_typesupport_introspection_cpp/unitree_go/msg/detail/req__type_support.cpp.o\x1b[0m\n'}
[13.051816] (unitree_go) StdoutLine: {'line': b'[ 65%] \x1b[32mBuilding CXX object CMakeFiles/unitree_go__rosidl_typesupport_introspection_cpp.dir/rosidl_typesupport_introspection_cpp/unitree_go/msg/detail/res__type_support.cpp.o\x1b[0m\n'}
[13.055572] (unitree_api) StdoutLine: {'line': b'-- Symlinking: /home/elijah/go2-convex-mpc/ros2_ws/install/unitree_api/include/unitree_api/unitree_api/msg/detail/response_status__rosidl_typesupport_fastrtps_c.h\n'}
[13.059657] (-) TimerEvent: {}
[13.088742] (unitree_api) StdoutLine: {'line': b'-- Symlinking: /home/elijah/go2-convex-mpc/ros2_ws/install/unitree_api/include/unitree_api/unitree_api/msg/rosidl_typesupport_fastrtps_c__visibility_control.h\n'}
[13.116429] (unitree_go) StdoutLine: {'line': b'[ 66%] \x1b[32mBuilding CXX object CMakeFiles/unitree_go__rosidl_typesupport_fastrtps_c.dir/rosidl_typesupport_fastrtps_c/unitree_go/msg/detail/motor_states__type_support_c.cpp.o\x1b[0m\n'}
[13.122763] (unitree_api) StdoutLine: {'line': b'-- Symlinking: /home/elijah/go2-convex-mpc/ros2_ws/install/unitree_api/include/unitree_api/unitree_api/msg/detail/request__builder.hpp\n'}
[13.128731] (unitree_go) StdoutLine: {'line': b'[ 66%] \x1b[32mBuilding CXX object CMakeFiles/unitree_go__rosidl_typesupport_fastrtps_c.dir/rosidl_typesupport_fastrtps_c/unitree_go/msg/detail/path_point__type_support_c.cpp.o\x1b[0m\n'}
[13.160022] (unitree_api) StdoutLine: {'line': b'-- Symlinking: /home/elijah/go2-convex-mpc/ros2_ws/install/unitree_api/include/unitree_api/unitree_api/msg/detail/request__struct.hpp\n'}
[13.160845] (-) TimerEvent: {}
[13.197277] (unitree_go) StdoutLine: {'line': b'[ 67%] \x1b[32mBuilding CXX object CMakeFiles/unitree_go__rosidl_typesupport_fastrtps_c.dir/rosidl_typesupport_fastrtps_c/unitree_go/msg/detail/req__type_support_c.cpp.o\x1b[0m\n'}
[13.198393] (unitree_api) StdoutLine: {'line': b'-- Symlinking: /home/elijah/go2-convex-mpc/ros2_ws/install/unitree_api/include/unitree_api/unitree_api/msg/detail/request__traits.hpp\n'}
[13.228381] (unitree_go) StdoutLine: {'line': b'[ 67%] \x1b[32mBuilding CXX object CMakeFiles/unitree_go__rosidl_typesupport_fastrtps_c.dir/rosidl_typesupport_fastrtps_c/unitree_go/msg/detail/res__type_support_c.cpp.o\x1b[0m\n'}
[13.228802] (unitree_api) StdoutLine: {'line': b'-- Symlinking: /home/elijah/go2-convex-mpc/ros2_ws/install/unitree_api/include/unitree_api/unitree_api/msg/detail/request__type_support.hpp\n'}
[13.235155] (unitree_go) StdoutLine: {'line': b'[ 68%] \x1b[32mBuilding CXX object CMakeFiles/unitree_go__rosidl_typesupport_fastrtps_c.dir/rosidl_typesupport_fastrtps_c/unitree_go/msg/detail/sport_mode_cmd__type_support_c.cpp.o\x1b[0m\n'}
[13.236532] (unitree_go) StdoutLine: {'line': b'[ 69%] \x1b[32mBuilding CXX object CMakeFiles/unitree_go__rosidl_typesupport_introspection_cpp.dir/rosidl_typesupport_introspection_cpp/unitree_go/msg/detail/sport_mode_cmd__type_support.cpp.o\x1b[0m\n'}
[13.259137] (unitree_api) StdoutLine: {'line': b'-- Symlinking: /home/elijah/go2-convex-mpc/ros2_ws/install/unitree_api/include/unitree_api/unitree_api/msg/detail/request_header__builder.hpp\n'}
[13.260943] (-) TimerEvent: {}
[13.282093] (unitree_api) StdoutLine: {'line': b'-- Symlinking: /home/elijah/go2-convex-mpc/ros2_ws/install/unitree_api/include/unitree_api/unitree_api/msg/detail/request_header__struct.hpp\n'}
[13.289975] (unitree_go) StdoutLine: {'line': b'[ 69%] \x1b[32mBuilding CXX object CMakeFiles/unitree_go__rosidl_typesupport_introspection_cpp.dir/rosidl_typesupport_introspection_cpp/unitree_go/msg/detail/sport_mode_state__type_support.cpp.o\x1b[0m\n'}
[13.310125] (unitree_go) StdoutLine: {'line': b'[ 70%] \x1b[32mBuilding CXX object CMakeFiles/unitree_go__rosidl_typesupport_introspection_cpp.dir/rosidl_typesupport_introspection_cpp/unitree_go/msg/detail/time_spec__type_support.cpp.o\x1b[0m\n'}
[13.318704] (unitree_api) StdoutLine: {'line': b'-- Symlinking: /home/elijah/go2-convex-mpc/ros2_ws/install/unitree_api/include/unitree_api/unitree_api/msg/detail/request_header__traits.hpp\n'}
[13.343830] (unitree_api) StdoutLine: {'line': b'-- Symlinking: /home/elijah/go2-convex-mpc/ros2_ws/install/unitree_api/include/unitree_api/unitree_api/msg/detail/request_header__type_support.hpp\n'}
[13.361084] (-) TimerEvent: {}
[13.370827] (unitree_api) StdoutLine: {'line': b'-- Symlinking: /home/elijah/go2-convex-mpc/ros2_ws/install/unitree_api/include/unitree_api/unitree_api/msg/detail/request_identity__builder.hpp\n'}
[13.380441] (unitree_go) StdoutLine: {'line': b'[ 70%] \x1b[32mBuilding CXX object CMakeFiles/unitree_go__rosidl_typesupport_fastrtps_c.dir/rosidl_typesupport_fastrtps_c/unitree_go/msg/detail/sport_mode_state__type_support_c.cpp.o\x1b[0m\n'}
[13.387757] (unitree_go) StdoutLine: {'line': b'[ 71%] \x1b[32mBuilding CXX object CMakeFiles/unitree_go__rosidl_typesupport_fastrtps_c.dir/rosidl_typesupport_fastrtps_c/unitree_go/msg/detail/time_spec__type_support_c.cpp.o\x1b[0m\n'}
[13.406955] (unitree_api) StdoutLine: {'line': b'-- Symlinking: /home/elijah/go2-convex-mpc/ros2_ws/install/unitree_api/include/unitree_api/unitree_api/msg/detail/request_identity__struct.hpp\n'}
[13.408635] (unitree_go) StdoutLine: {'line': b'[ 71%] \x1b[32mBuilding CXX object CMakeFiles/unitree_go__rosidl_typesupport_fastrtps_c.dir/rosidl_typesupport_fastrtps_c/unitree_go/msg/detail/uwb_state__type_support_c.cpp.o\x1b[0m\n'}
[13.452722] (unitree_api) StdoutLine: {'line': b'-- Symlinking: /home/elijah/go2-convex-mpc/ros2_ws/install/unitree_api/include/unitree_api/unitree_api/msg/detail/request_identity__traits.hpp\n'}
[13.461222] (-) TimerEvent: {}
[13.489774] (unitree_api) StdoutLine: {'line': b'-- Symlinking: /home/elijah/go2-convex-mpc/ros2_ws/install/unitree_api/include/unitree_api/unitree_api/msg/detail/request_identity__type_support.hpp\n'}
[13.520543] (unitree_api) StdoutLine: {'line': b'-- Symlinking: /home/elijah/go2-convex-mpc/ros2_ws/install/unitree_api/include/unitree_api/unitree_api/msg/detail/request_lease__builder.hpp\n'}
[13.547535] (unitree_api) StdoutLine: {'line': b'-- Symlinking: /home/elijah/go2-convex-mpc/ros2_ws/install/unitree_api/include/unitree_api/unitree_api/msg/detail/request_lease__struct.hpp\n'}
[13.561341] (-) TimerEvent: {}
[13.567180] (unitree_api) StdoutLine: {'line': b'-- Symlinking: /home/elijah/go2-convex-mpc/ros2_ws/install/unitree_api/include/unitree_api/unitree_api/msg/detail/request_lease__traits.hpp\n'}
[13.589992] (unitree_api) StdoutLine: {'line': b'-- Symlinking: /home/elijah/go2-convex-mpc/ros2_ws/install/unitree_api/include/unitree_api/unitree_api/msg/detail/request_lease__type_support.hpp\n'}
[13.601239] (unitree_hg) StdoutLine: {'line': b'[ 83%] Built target unitree_hg__py\n'}
[13.611049] (unitree_api) StdoutLine: {'line': b'-- Symlinking: /home/elijah/go2-convex-mpc/ros2_ws/install/unitree_api/include/unitree_api/unitree_api/msg/detail/request_policy__builder.hpp\n'}
[13.643418] (unitree_api) StdoutLine: {'line': b'-- Symlinking: /home/elijah/go2-convex-mpc/ros2_ws/install/unitree_api/include/unitree_api/unitree_api/msg/detail/request_policy__struct.hpp\n'}
[13.661472] (-) TimerEvent: {}
[13.674751] (unitree_api) StdoutLine: {'line': b'-- Symlinking: /home/elijah/go2-convex-mpc/ros2_ws/install/unitree_api/include/unitree_api/unitree_api/msg/detail/request_policy__traits.hpp\n'}
[13.678943] (unitree_hg) StdoutLine: {'line': b'[ 85%] \x1b[32mBuilding C object CMakeFiles/unitree_hg__rosidl_generator_py.dir/rosidl_generator_py/unitree_hg/msg/_bms_cmd_s.c.o\x1b[0m\n'}
[13.682770] (unitree_hg) StdoutLine: {'line': b'[ 86%] \x1b[32mBuilding C object CMakeFiles/unitree_hg__rosidl_generator_py.dir/rosidl_generator_py/unitree_hg/msg/_bms_state_s.c.o\x1b[0m\n'}
[13.683535] (unitree_hg) StdoutLine: {'line': b'[ 86%] \x1b[32mBuilding C object CMakeFiles/unitree_hg__rosidl_generator_py.dir/rosidl_generator_py/unitree_hg/msg/_hand_state_s.c.o\x1b[0m\n'}
[13.684181] (unitree_hg) StdoutLine: {'line': b'[ 87%] \x1b[32mBuilding C object CMakeFiles/unitree_hg__rosidl_generator_py.dir/rosidl_generator_py/unitree_hg/msg/_low_cmd_s.c.o\x1b[0m\n'}
[13.686998] (unitree_hg) StdoutLine: {'line': b'[ 88%] \x1b[32mBuilding C object CMakeFiles/unitree_hg__rosidl_generator_py.dir/rosidl_generator_py/unitree_hg/msg/_imu_state_s.c.o\x1b[0m\n'}
[13.687850] (unitree_hg) StdoutLine: {'line': b'[ 88%] \x1b[32mBuilding C object CMakeFiles/unitree_hg__rosidl_generator_py.dir/rosidl_generator_py/unitree_hg/msg/_hand_cmd_s.c.o\x1b[0m\n'}
[13.691019] (unitree_hg) StdoutLine: {'line': b'[ 89%] \x1b[32mBuilding C object CMakeFiles/unitree_hg__rosidl_generator_py.dir/rosidl_generator_py/unitree_hg/msg/_low_state_s.c.o\x1b[0m\n'}
[13.692260] (unitree_hg) StdoutLine: {'line': b'[ 90%] \x1b[32mBuilding C object CMakeFiles/unitree_hg__rosidl_generator_py.dir/rosidl_generator_py/unitree_hg/msg/_main_board_state_s.c.o\x1b[0m\n'}
[13.693386] (unitree_hg) StdoutLine: {'line': b'[ 92%] \x1b[32mBuilding C object CMakeFiles/unitree_hg__rosidl_generator_py.dir/rosidl_generator_py/unitree_hg/msg/_motor_cmd_s.c.o\x1b[0m\n'}
[13.693983] (unitree_hg) StdoutLine: {'line': b'[ 92%] \x1b[32mBuilding C object CMakeFiles/unitree_hg__rosidl_generator_py.dir/rosidl_generator_py/unitree_hg/msg/_motor_state_s.c.o\x1b[0m\n'}
[13.697808] (unitree_hg) StdoutLine: {'line': b'[ 93%] \x1b[32mBuilding C object CMakeFiles/unitree_hg__rosidl_generator_py.dir/rosidl_generator_py/unitree_hg/msg/_press_sensor_state_s.c.o\x1b[0m\n'}
[13.700208] (unitree_go) StdoutLine: {'line': b'[ 72%] \x1b[32mBuilding CXX object CMakeFiles/unitree_go__rosidl_typesupport_fastrtps_c.dir/rosidl_typesupport_fastrtps_c/unitree_go/msg/detail/uwb_switch__type_support_c.cpp.o\x1b[0m\n'}
[13.704390] (unitree_api) StdoutLine: {'line': b'-- Symlinking: /home/elijah/go2-convex-mpc/ros2_ws/install/unitree_api/include/unitree_api/unitree_api/msg/detail/request_policy__type_support.hpp\n'}
[13.720432] (unitree_go) StdoutLine: {'line': b'[ 72%] \x1b[32mBuilding CXX object CMakeFiles/unitree_go__rosidl_typesupport_introspection_cpp.dir/rosidl_typesupport_introspection_cpp/unitree_go/msg/detail/uwb_state__type_support.cpp.o\x1b[0m\n'}
[13.752717] (unitree_api) StdoutLine: {'line': b'-- Symlinking: /home/elijah/go2-convex-mpc/ros2_ws/install/unitree_api/include/unitree_api/unitree_api/msg/detail/response__builder.hpp\n'}
[13.761609] (-) TimerEvent: {}
[13.785225] (unitree_api) StdoutLine: {'line': b'-- Symlinking: /home/elijah/go2-convex-mpc/ros2_ws/install/unitree_api/include/unitree_api/unitree_api/msg/detail/response__struct.hpp\n'}
[13.818129] (unitree_go) StdoutLine: {'line': b'[ 73%] \x1b[32mBuilding CXX object CMakeFiles/unitree_go__rosidl_typesupport_introspection_cpp.dir/rosidl_typesupport_introspection_cpp/unitree_go/msg/detail/uwb_switch__type_support.cpp.o\x1b[0m\n'}
[13.819974] (unitree_api) StdoutLine: {'line': b'-- Symlinking: /home/elijah/go2-convex-mpc/ros2_ws/install/unitree_api/include/unitree_api/unitree_api/msg/detail/response__traits.hpp\n'}
[13.837254] (unitree_api) StdoutLine: {'line': b'-- Symlinking: /home/elijah/go2-convex-mpc/ros2_ws/install/unitree_api/include/unitree_api/unitree_api/msg/detail/response__type_support.hpp\n'}
[13.861714] (-) TimerEvent: {}
[13.879724] (unitree_go) StdoutLine: {'line': b'[ 73%] \x1b[32mBuilding CXX object CMakeFiles/unitree_go__rosidl_typesupport_introspection_cpp.dir/rosidl_typesupport_introspection_cpp/unitree_go/msg/detail/wireless_controller__type_support.cpp.o\x1b[0m\n'}
[13.883912] (unitree_api) StdoutLine: {'line': b'-- Symlinking: /home/elijah/go2-convex-mpc/ros2_ws/install/unitree_api/include/unitree_api/unitree_api/msg/detail/response_header__builder.hpp\n'}
[13.941545] (unitree_api) StdoutLine: {'line': b'-- Symlinking: /home/elijah/go2-convex-mpc/ros2_ws/install/unitree_api/include/unitree_api/unitree_api/msg/detail/response_header__struct.hpp\n'}
[13.955257] (unitree_go) StdoutLine: {'line': b'[ 73%] \x1b[32mBuilding CXX object CMakeFiles/unitree_go__rosidl_typesupport_fastrtps_c.dir/rosidl_typesupport_fastrtps_c/unitree_go/msg/detail/wireless_controller__type_support_c.cpp.o\x1b[0m\n'}
[13.961857] (-) TimerEvent: {}
[13.977076] (unitree_api) StdoutLine: {'line': b'-- Symlinking: /home/elijah/go2-convex-mpc/ros2_ws/install/unitree_api/include/unitree_api/unitree_api/msg/detail/response_header__traits.hpp\n'}
[14.018318] (unitree_api) StdoutLine: {'line': b'-- Symlinking: /home/elijah/go2-convex-mpc/ros2_ws/install/unitree_api/include/unitree_api/unitree_api/msg/detail/response_header__type_support.hpp\n'}
[14.052987] (unitree_api) StdoutLine: {'line': b'-- Symlinking: /home/elijah/go2-convex-mpc/ros2_ws/install/unitree_api/include/unitree_api/unitree_api/msg/detail/response_status__builder.hpp\n'}
[14.063841] (-) TimerEvent: {}
[14.069626] (unitree_api) StdoutLine: {'line': b'-- Symlinking: /home/elijah/go2-convex-mpc/ros2_ws/install/unitree_api/include/unitree_api/unitree_api/msg/detail/response_status__struct.hpp\n'}
[14.091795] (unitree_api) StdoutLine: {'line': b'-- Symlinking: /home/elijah/go2-convex-mpc/ros2_ws/install/unitree_api/include/unitree_api/unitree_api/msg/detail/response_status__traits.hpp\n'}
[14.112881] (unitree_api) StdoutLine: {'line': b'-- Symlinking: /home/elijah/go2-convex-mpc/ros2_ws/install/unitree_api/include/unitree_api/unitree_api/msg/detail/response_status__type_support.hpp\n'}
[14.133052] (unitree_api) StdoutLine: {'line': b'-- Symlinking: /home/elijah/go2-convex-mpc/ros2_ws/install/unitree_api/include/unitree_api/unitree_api/msg/request.hpp\n'}
[14.150724] (unitree_api) StdoutLine: {'line': b'-- Symlinking: /home/elijah/go2-convex-mpc/ros2_ws/install/unitree_api/include/unitree_api/unitree_api/msg/request_header.hpp\n'}
[14.163963] (-) TimerEvent: {}
[14.166076] (unitree_api) StdoutLine: {'line': b'-- Symlinking: /home/elijah/go2-convex-mpc/ros2_ws/install/unitree_api/include/unitree_api/unitree_api/msg/request_identity.hpp\n'}
[14.172626] (unitree_hg) StdoutLine: {'line': b'[ 94%] \x1b[32m\x1b[1mLinking C shared library rosidl_generator_py/unitree_hg/libunitree_hg__rosidl_generator_py.so\x1b[0m\n'}
[14.184248] (unitree_api) StdoutLine: {'line': b'-- Symlinking: /home/elijah/go2-convex-mpc/ros2_ws/install/unitree_api/include/unitree_api/unitree_api/msg/request_lease.hpp\n'}
[14.200121] (unitree_api) StdoutLine: {'line': b'-- Symlinking: /home/elijah/go2-convex-mpc/ros2_ws/install/unitree_api/include/unitree_api/unitree_api/msg/request_policy.hpp\n'}
[14.224677] (unitree_api) StdoutLine: {'line': b'-- Symlinking: /home/elijah/go2-convex-mpc/ros2_ws/install/unitree_api/include/unitree_api/unitree_api/msg/response.hpp\n'}
[14.240300] (unitree_api) StdoutLine: {'line': b'-- Symlinking: /home/elijah/go2-convex-mpc/ros2_ws/install/unitree_api/include/unitree_api/unitree_api/msg/response_header.hpp\n'}
[14.249617] (unitree_hg) StdoutLine: {'line': b'[ 94%] Built target unitree_hg__rosidl_generator_py\n'}
[14.254965] (unitree_api) StdoutLine: {'line': b'-- Symlinking: /home/elijah/go2-convex-mpc/ros2_ws/install/unitree_api/include/unitree_api/unitree_api/msg/response_status.hpp\n'}
[14.264098] (-) TimerEvent: {}
[14.268863] (unitree_api) StdoutLine: {'line': b'-- Symlinking: /home/elijah/go2-convex-mpc/ros2_ws/install/unitree_api/include/unitree_api/unitree_api/msg/rosidl_generator_cpp__visibility_control.hpp\n'}
[14.281465] (unitree_hg) StdoutLine: {'line': b'[ 96%] \x1b[32mBuilding C object CMakeFiles/unitree_hg__rosidl_typesupport_introspection_c__pyext.dir/rosidl_generator_py/unitree_hg/_unitree_hg_s.ep.rosidl_typesupport_introspection_c.c.o\x1b[0m\n'}
[14.281914] (unitree_hg) StdoutLine: {'line': b'[ 96%] \x1b[32mBuilding C object CMakeFiles/unitree_hg__rosidl_typesupport_c__pyext.dir/rosidl_generator_py/unitree_hg/_unitree_hg_s.ep.rosidl_typesupport_c.c.o\x1b[0m\n'}
[14.282077] (unitree_hg) StdoutLine: {'line': b'[ 97%] \x1b[32mBuilding C object CMakeFiles/unitree_hg__rosidl_typesupport_fastrtps_c__pyext.dir/rosidl_generator_py/unitree_hg/_unitree_hg_s.ep.rosidl_typesupport_fastrtps_c.c.o\x1b[0m\n'}
[14.288705] (unitree_api) StdoutLine: {'line': b'-- Symlinking: /home/elijah/go2-convex-mpc/ros2_ws/install/unitree_api/include/unitree_api/unitree_api/msg/detail/request__rosidl_typesupport_fastrtps_cpp.hpp\n'}
[14.300484] (unitree_api) StdoutLine: {'line': b'-- Symlinking: /home/elijah/go2-convex-mpc/ros2_ws/install/unitree_api/include/unitree_api/unitree_api/msg/detail/request_header__rosidl_typesupport_fastrtps_cpp.hpp\n'}
[14.313513] (unitree_api) StdoutLine: {'line': b'-- Symlinking: /home/elijah/go2-convex-mpc/ros2_ws/install/unitree_api/include/unitree_api/unitree_api/msg/detail/request_identity__rosidl_typesupport_fastrtps_cpp.hpp\n'}
[14.325729] (unitree_api) StdoutLine: {'line': b'-- Symlinking: /home/elijah/go2-convex-mpc/ros2_ws/install/unitree_api/include/unitree_api/unitree_api/msg/detail/request_lease__rosidl_typesupport_fastrtps_cpp.hpp\n'}
[14.339736] (unitree_api) StdoutLine: {'line': b'-- Symlinking: /home/elijah/go2-convex-mpc/ros2_ws/install/unitree_api/include/unitree_api/unitree_api/msg/detail/request_policy__rosidl_typesupport_fastrtps_cpp.hpp\n'}
[14.355125] (unitree_api) StdoutLine: {'line': b'-- Symlinking: /home/elijah/go2-convex-mpc/ros2_ws/install/unitree_api/include/unitree_api/unitree_api/msg/detail/response__rosidl_typesupport_fastrtps_cpp.hpp\n'}
[14.364201] (-) TimerEvent: {}
[14.370121] (unitree_api) StdoutLine: {'line': b'-- Symlinking: /home/elijah/go2-convex-mpc/ros2_ws/install/unitree_api/include/unitree_api/unitree_api/msg/detail/response_header__rosidl_typesupport_fastrtps_cpp.hpp\n'}
[14.388732] (unitree_api) StdoutLine: {'line': b'-- Symlinking: /home/elijah/go2-convex-mpc/ros2_ws/install/unitree_api/include/unitree_api/unitree_api/msg/detail/response_status__rosidl_typesupport_fastrtps_cpp.hpp\n'}
[14.401772] (unitree_go) StdoutLine: {'line': b'[ 74%] \x1b[32m\x1b[1mLinking CXX shared library libunitree_go__rosidl_typesupport_fastrtps_c.so\x1b[0m\n'}
[14.403570] (unitree_api) StdoutLine: {'line': b'-- Symlinking: /home/elijah/go2-convex-mpc/ros2_ws/install/unitree_api/include/unitree_api/unitree_api/msg/rosidl_typesupport_fastrtps_cpp__visibility_control.h\n'}
[14.417738] (unitree_api) StdoutLine: {'line': b'-- Symlinking: /home/elijah/go2-convex-mpc/ros2_ws/install/unitree_api/include/unitree_api/unitree_api/msg/detail/request__rosidl_typesupport_introspection_c.h\n'}
[14.433611] (unitree_api) StdoutLine: {'line': b'-- Symlinking: /home/elijah/go2-convex-mpc/ros2_ws/install/unitree_api/include/unitree_api/unitree_api/msg/detail/request_header__rosidl_typesupport_introspection_c.h\n'}
[14.436161] (unitree_hg) StdoutLine: {'line': b'[ 98%] \x1b[32m\x1b[1mLinking C shared library rosidl_generator_py/unitree_hg/unitree_hg_s__rosidl_typesupport_c.cpython-310-x86_64-linux-gnu.so\x1b[0m\n'}
[14.438500] (unitree_hg) StdoutLine: {'line': b'[ 99%] \x1b[32m\x1b[1mLinking C shared library rosidl_generator_py/unitree_hg/unitree_hg_s__rosidl_typesupport_introspection_c.cpython-310-x86_64-linux-gnu.so\x1b[0m\n'}
[14.439840] (unitree_hg) StdoutLine: {'line': b'[100%] \x1b[32m\x1b[1mLinking C shared library rosidl_generator_py/unitree_hg/unitree_hg_s__rosidl_typesupport_fastrtps_c.cpython-310-x86_64-linux-gnu.so\x1b[0m\n'}
[14.444031] (unitree_api) StdoutLine: {'line': b'-- Symlinking: /home/elijah/go2-convex-mpc/ros2_ws/install/unitree_api/include/unitree_api/unitree_api/msg/detail/request_identity__rosidl_typesupport_introspection_c.h\n'}
[14.454846] (unitree_api) StdoutLine: {'line': b'-- Symlinking: /home/elijah/go2-convex-mpc/ros2_ws/install/unitree_api/include/unitree_api/unitree_api/msg/detail/request_lease__rosidl_typesupport_introspection_c.h\n'}
[14.463552] (unitree_go) StdoutLine: {'line': b'[ 75%] \x1b[32m\x1b[1mLinking CXX shared library libunitree_go__rosidl_typesupport_introspection_cpp.so\x1b[0m\n'}
[14.464340] (-) TimerEvent: {}
[14.466676] (unitree_api) StdoutLine: {'line': b'-- Symlinking: /home/elijah/go2-convex-mpc/ros2_ws/install/unitree_api/include/unitree_api/unitree_api/msg/detail/request_policy__rosidl_typesupport_introspection_c.h\n'}
[14.478722] (unitree_api) StdoutLine: {'line': b'-- Symlinking: /home/elijah/go2-convex-mpc/ros2_ws/install/unitree_api/include/unitree_api/unitree_api/msg/detail/response__rosidl_typesupport_introspection_c.h\n'}
[14.488298] (unitree_hg) StdoutLine: {'line': b'[100%] Built target unitree_hg__rosidl_typesupport_c__pyext\n'}
[14.488557] (unitree_hg) StdoutLine: {'line': b'[100%] Built target unitree_hg__rosidl_typesupport_introspection_c__pyext\n'}
[14.488720] (unitree_hg) StdoutLine: {'line': b'[100%] Built target unitree_hg__rosidl_typesupport_fastrtps_c__pyext\n'}
[14.489558] (unitree_api) StdoutLine: {'line': b'-- Symlinking: /home/elijah/go2-convex-mpc/ros2_ws/install/unitree_api/include/unitree_api/unitree_api/msg/detail/response_header__rosidl_typesupport_introspection_c.h\n'}
[14.500165] (unitree_api) StdoutLine: {'line': b'-- Symlinking: /home/elijah/go2-convex-mpc/ros2_ws/install/unitree_api/include/unitree_api/unitree_api/msg/detail/response_status__rosidl_typesupport_introspection_c.h\n'}
[14.505405] (unitree_hg) CommandEnded: {'returncode': 0}
[14.506343] (unitree_hg) JobProgress: {'identifier': 'unitree_hg', 'progress': 'install'}
[14.507354] (unitree_hg) Command: {'cmd': ['/usr/bin/cmake', '--install', '/home/elijah/go2-convex-mpc/ros2_ws/build/unitree_hg'], 'cwd': '/home/elijah/go2-convex-mpc/ros2_ws/build/unitree_hg', 'env': OrderedDict([('GJS_DEBUG_TOPICS', 'JS ERROR;JS LOG'), ('PYTHON_BASIC_REPL', '1'), ('LESSOPEN', '| /usr/bin/lesspipe %s'), ('CONDA_PROMPT_MODIFIER', ''), ('USER', 'elijah'), ('XDG_SESSION_TYPE', 'x11'), ('GIT_ASKPASS', '/usr/share/code/resources/app/extensions/git/dist/askpass.sh'), ('SHLVL', '1'), ('LD_LIBRARY_PATH', '/opt/ros/humble/opt/rviz_ogre_vendor/lib:/opt/ros/humble/lib/x86_64-linux-gnu:/opt/ros/humble/lib::/home/elijah/convex-mpc-unitree-go2/third_party/acados/lib'), ('ACADOS_SOURCE_DIR', '/home/elijah/convex-mpc-unitree-go2/third_party/acados'), ('HOME', '/home/elijah'), ('CHROME_DESKTOP', 'code.desktop'), ('CONDA_SHLVL', '0'), ('OLDPWD', '/home/elijah/go2-convex-mpc'), ('TERM_PROGRAM_VERSION', '1.104.2'), ('DESKTOP_SESSION', 'ubuntu'), ('GIO_LAUNCHED_DESKTOP_FILE', '/usr/share/applications/code.desktop'), ('ROS_PYTHON_VERSION', '3'), ('GNOME_SHELL_SESSION_MODE', 'ubuntu'), ('GTK_MODULES', 'gail:atk-bridge'), ('VSCODE_GIT_ASKPASS_MAIN', '/usr/share/code/resources/app/extensions/git/dist/askpass-main.js'), ('VSCODE_GIT_ASKPASS_NODE', '/usr/share/code/code'), ('MANAGERPID', '1248'), ('PYDEVD_DISABLE_FILE_VALIDATION', '1'), ('SYSTEMD_EXEC_PID', '2230'), ('BUNDLED_DEBUGPY_PATH', '/home/elijah/.vscode/extensions/ms-python.debugpy-2025.18.0-linux-x64/bundled/libs/debugpy'), ('VSCODE_PYTHON_AUTOACTIVATE_GUARD', '1'), ('DBUS_SESSION_BUS_ADDRESS', 'unix:path=/run/user/1000/bus'), ('COLORTERM', 'truecolor'), ('_CE_M', ''), ('PYTHONNOUSERSITE', '1'), ('_CONDA_ROOT', '/home/elijah/miniconda3'), ('GIO_LAUNCHED_DESKTOP_FILE_PID', '19285'), ('ROS_DISTRO', 'humble'), ('GTK_IM_MODULE', 'ibus'), ('LOGNAME', 'elijah'), ('JOURNAL_STREAM', '8:23301'), ('_', '/usr/bin/colcon'), ('ROS_VERSION', '2'), ('XDG_SESSION_CLASS', 'user'), ('USERNAME', 'elijah'), ('TERM', 'xterm-256color'), ('GNOME_DESKTOP_SESSION_ID', 'this-is-deprecated'), ('_CE_CONDA', ''), ('ROS_LOCALHOST_ONLY', '0'), ('WINDOWPATH', '2'), ('PATH', '/opt/ros/humble/bin:/home/elijah/MATLAB/R2025b/bin:/home/elijah/.local/bin:/home/elijah/MATLAB/R2025b/bin:/home/elijah/miniconda3/condabin:/home/elijah/.local/bin:/usr/local/sbin:/usr/local/bin:/usr/sbin:/usr/bin:/sbin:/bin:/usr/games:/usr/local/games:/snap/bin:/snap/bin:/home/elijah/.vscode/extensions/ms-python.debugpy-2025.18.0-linux-x64/bundled/scripts/noConfigScripts:/home/elijah/.config/Code/User/globalStorage/github.copilot-chat/debugCommand'), ('SESSION_MANAGER', 'local/blade14:@/tmp/.ICE-unix/2191,unix/blade14:/tmp/.ICE-unix/2191'), ('INVOCATION_ID', '2334c8eb0f6b414eb551b517251acb30'), ('XDG_MENU_PREFIX', 'gnome-'), ('XDG_RUNTIME_DIR', '/run/user/1000'), ('GDK_BACKEND', 'x11'), ('DISPLAY', ':0'), ('VSCODE_DEBUGPY_ADAPTER_ENDPOINTS', '/home/elijah/.vscode/extensions/ms-python.debugpy-2025.18.0-linux-x64/.noConfigDebugAdapterEndpoints/endpoint-e8e5ede5e48c9972.txt'), ('LANG', 'en_US.UTF-8'), ('XDG_CURRENT_DESKTOP', 'Unity'), ('PYTHONSTARTUP', '/home/elijah/.config/Code/User/workspaceStorage/3f9c70443e8b64211a210c374fcd3635/ms-python.python/pythonrc.py'), ('XMODIFIERS', '@im=ibus'), ('XDG_SESSION_DESKTOP', 'ubuntu'), ('XAUTHORITY', '/run/user/1000/gdm/Xauthority'), ('LS_COLORS', 'rs=0:di=01;34:ln=01;36:mh=00:pi=40;33:so=01;35:do=01;35:bd=40;33;01:cd=40;33;01:or=40;31;01:mi=00:su=37;41:sg=30;43:ca=30;41:tw=30;42:ow=34;42:st=37;44:ex=01;32:*.tar=01;31:*.tgz=01;31:*.arc=01;31:*.arj=01;31:*.taz=01;31:*.lha=01;31:*.lz4=01;31:*.lzh=01;31:*.lzma=01;31:*.tlz=01;31:*.txz=01;31:*.tzo=01;31:*.t7z=01;31:*.zip=01;31:*.z=01;31:*.dz=01;31:*.gz=01;31:*.lrz=01;31:*.lz=01;31:*.lzo=01;31:*.xz=01;31:*.zst=01;31:*.tzst=01;31:*.bz2=01;31:*.bz=01;31:*.tbz=01;31:*.tbz2=01;31:*.tz=01;31:*.deb=01;31:*.rpm=01;31:*.jar=01;31:*.war=01;31:*.ear=01;31:*.sar=01;31:*.rar=01;31:*.alz=01;31:*.ace=01;31:*.zoo=01;31:*.cpio=01;31:*.7z=01;31:*.rz=01;31:*.cab=01;31:*.wim=01;31:*.swm=01;31:*.dwm=01;31:*.esd=01;31:*.jpg=01;35:*.jpeg=01;35:*.mjpg=01;35:*.mjpeg=01;35:*.gif=01;35:*.bmp=01;35:*.pbm=01;35:*.pgm=01;35:*.ppm=01;35:*.tga=01;35:*.xbm=01;35:*.xpm=01;35:*.tif=01;35:*.tiff=01;35:*.png=01;35:*.svg=01;35:*.svgz=01;35:*.mng=01;35:*.pcx=01;35:*.mov=01;35:*.mpg=01;35:*.mpeg=01;35:*.m2v=01;35:*.mkv=01;35:*.webm=01;35:*.webp=01;35:*.ogm=01;35:*.mp4=01;35:*.m4v=01;35:*.mp4v=01;35:*.vob=01;35:*.qt=01;35:*.nuv=01;35:*.wmv=01;35:*.asf=01;35:*.rm=01;35:*.rmvb=01;35:*.flc=01;35:*.avi=01;35:*.fli=01;35:*.flv=01;35:*.gl=01;35:*.dl=01;35:*.xcf=01;35:*.xwd=01;35:*.yuv=01;35:*.cgm=01;35:*.emf=01;35:*.ogv=01;35:*.ogx=01;35:*.aac=00;36:*.au=00;36:*.flac=00;36:*.m4a=00;36:*.mid=00;36:*.midi=00;36:*.mka=00;36:*.mp3=00;36:*.mpc=00;36:*.ogg=00;36:*.ra=00;36:*.wav=00;36:*.oga=00;36:*.opus=00;36:*.spx=00;36:*.xspf=00;36:'), ('VSCODE_GIT_IPC_HANDLE', '/run/user/1000/vscode-git-220767a3ce.sock'), ('TERM_PROGRAM', 'vscode'), ('SSH_AGENT_LAUNCHER', 'gnome-keyring'), ('SSH_AUTH_SOCK', '/run/user/1000/keyring/ssh'), ('AMENT_PREFIX_PATH', '/opt/ros/humble'), ('CONDA_PYTHON_EXE', '/home/elijah/miniconda3/bin/python'), ('ORIGINAL_XDG_CURRENT_DESKTOP', 'ubuntu:GNOME'), ('SHELL', '/bin/bash'), ('QT_ACCESSIBILITY', '1'), ('GDMSESSION', 'ubuntu'), ('LESSCLOSE', '/usr/bin/lesspipe %s %s'), ('CONDA_DEFAULT_ENV', ''), ('GPG_AGENT_INFO', '/run/user/1000/gnupg/S.gpg-agent:0:1'), ('GJS_DEBUG_OUTPUT', 'stderr'), ('_CONDA_EXE', '/home/elijah/miniconda3/bin/conda'), ('VSCODE_GIT_ASKPASS_EXTRA_ARGS', ''), ('QT_IM_MODULE', 'ibus'), ('PWD', '/home/elijah/go2-convex-mpc/ros2_ws/build/unitree_hg'), ('XDG_CONFIG_DIRS', '/etc/xdg/xdg-ubuntu:/etc/xdg'), ('CONDA_EXE', '/home/elijah/miniconda3/bin/conda'), ('XDG_DATA_DIRS', '/usr/share/ubuntu:/usr/share/gnome:/usr/local/share/:/usr/share/:/var/lib/snapd/desktop'), ('PYTHONPATH', '/opt/ros/humble/lib/python3.10/site-packages:/opt/ros/humble/local/lib/python3.10/dist-packages'), ('CONDA_PREFIX', ''), ('COLCON', '1'), ('CMAKE_PREFIX_PATH', '/opt/ros/humble')]), 'shell': False}
[14.511876] (unitree_api) StdoutLine: {'line': b'-- Symlinking: /home/elijah/go2-convex-mpc/ros2_ws/install/unitree_api/include/unitree_api/unitree_api/msg/rosidl_typesupport_introspection_c__visibility_control.h\n'}
[14.517567] (unitree_hg) StdoutLine: {'line': b'-- Install configuration: ""\n'}
[14.518328] (unitree_hg) StdoutLine: {'line': b'-- Execute custom install script\n'}
[14.518847] (unitree_hg) StdoutLine: {'line': b'-- Symlinking: /home/elijah/go2-convex-mpc/ros2_ws/install/unitree_hg/share/ament_index/resource_index/rosidl_interfaces/unitree_hg\n'}
[14.524440] (unitree_api) StdoutLine: {'line': b'-- Symlinking: /home/elijah/go2-convex-mpc/ros2_ws/install/unitree_api/include/unitree_api/unitree_api/msg/detail/request__rosidl_typesupport_introspection_cpp.hpp\n'}
[14.530514] (unitree_hg) StdoutLine: {'line': b'-- Symlinking: /home/elijah/go2-convex-mpc/ros2_ws/install/unitree_hg/include/unitree_hg/unitree_hg/msg/bms_cmd.h\n'}
[14.534092] (unitree_api) StdoutLine: {'line': b'-- Symlinking: /home/elijah/go2-convex-mpc/ros2_ws/install/unitree_api/include/unitree_api/unitree_api/msg/detail/request_header__rosidl_typesupport_introspection_cpp.hpp\n'}
[14.535030] (unitree_go) StdoutLine: {'line': b'[ 75%] Built target unitree_go__rosidl_typesupport_fastrtps_c\n'}
[14.539963] (unitree_hg) StdoutLine: {'line': b'-- Symlinking: /home/elijah/go2-convex-mpc/ros2_ws/install/unitree_hg/include/unitree_hg/unitree_hg/msg/bms_state.h\n'}
[14.545312] (unitree_api) StdoutLine: {'line': b'-- Symlinking: /home/elijah/go2-convex-mpc/ros2_ws/install/unitree_api/include/unitree_api/unitree_api/msg/detail/request_identity__rosidl_typesupport_introspection_cpp.hpp\n'}
[14.549040] (unitree_hg) StdoutLine: {'line': b'-- Symlinking: /home/elijah/go2-convex-mpc/ros2_ws/install/unitree_hg/include/unitree_hg/unitree_hg/msg/detail/bms_cmd__functions.h\n'}
[14.554267] (unitree_api) StdoutLine: {'line': b'-- Symlinking: /home/elijah/go2-convex-mpc/ros2_ws/install/unitree_api/include/unitree_api/unitree_api/msg/detail/request_lease__rosidl_typesupport_introspection_cpp.hpp\n'}
[14.558170] (unitree_hg) StdoutLine: {'line': b'-- Symlinking: /home/elijah/go2-convex-mpc/ros2_ws/install/unitree_hg/include/unitree_hg/unitree_hg/msg/detail/bms_cmd__struct.h\n'}
[14.563445] (unitree_api) StdoutLine: {'line': b'-- Symlinking: /home/elijah/go2-convex-mpc/ros2_ws/install/unitree_api/include/unitree_api/unitree_api/msg/detail/request_policy__rosidl_typesupport_introspection_cpp.hpp\n'}
[14.564405] (-) TimerEvent: {}
[14.567906] (unitree_hg) StdoutLine: {'line': b'-- Symlinking: /home/elijah/go2-convex-mpc/ros2_ws/install/unitree_hg/include/unitree_hg/unitree_hg/msg/detail/bms_cmd__type_support.h\n'}
[14.575460] (unitree_api) StdoutLine: {'line': b'-- Symlinking: /home/elijah/go2-convex-mpc/ros2_ws/install/unitree_api/include/unitree_api/unitree_api/msg/detail/response__rosidl_typesupport_introspection_cpp.hpp\n'}
[14.583450] (unitree_hg) StdoutLine: {'line': b'-- Symlinking: /home/elijah/go2-convex-mpc/ros2_ws/install/unitree_hg/include/unitree_hg/unitree_hg/msg/detail/bms_state__functions.h\n'}
[14.591091] (unitree_api) StdoutLine: {'line': b'-- Symlinking: /home/elijah/go2-convex-mpc/ros2_ws/install/unitree_api/include/unitree_api/unitree_api/msg/detail/response_header__rosidl_typesupport_introspection_cpp.hpp\n'}
[14.595661] (unitree_go) StdoutLine: {'line': b'[ 75%] Built target unitree_go__rosidl_typesupport_introspection_cpp\n'}
[14.596308] (unitree_hg) StdoutLine: {'line': b'-- Symlinking: /home/elijah/go2-convex-mpc/ros2_ws/install/unitree_hg/include/unitree_hg/unitree_hg/msg/detail/bms_state__struct.h\n'}
[14.603067] (unitree_api) StdoutLine: {'line': b'-- Symlinking: /home/elijah/go2-convex-mpc/ros2_ws/install/unitree_api/include/unitree_api/unitree_api/msg/detail/response_status__rosidl_typesupport_introspection_cpp.hpp\n'}
[14.611017] (unitree_hg) StdoutLine: {'line': b'-- Symlinking: /home/elijah/go2-convex-mpc/ros2_ws/install/unitree_hg/include/unitree_hg/unitree_hg/msg/detail/bms_state__type_support.h\n'}
[14.616645] (unitree_api) StdoutLine: {'line': b'-- Symlinking: /home/elijah/go2-convex-mpc/ros2_ws/install/unitree_api/share/unitree_api/environment/pythonpath.sh\n'}
[14.623250] (unitree_hg) StdoutLine: {'line': b'-- Symlinking: /home/elijah/go2-convex-mpc/ros2_ws/install/unitree_hg/include/unitree_hg/unitree_hg/msg/detail/hand_cmd__functions.h\n'}
[14.628009] (unitree_api) StdoutLine: {'line': b'-- Symlinking: /home/elijah/go2-convex-mpc/ros2_ws/install/unitree_api/share/unitree_api/environment/pythonpath.dsv\n'}
[14.632180] (unitree_hg) StdoutLine: {'line': b'-- Symlinking: /home/elijah/go2-convex-mpc/ros2_ws/install/unitree_hg/include/unitree_hg/unitree_hg/msg/detail/hand_cmd__struct.h\n'}
[14.636407] (unitree_api) StdoutLine: {'line': b'-- Symlinking: /home/elijah/go2-convex-mpc/ros2_ws/install/unitree_api/local/lib/python3.10/dist-packages/unitree_api-0.0.0-py3.10.egg-info/PKG-INFO\n'}
[14.642497] (unitree_hg) StdoutLine: {'line': b'-- Symlinking: /home/elijah/go2-convex-mpc/ros2_ws/install/unitree_hg/include/unitree_hg/unitree_hg/msg/detail/hand_cmd__type_support.h\n'}
[14.646691] (unitree_go) StdoutLine: {'line': b'[ 75%] \x1b[32mBuilding CXX object CMakeFiles/unitree_go__rosidl_typesupport_fastrtps_cpp.dir/rosidl_typesupport_fastrtps_cpp/unitree_go/msg/detail/dds_fastrtps/audio_data__type_support.cpp.o\x1b[0m\n'}
[14.647047] (unitree_go) StdoutLine: {'line': b'[ 76%] \x1b[32mBuilding CXX object CMakeFiles/unitree_go__rosidl_typesupport_fastrtps_cpp.dir/rosidl_typesupport_fastrtps_cpp/unitree_go/msg/detail/dds_fastrtps/interface_config__type_support.cpp.o\x1b[0m\n'}
[14.648899] (unitree_go) StdoutLine: {'line': b'[ 76%] \x1b[32mBuilding CXX object CMakeFiles/unitree_go__rosidl_typesupport_fastrtps_cpp.dir/rosidl_typesupport_fastrtps_cpp/unitree_go/msg/detail/dds_fastrtps/lidar_state__type_support.cpp.o\x1b[0m\n'}
[14.649086] (unitree_go) StdoutLine: {'line': b'[ 76%] \x1b[32mBuilding CXX object CMakeFiles/unitree_go__rosidl_typesupport_fastrtps_cpp.dir/rosidl_typesupport_fastrtps_cpp/unitree_go/msg/detail/dds_fastrtps/go2_front_video_data__type_support.cpp.o\x1b[0m\n'}
[14.649247] (unitree_go) StdoutLine: {'line': b'[ 76%] \x1b[32mBuilding CXX object CMakeFiles/unitree_go__rosidl_typesupport_fastrtps_cpp.dir/rosidl_typesupport_fastrtps_cpp/unitree_go/msg/detail/dds_fastrtps/low_state__type_support.cpp.o\x1b[0m\n'}
[14.649336] (unitree_go) StdoutLine: {'line': b'[ 76%] \x1b[32mBuilding CXX object CMakeFiles/unitree_go__rosidl_typesupport_fastrtps_cpp.dir/rosidl_typesupport_fastrtps_cpp/unitree_go/msg/detail/dds_fastrtps/imu_state__type_support.cpp.o\x1b[0m\n'}
[14.649413] (unitree_go) StdoutLine: {'line': b'[ 76%] \x1b[32mBuilding CXX object CMakeFiles/unitree_go__rosidl_typesupport_fastrtps_cpp.dir/rosidl_typesupport_fastrtps_cpp/unitree_go/msg/detail/dds_fastrtps/bms_state__type_support.cpp.o\x1b[0m\n'}
[14.649700] (unitree_go) StdoutLine: {'line': b'[ 78%] \x1b[32mBuilding CXX object CMakeFiles/unitree_go__rosidl_typesupport_fastrtps_cpp.dir/rosidl_typesupport_fastrtps_cpp/unitree_go/msg/detail/dds_fastrtps/bms_cmd__type_support.cpp.o\x1b[0m\n'}
[14.649829] (unitree_go) StdoutLine: {'line': b'[ 79%] \x1b[32mBuilding CXX object CMakeFiles/unitree_go__rosidl_typesupport_fastrtps_cpp.dir/rosidl_typesupport_fastrtps_cpp/unitree_go/msg/detail/dds_fastrtps/error__type_support.cpp.o\x1b[0m\n'}
[14.651702] (unitree_go) StdoutLine: {'line': b'[ 80%] \x1b[32mBuilding CXX object CMakeFiles/unitree_go__rosidl_typesupport_fastrtps_cpp.dir/rosidl_typesupport_fastrtps_cpp/unitree_go/msg/detail/dds_fastrtps/height_map__type_support.cpp.o\x1b[0m\n'}
[14.651857] (unitree_go) StdoutLine: {'line': b'[ 80%] \x1b[32mBuilding CXX object CMakeFiles/unitree_go__rosidl_typesupport_fastrtps_cpp.dir/rosidl_typesupport_fastrtps_cpp/unitree_go/msg/detail/dds_fastrtps/low_cmd__type_support.cpp.o\x1b[0m\n'}
[14.652448] (unitree_go) StdoutLine: {'line': b'[ 80%] \x1b[32mBuilding CXX object CMakeFiles/unitree_go__rosidl_typesupport_fastrtps_cpp.dir/rosidl_typesupport_fastrtps_cpp/unitree_go/msg/detail/dds_fastrtps/motor_state__type_support.cpp.o\x1b[0m\n'}
[14.652841] (unitree_go) StdoutLine: {'line': b'[ 81%] \x1b[32mBuilding CXX object CMakeFiles/unitree_go__rosidl_typesupport_fastrtps_cpp.dir/rosidl_typesupport_fastrtps_cpp/unitree_go/msg/detail/dds_fastrtps/motor_cmds__type_support.cpp.o\x1b[0m\n'}
[14.654476] (unitree_hg) StdoutLine: {'line': b'-- Symlinking: /home/elijah/go2-convex-mpc/ros2_ws/install/unitree_hg/include/unitree_hg/unitree_hg/msg/detail/hand_state__functions.h\n'}
[14.654877] (unitree_go) StdoutLine: {'line': b'[ 82%] \x1b[32mBuilding CXX object CMakeFiles/unitree_go__rosidl_typesupport_fastrtps_cpp.dir/rosidl_typesupport_fastrtps_cpp/unitree_go/msg/detail/dds_fastrtps/motor_states__type_support.cpp.o\x1b[0m\n'}
[14.656910] (unitree_go) StdoutLine: {'line': b'[ 82%] \x1b[32mBuilding CXX object CMakeFiles/unitree_go__rosidl_typesupport_fastrtps_cpp.dir/rosidl_typesupport_fastrtps_cpp/unitree_go/msg/detail/dds_fastrtps/motor_cmd__type_support.cpp.o\x1b[0m\n'}
[14.661795] (unitree_api) StdoutLine: {'line': b'-- Symlinking: /home/elijah/go2-convex-mpc/ros2_ws/install/unitree_api/local/lib/python3.10/dist-packages/unitree_api-0.0.0-py3.10.egg-info/SOURCES.txt\n'}
[14.662095] (unitree_go) StdoutLine: {'line': b'[ 82%] \x1b[32mBuilding CXX object CMakeFiles/unitree_go__rosidl_typesupport_fastrtps_cpp.dir/rosidl_typesupport_fastrtps_cpp/unitree_go/msg/detail/dds_fastrtps/path_point__type_support.cpp.o\x1b[0m\n'}
[14.664687] (-) TimerEvent: {}
[14.669232] (unitree_hg) StdoutLine: {'line': b'-- Symlinking: /home/elijah/go2-convex-mpc/ros2_ws/install/unitree_hg/include/unitree_hg/unitree_hg/msg/detail/hand_state__struct.h\n'}
[14.693670] (unitree_hg) StdoutLine: {'line': b'-- Symlinking: /home/elijah/go2-convex-mpc/ros2_ws/install/unitree_hg/include/unitree_hg/unitree_hg/msg/detail/hand_state__type_support.h\n'}
[14.696895] (unitree_api) StdoutLine: {'line': b'-- Symlinking: /home/elijah/go2-convex-mpc/ros2_ws/install/unitree_api/local/lib/python3.10/dist-packages/unitree_api-0.0.0-py3.10.egg-info/dependency_links.txt\n'}
[14.705112] (unitree_hg) StdoutLine: {'line': b'-- Symlinking: /home/elijah/go2-convex-mpc/ros2_ws/install/unitree_hg/include/unitree_hg/unitree_hg/msg/detail/imu_state__functions.h\n'}
[14.718671] (unitree_api) StdoutLine: {'line': b'-- Symlinking: /home/elijah/go2-convex-mpc/ros2_ws/install/unitree_api/local/lib/python3.10/dist-packages/unitree_api-0.0.0-py3.10.egg-info/top_level.txt\n'}
[14.734247] (unitree_hg) StdoutLine: {'line': b'-- Symlinking: /home/elijah/go2-convex-mpc/ros2_ws/install/unitree_hg/include/unitree_hg/unitree_hg/msg/detail/imu_state__struct.h\n'}
[14.750743] (unitree_api) StdoutLine: {'line': b'-- Symlinking: /home/elijah/go2-convex-mpc/ros2_ws/install/unitree_api/local/lib/python3.10/dist-packages/unitree_api/__init__.py\n'}
[14.768008] (-) TimerEvent: {}
[14.768410] (unitree_hg) StdoutLine: {'line': b'-- Symlinking: /home/elijah/go2-convex-mpc/ros2_ws/install/unitree_hg/include/unitree_hg/unitree_hg/msg/detail/imu_state__type_support.h\n'}
[14.810082] (unitree_hg) StdoutLine: {'line': b'-- Symlinking: /home/elijah/go2-convex-mpc/ros2_ws/install/unitree_hg/include/unitree_hg/unitree_hg/msg/detail/low_cmd__functions.h\n'}
[14.810564] (unitree_api) StdoutLine: {'line': b'-- Symlinking: /home/elijah/go2-convex-mpc/ros2_ws/install/unitree_api/local/lib/python3.10/dist-packages/unitree_api/_unitree_api_s.ep.rosidl_typesupport_c.c\n'}
[14.832565] (unitree_api) StdoutLine: {'line': b'-- Symlinking: /home/elijah/go2-convex-mpc/ros2_ws/install/unitree_api/local/lib/python3.10/dist-packages/unitree_api/_unitree_api_s.ep.rosidl_typesupport_fastrtps_c.c\n'}
[14.846939] (unitree_hg) StdoutLine: {'line': b'-- Symlinking: /home/elijah/go2-convex-mpc/ros2_ws/install/unitree_hg/include/unitree_hg/unitree_hg/msg/detail/low_cmd__struct.h\n'}
[14.850661] (unitree_api) StdoutLine: {'line': b'-- Symlinking: /home/elijah/go2-convex-mpc/ros2_ws/install/unitree_api/local/lib/python3.10/dist-packages/unitree_api/_unitree_api_s.ep.rosidl_typesupport_introspection_c.c\n'}
[14.867399] (-) TimerEvent: {}
[14.868400] (unitree_api) StdoutLine: {'line': b'-- Symlinking: /home/elijah/go2-convex-mpc/ros2_ws/install/unitree_api/local/lib/python3.10/dist-packages/unitree_api/libunitree_api__rosidl_generator_py.so\n'}
[14.881137] (unitree_hg) StdoutLine: {'line': b'-- Symlinking: /home/elijah/go2-convex-mpc/ros2_ws/install/unitree_hg/include/unitree_hg/unitree_hg/msg/detail/low_cmd__type_support.h\n'}
[14.892242] (unitree_api) StdoutLine: {'line': b'-- Symlinking: /home/elijah/go2-convex-mpc/ros2_ws/install/unitree_api/local/lib/python3.10/dist-packages/unitree_api/msg/__init__.py\n'}
[14.916537] (unitree_hg) StdoutLine: {'line': b'-- Symlinking: /home/elijah/go2-convex-mpc/ros2_ws/install/unitree_hg/include/unitree_hg/unitree_hg/msg/detail/low_state__functions.h\n'}
[14.919621] (unitree_api) StdoutLine: {'line': b'-- Symlinking: /home/elijah/go2-convex-mpc/ros2_ws/install/unitree_api/local/lib/python3.10/dist-packages/unitree_api/msg/_request.py\n'}
[14.955090] (unitree_api) StdoutLine: {'line': b'-- Symlinking: /home/elijah/go2-convex-mpc/ros2_ws/install/unitree_api/local/lib/python3.10/dist-packages/unitree_api/msg/_request_header.py\n'}
[14.956894] (unitree_hg) StdoutLine: {'line': b'-- Symlinking: /home/elijah/go2-convex-mpc/ros2_ws/install/unitree_hg/include/unitree_hg/unitree_hg/msg/detail/low_state__struct.h\n'}
[14.969754] (-) TimerEvent: {}
[14.984060] (unitree_api) StdoutLine: {'line': b'-- Symlinking: /home/elijah/go2-convex-mpc/ros2_ws/install/unitree_api/local/lib/python3.10/dist-packages/unitree_api/msg/_request_header_s.c\n'}
[14.997882] (unitree_hg) StdoutLine: {'line': b'-- Symlinking: /home/elijah/go2-convex-mpc/ros2_ws/install/unitree_hg/include/unitree_hg/unitree_hg/msg/detail/low_state__type_support.h\n'}
[15.007807] (unitree_api) StdoutLine: {'line': b'-- Symlinking: /home/elijah/go2-convex-mpc/ros2_ws/install/unitree_api/local/lib/python3.10/dist-packages/unitree_api/msg/_request_identity.py\n'}
[15.026764] (unitree_api) StdoutLine: {'line': b'-- Symlinking: /home/elijah/go2-convex-mpc/ros2_ws/install/unitree_api/local/lib/python3.10/dist-packages/unitree_api/msg/_request_identity_s.c\n'}
[15.032703] (unitree_hg) StdoutLine: {'line': b'-- Symlinking: /home/elijah/go2-convex-mpc/ros2_ws/install/unitree_hg/include/unitree_hg/unitree_hg/msg/detail/main_board_state__functions.h\n'}
[15.064095] (unitree_api) StdoutLine: {'line': b'-- Symlinking: /home/elijah/go2-convex-mpc/ros2_ws/install/unitree_api/local/lib/python3.10/dist-packages/unitree_api/msg/_request_lease.py\n'}
[15.068474] (unitree_hg) StdoutLine: {'line': b'-- Symlinking: /home/elijah/go2-convex-mpc/ros2_ws/install/unitree_hg/include/unitree_hg/unitree_hg/msg/detail/main_board_state__struct.h\n'}
[15.072675] (-) TimerEvent: {}
[15.096511] (unitree_api) StdoutLine: {'line': b'-- Symlinking: /home/elijah/go2-convex-mpc/ros2_ws/install/unitree_api/local/lib/python3.10/dist-packages/unitree_api/msg/_request_lease_s.c\n'}
[15.101708] (unitree_hg) StdoutLine: {'line': b'-- Symlinking: /home/elijah/go2-convex-mpc/ros2_ws/install/unitree_hg/include/unitree_hg/unitree_hg/msg/detail/main_board_state__type_support.h\n'}
[15.135864] (unitree_api) StdoutLine: {'line': b'-- Symlinking: /home/elijah/go2-convex-mpc/ros2_ws/install/unitree_api/local/lib/python3.10/dist-packages/unitree_api/msg/_request_policy.py\n'}
[15.141704] (unitree_hg) StdoutLine: {'line': b'-- Symlinking: /home/elijah/go2-convex-mpc/ros2_ws/install/unitree_hg/include/unitree_hg/unitree_hg/msg/detail/motor_cmd__functions.h\n'}
[15.155718] (unitree_api) StdoutLine: {'line': b'-- Symlinking: /home/elijah/go2-convex-mpc/ros2_ws/install/unitree_api/local/lib/python3.10/dist-packages/unitree_api/msg/_request_policy_s.c\n'}
[15.169479] (unitree_hg) StdoutLine: {'line': b'-- Symlinking: /home/elijah/go2-convex-mpc/ros2_ws/install/unitree_hg/include/unitree_hg/unitree_hg/msg/detail/motor_cmd__struct.h\n'}
[15.171507] (unitree_api) StdoutLine: {'line': b'-- Symlinking: /home/elijah/go2-convex-mpc/ros2_ws/install/unitree_api/local/lib/python3.10/dist-packages/unitree_api/msg/_request_s.c\n'}
[15.173018] (-) TimerEvent: {}
[15.194437] (unitree_hg) StdoutLine: {'line': b'-- Symlinking: /home/elijah/go2-convex-mpc/ros2_ws/install/unitree_hg/include/unitree_hg/unitree_hg/msg/detail/motor_cmd__type_support.h\n'}
[15.210097] (unitree_api) StdoutLine: {'line': b'-- Symlinking: /home/elijah/go2-convex-mpc/ros2_ws/install/unitree_api/local/lib/python3.10/dist-packages/unitree_api/msg/_response.py\n'}
[15.219401] (unitree_hg) StdoutLine: {'line': b'-- Symlinking: /home/elijah/go2-convex-mpc/ros2_ws/install/unitree_hg/include/unitree_hg/unitree_hg/msg/detail/motor_state__functions.h\n'}
[15.238705] (unitree_api) StdoutLine: {'line': b'-- Symlinking: /home/elijah/go2-convex-mpc/ros2_ws/install/unitree_api/local/lib/python3.10/dist-packages/unitree_api/msg/_response_header.py\n'}
[15.240777] (unitree_hg) StdoutLine: {'line': b'-- Symlinking: /home/elijah/go2-convex-mpc/ros2_ws/install/unitree_hg/include/unitree_hg/unitree_hg/msg/detail/motor_state__struct.h\n'}
[15.249874] (unitree_api) StdoutLine: {'line': b'-- Symlinking: /home/elijah/go2-convex-mpc/ros2_ws/install/unitree_api/local/lib/python3.10/dist-packages/unitree_api/msg/_response_header_s.c\n'}
[15.254748] (unitree_go) StdoutLine: {'line': b'[ 83%] \x1b[32mBuilding CXX object CMakeFiles/unitree_go__rosidl_typesupport_fastrtps_cpp.dir/rosidl_typesupport_fastrtps_cpp/unitree_go/msg/detail/dds_fastrtps/req__type_support.cpp.o\x1b[0m\n'}
[15.255381] (unitree_hg) StdoutLine: {'line': b'-- Symlinking: /home/elijah/go2-convex-mpc/ros2_ws/install/unitree_hg/include/unitree_hg/unitree_hg/msg/detail/motor_state__type_support.h\n'}
[15.267055] (unitree_api) StdoutLine: {'line': b'-- Symlinking: /home/elijah/go2-convex-mpc/ros2_ws/install/unitree_api/local/lib/python3.10/dist-packages/unitree_api/msg/_response_s.c\n'}
[15.273198] (-) TimerEvent: {}
[15.274770] (unitree_hg) StdoutLine: {'line': b'-- Symlinking: /home/elijah/go2-convex-mpc/ros2_ws/install/unitree_hg/include/unitree_hg/unitree_hg/msg/detail/press_sensor_state__functions.h\n'}
[15.275530] (unitree_go) StdoutLine: {'line': b'[ 83%] \x1b[32mBuilding CXX object CMakeFiles/unitree_go__rosidl_typesupport_fastrtps_cpp.dir/rosidl_typesupport_fastrtps_cpp/unitree_go/msg/detail/dds_fastrtps/res__type_support.cpp.o\x1b[0m\n'}
[15.285817] (unitree_api) StdoutLine: {'line': b'-- Symlinking: /home/elijah/go2-convex-mpc/ros2_ws/install/unitree_api/local/lib/python3.10/dist-packages/unitree_api/msg/_response_status.py\n'}
[15.289465] (unitree_go) StdoutLine: {'line': b'[ 84%] \x1b[32mBuilding CXX object CMakeFiles/unitree_go__rosidl_typesupport_fastrtps_cpp.dir/rosidl_typesupport_fastrtps_cpp/unitree_go/msg/detail/dds_fastrtps/sport_mode_cmd__type_support.cpp.o\x1b[0m\n'}
[15.297748] (unitree_hg) StdoutLine: {'line': b'-- Symlinking: /home/elijah/go2-convex-mpc/ros2_ws/install/unitree_hg/include/unitree_hg/unitree_hg/msg/detail/press_sensor_state__struct.h\n'}
[15.303785] (unitree_api) StdoutLine: {'line': b'-- Symlinking: /home/elijah/go2-convex-mpc/ros2_ws/install/unitree_api/local/lib/python3.10/dist-packages/unitree_api/msg/_response_status_s.c\n'}
[15.319697] (unitree_hg) StdoutLine: {'line': b'-- Symlinking: /home/elijah/go2-convex-mpc/ros2_ws/install/unitree_hg/include/unitree_hg/unitree_hg/msg/detail/press_sensor_state__type_support.h\n'}
[15.320567] (unitree_go) StdoutLine: {'line': b'[ 84%] \x1b[32mBuilding CXX object CMakeFiles/unitree_go__rosidl_typesupport_fastrtps_cpp.dir/rosidl_typesupport_fastrtps_cpp/unitree_go/msg/detail/dds_fastrtps/sport_mode_state__type_support.cpp.o\x1b[0m\n'}
[15.331704] (unitree_api) StdoutLine: {'line': b'-- Symlinking: /home/elijah/go2-convex-mpc/ros2_ws/install/unitree_api/local/lib/python3.10/dist-packages/unitree_api/unitree_api_s__rosidl_typesupport_c.cpython-310-x86_64-linux-gnu.so\n'}
[15.338722] (unitree_hg) StdoutLine: {'line': b'-- Symlinking: /home/elijah/go2-convex-mpc/ros2_ws/install/unitree_hg/include/unitree_hg/unitree_hg/msg/hand_cmd.h\n'}
[15.343725] (unitree_api) StdoutLine: {'line': b'-- Symlinking: /home/elijah/go2-convex-mpc/ros2_ws/install/unitree_api/local/lib/python3.10/dist-packages/unitree_api/unitree_api_s__rosidl_typesupport_fastrtps_c.cpython-310-x86_64-linux-gnu.so\n'}
[15.350741] (unitree_go) StdoutLine: {'line': b'[ 84%] \x1b[32mBuilding CXX object CMakeFiles/unitree_go__rosidl_typesupport_fastrtps_cpp.dir/rosidl_typesupport_fastrtps_cpp/unitree_go/msg/detail/dds_fastrtps/uwb_state__type_support.cpp.o\x1b[0m\n'}
[15.355341] (unitree_hg) StdoutLine: {'line': b'-- Symlinking: /home/elijah/go2-convex-mpc/ros2_ws/install/unitree_hg/include/unitree_hg/unitree_hg/msg/hand_state.h\n'}
[15.357627] (unitree_go) StdoutLine: {'line': b'[ 85%] \x1b[32mBuilding CXX object CMakeFiles/unitree_go__rosidl_typesupport_fastrtps_cpp.dir/rosidl_typesupport_fastrtps_cpp/unitree_go/msg/detail/dds_fastrtps/time_spec__type_support.cpp.o\x1b[0m\n'}
[15.358726] (unitree_api) StdoutLine: {'line': b'-- Symlinking: /home/elijah/go2-convex-mpc/ros2_ws/install/unitree_api/local/lib/python3.10/dist-packages/unitree_api/unitree_api_s__rosidl_typesupport_introspection_c.cpython-310-x86_64-linux-gnu.so\n'}
[15.373308] (-) TimerEvent: {}
[15.377513] (unitree_hg) StdoutLine: {'line': b'-- Symlinking: /home/elijah/go2-convex-mpc/ros2_ws/install/unitree_hg/include/unitree_hg/unitree_hg/msg/imu_state.h\n'}
[15.382956] (unitree_api) StdoutLine: {'line': b'-- Up-to-date symlink: /home/elijah/go2-convex-mpc/ros2_ws/install/unitree_api/local/lib/python3.10/dist-packages/unitree_api/unitree_api_s__rosidl_typesupport_fastrtps_c.cpython-310-x86_64-linux-gnu.so\n'}
[15.383772] (unitree_api) StdoutLine: {'line': b'-- Up-to-date symlink: /home/elijah/go2-convex-mpc/ros2_ws/install/unitree_api/local/lib/python3.10/dist-packages/unitree_api/unitree_api_s__rosidl_typesupport_introspection_c.cpython-310-x86_64-linux-gnu.so\n'}
[15.385270] (unitree_api) StdoutLine: {'line': b'-- Up-to-date symlink: /home/elijah/go2-convex-mpc/ros2_ws/install/unitree_api/local/lib/python3.10/dist-packages/unitree_api/unitree_api_s__rosidl_typesupport_c.cpython-310-x86_64-linux-gnu.so\n'}
[15.385848] (unitree_api) StdoutLine: {'line': b'-- Symlinking: /home/elijah/go2-convex-mpc/ros2_ws/install/unitree_api/share/unitree_api/msg/Request.idl\n'}
[15.390285] (unitree_go) StdoutLine: {'line': b'[ 86%] \x1b[32mBuilding CXX object CMakeFiles/unitree_go__rosidl_typesupport_fastrtps_cpp.dir/rosidl_typesupport_fastrtps_cpp/unitree_go/msg/detail/dds_fastrtps/uwb_switch__type_support.cpp.o\x1b[0m\n'}
[15.396666] (unitree_hg) StdoutLine: {'line': b'-- Symlinking: /home/elijah/go2-convex-mpc/ros2_ws/install/unitree_hg/include/unitree_hg/unitree_hg/msg/low_cmd.h\n'}
[15.397848] (unitree_go) StdoutLine: {'line': b'[ 86%] \x1b[32mBuilding CXX object CMakeFiles/unitree_go__rosidl_typesupport_fastrtps_cpp.dir/rosidl_typesupport_fastrtps_cpp/unitree_go/msg/detail/dds_fastrtps/wireless_controller__type_support.cpp.o\x1b[0m\n'}
[15.415686] (unitree_hg) StdoutLine: {'line': b'-- Symlinking: /home/elijah/go2-convex-mpc/ros2_ws/install/unitree_hg/include/unitree_hg/unitree_hg/msg/low_state.h\n'}
[15.417836] (unitree_api) StdoutLine: {'line': b'-- Symlinking: /home/elijah/go2-convex-mpc/ros2_ws/install/unitree_api/share/unitree_api/msg/RequestHeader.idl\n'}
[15.431817] (unitree_hg) StdoutLine: {'line': b'-- Symlinking: /home/elijah/go2-convex-mpc/ros2_ws/install/unitree_hg/include/unitree_hg/unitree_hg/msg/main_board_state.h\n'}
[15.432271] (unitree_api) StdoutLine: {'line': b'-- Symlinking: /home/elijah/go2-convex-mpc/ros2_ws/install/unitree_api/share/unitree_api/msg/RequestIdentity.idl\n'}
[15.448182] (unitree_api) StdoutLine: {'line': b'-- Symlinking: /home/elijah/go2-convex-mpc/ros2_ws/install/unitree_api/share/unitree_api/msg/RequestLease.idl\n'}
[15.448570] (unitree_hg) StdoutLine: {'line': b'-- Symlinking: /home/elijah/go2-convex-mpc/ros2_ws/install/unitree_hg/include/unitree_hg/unitree_hg/msg/motor_cmd.h\n'}
[15.464067] (unitree_hg) StdoutLine: {'line': b'-- Symlinking: /home/elijah/go2-convex-mpc/ros2_ws/install/unitree_hg/include/unitree_hg/unitree_hg/msg/motor_state.h\n'}
[15.464773] (unitree_api) StdoutLine: {'line': b'-- Symlinking: /home/elijah/go2-convex-mpc/ros2_ws/install/unitree_api/share/unitree_api/msg/RequestPolicy.idl\n'}
[15.473459] (-) TimerEvent: {}
[15.481713] (unitree_hg) StdoutLine: {'line': b'-- Symlinking: /home/elijah/go2-convex-mpc/ros2_ws/install/unitree_hg/include/unitree_hg/unitree_hg/msg/press_sensor_state.h\n'}
[15.482646] (unitree_api) StdoutLine: {'line': b'-- Symlinking: /home/elijah/go2-convex-mpc/ros2_ws/install/unitree_api/share/unitree_api/msg/Response.idl\n'}
[15.499343] (unitree_api) StdoutLine: {'line': b'-- Symlinking: /home/elijah/go2-convex-mpc/ros2_ws/install/unitree_api/share/unitree_api/msg/ResponseHeader.idl\n'}
[15.500773] (unitree_hg) StdoutLine: {'line': b'-- Symlinking: /home/elijah/go2-convex-mpc/ros2_ws/install/unitree_hg/include/unitree_hg/unitree_hg/msg/rosidl_generator_c__visibility_control.h\n'}
[15.519546] (unitree_api) StdoutLine: {'line': b'-- Symlinking: /home/elijah/go2-convex-mpc/ros2_ws/install/unitree_api/share/unitree_api/msg/ResponseStatus.idl\n'}
[15.524530] (unitree_hg) StdoutLine: {'line': b'-- Symlinking: /home/elijah/go2-convex-mpc/ros2_ws/install/unitree_hg/share/unitree_hg/environment/library_path.sh\n'}
[15.535769] (unitree_api) StdoutLine: {'line': b'-- Symlinking: /home/elijah/go2-convex-mpc/ros2_ws/install/unitree_api/share/unitree_api/msg/Request.msg\n'}
[15.540196] (unitree_hg) StdoutLine: {'line': b'-- Symlinking: /home/elijah/go2-convex-mpc/ros2_ws/install/unitree_hg/share/unitree_hg/environment/library_path.dsv\n'}
[15.549672] (unitree_api) StdoutLine: {'line': b'-- Symlinking: /home/elijah/go2-convex-mpc/ros2_ws/install/unitree_api/share/unitree_api/msg/RequestHeader.msg\n'}
[15.559297] (unitree_hg) StdoutLine: {'line': b'-- Symlinking: /home/elijah/go2-convex-mpc/ros2_ws/install/unitree_hg/include/unitree_hg/unitree_hg/msg/detail/bms_cmd__rosidl_typesupport_fastrtps_c.h\n'}
[15.565271] (unitree_api) StdoutLine: {'line': b'-- Symlinking: /home/elijah/go2-convex-mpc/ros2_ws/install/unitree_api/share/unitree_api/msg/RequestIdentity.msg\n'}
[15.573607] (-) TimerEvent: {}
[15.574838] (unitree_hg) StdoutLine: {'line': b'-- Symlinking: /home/elijah/go2-convex-mpc/ros2_ws/install/unitree_hg/include/unitree_hg/unitree_hg/msg/detail/bms_state__rosidl_typesupport_fastrtps_c.h\n'}
[15.578311] (unitree_api) StdoutLine: {'line': b'-- Symlinking: /home/elijah/go2-convex-mpc/ros2_ws/install/unitree_api/share/unitree_api/msg/RequestLease.msg\n'}
[15.593642] (unitree_hg) StdoutLine: {'line': b'-- Symlinking: /home/elijah/go2-convex-mpc/ros2_ws/install/unitree_hg/include/unitree_hg/unitree_hg/msg/detail/hand_cmd__rosidl_typesupport_fastrtps_c.h\n'}
[15.595324] (unitree_api) StdoutLine: {'line': b'-- Symlinking: /home/elijah/go2-convex-mpc/ros2_ws/install/unitree_api/share/unitree_api/msg/RequestPolicy.msg\n'}
[15.610841] (unitree_hg) StdoutLine: {'line': b'-- Symlinking: /home/elijah/go2-convex-mpc/ros2_ws/install/unitree_hg/include/unitree_hg/unitree_hg/msg/detail/hand_state__rosidl_typesupport_fastrtps_c.h\n'}
[15.611178] (unitree_api) StdoutLine: {'line': b'-- Symlinking: /home/elijah/go2-convex-mpc/ros2_ws/install/unitree_api/share/unitree_api/msg/Response.msg\n'}
[15.626085] (unitree_hg) StdoutLine: {'line': b'-- Symlinking: /home/elijah/go2-convex-mpc/ros2_ws/install/unitree_hg/include/unitree_hg/unitree_hg/msg/detail/imu_state__rosidl_typesupport_fastrtps_c.h\n'}
[15.626490] (unitree_api) StdoutLine: {'line': b'-- Symlinking: /home/elijah/go2-convex-mpc/ros2_ws/install/unitree_api/share/unitree_api/msg/ResponseHeader.msg\n'}
[15.640988] (unitree_hg) StdoutLine: {'line': b'-- Symlinking: /home/elijah/go2-convex-mpc/ros2_ws/install/unitree_hg/include/unitree_hg/unitree_hg/msg/detail/low_cmd__rosidl_typesupport_fastrtps_c.h\n'}
[15.641264] (unitree_api) StdoutLine: {'line': b'-- Symlinking: /home/elijah/go2-convex-mpc/ros2_ws/install/unitree_api/share/unitree_api/msg/ResponseStatus.msg\n'}
[15.654845] (unitree_hg) StdoutLine: {'line': b'-- Symlinking: /home/elijah/go2-convex-mpc/ros2_ws/install/unitree_hg/include/unitree_hg/unitree_hg/msg/detail/low_state__rosidl_typesupport_fastrtps_c.h\n'}
[15.655228] (unitree_api) StdoutLine: {'line': b'-- Symlinking: /home/elijah/go2-convex-mpc/ros2_ws/install/unitree_api/share/unitree_api/msg/dds_connext/RequestHeader_.idl\n'}
[15.668351] (unitree_api) StdoutLine: {'line': b'-- Symlinking: /home/elijah/go2-convex-mpc/ros2_ws/install/unitree_api/share/unitree_api/msg/dds_connext/RequestIdentity_.idl\n'}
[15.668645] (unitree_hg) StdoutLine: {'line': b'-- Symlinking: /home/elijah/go2-convex-mpc/ros2_ws/install/unitree_hg/include/unitree_hg/unitree_hg/msg/detail/main_board_state__rosidl_typesupport_fastrtps_c.h\n'}
[15.673677] (-) TimerEvent: {}
[15.682122] (unitree_hg) StdoutLine: {'line': b'-- Symlinking: /home/elijah/go2-convex-mpc/ros2_ws/install/unitree_hg/include/unitree_hg/unitree_hg/msg/detail/motor_cmd__rosidl_typesupport_fastrtps_c.h\n'}
[15.682427] (unitree_api) StdoutLine: {'line': b'-- Symlinking: /home/elijah/go2-convex-mpc/ros2_ws/install/unitree_api/share/unitree_api/msg/dds_connext/RequestLease_.idl\n'}
[15.697624] (unitree_hg) StdoutLine: {'line': b'-- Symlinking: /home/elijah/go2-convex-mpc/ros2_ws/install/unitree_hg/include/unitree_hg/unitree_hg/msg/detail/motor_state__rosidl_typesupport_fastrtps_c.h\n'}
[15.697939] (unitree_api) StdoutLine: {'line': b'-- Symlinking: /home/elijah/go2-convex-mpc/ros2_ws/install/unitree_api/share/unitree_api/msg/dds_connext/RequestPolicy_.idl\n'}
[15.713006] (unitree_hg) StdoutLine: {'line': b'-- Symlinking: /home/elijah/go2-convex-mpc/ros2_ws/install/unitree_hg/include/unitree_hg/unitree_hg/msg/detail/press_sensor_state__rosidl_typesupport_fastrtps_c.h\n'}
[15.713318] (unitree_api) StdoutLine: {'line': b'-- Symlinking: /home/elijah/go2-convex-mpc/ros2_ws/install/unitree_api/share/unitree_api/msg/dds_connext/Request_.idl\n'}
[15.727688] (unitree_hg) StdoutLine: {'line': b'-- Symlinking: /home/elijah/go2-convex-mpc/ros2_ws/install/unitree_hg/include/unitree_hg/unitree_hg/msg/rosidl_typesupport_fastrtps_c__visibility_control.h\n'}
[15.728022] (unitree_api) StdoutLine: {'line': b'-- Symlinking: /home/elijah/go2-convex-mpc/ros2_ws/install/unitree_api/share/unitree_api/msg/dds_connext/ResponseHeader_.idl\n'}
[15.740027] (unitree_hg) StdoutLine: {'line': b'-- Symlinking: /home/elijah/go2-convex-mpc/ros2_ws/install/unitree_hg/include/unitree_hg/unitree_hg/msg/bms_cmd.hpp\n'}
[15.741694] (unitree_api) StdoutLine: {'line': b'-- Symlinking: /home/elijah/go2-convex-mpc/ros2_ws/install/unitree_api/share/unitree_api/msg/dds_connext/ResponseStatus_.idl\n'}
[15.751410] (unitree_hg) StdoutLine: {'line': b'-- Symlinking: /home/elijah/go2-convex-mpc/ros2_ws/install/unitree_hg/include/unitree_hg/unitree_hg/msg/bms_state.hpp\n'}
[15.752971] (unitree_api) StdoutLine: {'line': b'-- Symlinking: /home/elijah/go2-convex-mpc/ros2_ws/install/unitree_api/share/unitree_api/msg/dds_connext/Response_.idl\n'}
[15.762388] (unitree_hg) StdoutLine: {'line': b'-- Symlinking: /home/elijah/go2-convex-mpc/ros2_ws/install/unitree_hg/include/unitree_hg/unitree_hg/msg/detail/bms_cmd__builder.hpp\n'}
[15.763494] (unitree_api) StdoutLine: {'line': b'-- Symlinking: /home/elijah/go2-convex-mpc/ros2_ws/install/unitree_api/share/ament_index/resource_index/package_run_dependencies/unitree_api\n'}
[15.772935] (unitree_hg) StdoutLine: {'line': b'-- Symlinking: /home/elijah/go2-convex-mpc/ros2_ws/install/unitree_hg/include/unitree_hg/unitree_hg/msg/detail/bms_cmd__struct.hpp\n'}
[15.773344] (unitree_api) StdoutLine: {'line': b'-- Symlinking: /home/elijah/go2-convex-mpc/ros2_ws/install/unitree_api/share/ament_index/resource_index/parent_prefix_path/unitree_api\n'}
[15.773741] (-) TimerEvent: {}
[15.783422] (unitree_hg) StdoutLine: {'line': b'-- Symlinking: /home/elijah/go2-convex-mpc/ros2_ws/install/unitree_hg/include/unitree_hg/unitree_hg/msg/detail/bms_cmd__traits.hpp\n'}
[15.783817] (unitree_api) StdoutLine: {'line': b'-- Symlinking: /home/elijah/go2-convex-mpc/ros2_ws/install/unitree_api/share/unitree_api/environment/ament_prefix_path.sh\n'}
[15.795558] (unitree_api) StdoutLine: {'line': b'-- Symlinking: /home/elijah/go2-convex-mpc/ros2_ws/install/unitree_api/share/unitree_api/environment/ament_prefix_path.dsv\n'}
[15.797497] (unitree_hg) StdoutLine: {'line': b'-- Symlinking: /home/elijah/go2-convex-mpc/ros2_ws/install/unitree_hg/include/unitree_hg/unitree_hg/msg/detail/bms_cmd__type_support.hpp\n'}
[15.809104] (unitree_api) StdoutLine: {'line': b'-- Symlinking: /home/elijah/go2-convex-mpc/ros2_ws/install/unitree_api/share/unitree_api/environment/path.sh\n'}
[15.810000] (unitree_hg) StdoutLine: {'line': b'-- Symlinking: /home/elijah/go2-convex-mpc/ros2_ws/install/unitree_hg/include/unitree_hg/unitree_hg/msg/detail/bms_state__builder.hpp\n'}
[15.819954] (unitree_hg) StdoutLine: {'line': b'-- Symlinking: /home/elijah/go2-convex-mpc/ros2_ws/install/unitree_hg/include/unitree_hg/unitree_hg/msg/detail/bms_state__struct.hpp\n'}
[15.820178] (unitree_api) StdoutLine: {'line': b'-- Symlinking: /home/elijah/go2-convex-mpc/ros2_ws/install/unitree_api/share/unitree_api/environment/path.dsv\n'}
[15.829520] (unitree_hg) StdoutLine: {'line': b'-- Symlinking: /home/elijah/go2-convex-mpc/ros2_ws/install/unitree_hg/include/unitree_hg/unitree_hg/msg/detail/bms_state__traits.hpp\n'}
[15.829761] (unitree_api) StdoutLine: {'line': b'-- Symlinking: /home/elijah/go2-convex-mpc/ros2_ws/install/unitree_api/share/unitree_api/local_setup.bash\n'}
[15.838190] (unitree_hg) StdoutLine: {'line': b'-- Symlinking: /home/elijah/go2-convex-mpc/ros2_ws/install/unitree_hg/include/unitree_hg/unitree_hg/msg/detail/bms_state__type_support.hpp\n'}
[15.838377] (unitree_api) StdoutLine: {'line': b'-- Symlinking: /home/elijah/go2-convex-mpc/ros2_ws/install/unitree_api/share/unitree_api/local_setup.sh\n'}
[15.846874] (unitree_api) StdoutLine: {'line': b'-- Symlinking: /home/elijah/go2-convex-mpc/ros2_ws/install/unitree_api/share/unitree_api/local_setup.zsh\n'}
[15.847021] (unitree_hg) StdoutLine: {'line': b'-- Symlinking: /home/elijah/go2-convex-mpc/ros2_ws/install/unitree_hg/include/unitree_hg/unitree_hg/msg/detail/hand_cmd__builder.hpp\n'}
[15.854779] (unitree_api) StdoutLine: {'line': b'-- Symlinking: /home/elijah/go2-convex-mpc/ros2_ws/install/unitree_api/share/unitree_api/local_setup.dsv\n'}
[15.854944] (unitree_hg) StdoutLine: {'line': b'-- Symlinking: /home/elijah/go2-convex-mpc/ros2_ws/install/unitree_hg/include/unitree_hg/unitree_hg/msg/detail/hand_cmd__struct.hpp\n'}
[15.861187] (unitree_go) StdoutLine: {'line': b'[ 87%] \x1b[32m\x1b[1mLinking CXX shared library libunitree_go__rosidl_typesupport_fastrtps_cpp.so\x1b[0m\n'}
[15.862289] (unitree_hg) StdoutLine: {'line': b'-- Symlinking: /home/elijah/go2-convex-mpc/ros2_ws/install/unitree_hg/include/unitree_hg/unitree_hg/msg/detail/hand_cmd__traits.hpp\n'}
[15.862425] (unitree_api) StdoutLine: {'line': b'-- Symlinking: /home/elijah/go2-convex-mpc/ros2_ws/install/unitree_api/share/unitree_api/package.dsv\n'}
[15.869869] (unitree_hg) StdoutLine: {'line': b'-- Symlinking: /home/elijah/go2-convex-mpc/ros2_ws/install/unitree_hg/include/unitree_hg/unitree_hg/msg/detail/hand_cmd__type_support.hpp\n'}
[15.870096] (unitree_api) StdoutLine: {'line': b'-- Symlinking: /home/elijah/go2-convex-mpc/ros2_ws/install/unitree_api/share/ament_index/resource_index/packages/unitree_api\n'}
[15.873824] (-) TimerEvent: {}
[15.877719] (unitree_hg) StdoutLine: {'line': b'-- Symlinking: /home/elijah/go2-convex-mpc/ros2_ws/install/unitree_hg/include/unitree_hg/unitree_hg/msg/detail/hand_state__builder.hpp\n'}
[15.878196] (unitree_api) StdoutLine: {'line': b'-- Symlinking: /home/elijah/go2-convex-mpc/ros2_ws/install/unitree_api/share/unitree_api/cmake/rosidl_cmake-extras.cmake\n'}
[15.887406] (unitree_hg) StdoutLine: {'line': b'-- Symlinking: /home/elijah/go2-convex-mpc/ros2_ws/install/unitree_hg/include/unitree_hg/unitree_hg/msg/detail/hand_state__struct.hpp\n'}
[15.887725] (unitree_api) StdoutLine: {'line': b'-- Symlinking: /home/elijah/go2-convex-mpc/ros2_ws/install/unitree_api/share/unitree_api/cmake/ament_cmake_export_dependencies-extras.cmake\n'}
[15.896783] (unitree_api) StdoutLine: {'line': b'-- Symlinking: /home/elijah/go2-convex-mpc/ros2_ws/install/unitree_api/share/unitree_api/cmake/ament_cmake_export_include_directories-extras.cmake\n'}
[15.896986] (unitree_hg) StdoutLine: {'line': b'-- Symlinking: /home/elijah/go2-convex-mpc/ros2_ws/install/unitree_hg/include/unitree_hg/unitree_hg/msg/detail/hand_state__traits.hpp\n'}
[15.906174] (unitree_hg) StdoutLine: {'line': b'-- Symlinking: /home/elijah/go2-convex-mpc/ros2_ws/install/unitree_hg/include/unitree_hg/unitree_hg/msg/detail/hand_state__type_support.hpp\n'}
[15.906390] (unitree_api) StdoutLine: {'line': b'-- Symlinking: /home/elijah/go2-convex-mpc/ros2_ws/install/unitree_api/share/unitree_api/cmake/ament_cmake_export_libraries-extras.cmake\n'}
[15.915403] (unitree_hg) StdoutLine: {'line': b'-- Symlinking: /home/elijah/go2-convex-mpc/ros2_ws/install/unitree_hg/include/unitree_hg/unitree_hg/msg/detail/imu_state__builder.hpp\n'}
[15.915668] (unitree_api) StdoutLine: {'line': b'-- Symlinking: /home/elijah/go2-convex-mpc/ros2_ws/install/unitree_api/share/unitree_api/cmake/ament_cmake_export_targets-extras.cmake\n'}
[15.924100] (unitree_hg) StdoutLine: {'line': b'-- Symlinking: /home/elijah/go2-convex-mpc/ros2_ws/install/unitree_hg/include/unitree_hg/unitree_hg/msg/detail/imu_state__struct.hpp\n'}
[15.924284] (unitree_api) StdoutLine: {'line': b'-- Symlinking: /home/elijah/go2-convex-mpc/ros2_ws/install/unitree_api/share/unitree_api/cmake/rosidl_cmake_export_typesupport_targets-extras.cmake\n'}
[15.932412] (unitree_hg) StdoutLine: {'line': b'-- Symlinking: /home/elijah/go2-convex-mpc/ros2_ws/install/unitree_hg/include/unitree_hg/unitree_hg/msg/detail/imu_state__traits.hpp\n'}
[15.932596] (unitree_api) StdoutLine: {'line': b'-- Symlinking: /home/elijah/go2-convex-mpc/ros2_ws/install/unitree_api/share/unitree_api/cmake/rosidl_cmake_export_typesupport_libraries-extras.cmake\n'}
[15.940600] (unitree_hg) StdoutLine: {'line': b'-- Symlinking: /home/elijah/go2-convex-mpc/ros2_ws/install/unitree_hg/include/unitree_hg/unitree_hg/msg/detail/imu_state__type_support.hpp\n'}
[15.940776] (unitree_api) StdoutLine: {'line': b'-- Symlinking: /home/elijah/go2-convex-mpc/ros2_ws/install/unitree_api/share/unitree_api/cmake/unitree_apiConfig.cmake\n'}
[15.943456] (unitree_go) StdoutLine: {'line': b'[ 87%] Built target unitree_go__rosidl_typesupport_fastrtps_cpp\n'}
[15.947775] (unitree_hg) StdoutLine: {'line': b'-- Symlinking: /home/elijah/go2-convex-mpc/ros2_ws/install/unitree_hg/include/unitree_hg/unitree_hg/msg/detail/low_cmd__builder.hpp\n'}
[15.947984] (unitree_api) StdoutLine: {'line': b'-- Symlinking: /home/elijah/go2-convex-mpc/ros2_ws/install/unitree_api/share/unitree_api/cmake/unitree_apiConfig-version.cmake\n'}
[15.955124] (unitree_hg) StdoutLine: {'line': b'-- Symlinking: /home/elijah/go2-convex-mpc/ros2_ws/install/unitree_hg/include/unitree_hg/unitree_hg/msg/detail/low_cmd__struct.hpp\n'}
[15.955276] (unitree_api) StdoutLine: {'line': b'-- Symlinking: /home/elijah/go2-convex-mpc/ros2_ws/install/unitree_api/share/unitree_api/package.xml\n'}
[15.960865] (unitree_go) StdoutLine: {'line': b'[ 87%] Built target unitree_go\n'}
[15.962207] (unitree_hg) StdoutLine: {'line': b'-- Symlinking: /home/elijah/go2-convex-mpc/ros2_ws/install/unitree_hg/include/unitree_hg/unitree_hg/msg/detail/low_cmd__traits.hpp\n'}
[15.962495] (unitree_api) StdoutLine: {'line': b'-- Installing: /home/elijah/go2-convex-mpc/ros2_ws/install/unitree_api/lib/libunitree_api__rosidl_generator_c.so\n'}
[15.962975] (unitree_api) StdoutLine: {'line': b'-- Set runtime path of "/home/elijah/go2-convex-mpc/ros2_ws/install/unitree_api/lib/libunitree_api__rosidl_generator_c.so" to ""\n'}
[15.963055] (unitree_api) StdoutLine: {'line': b'-- Installing: /home/elijah/go2-convex-mpc/ros2_ws/install/unitree_api/lib/libunitree_api__rosidl_typesupport_fastrtps_c.so\n'}
[15.963433] (unitree_api) StdoutLine: {'line': b'-- Set runtime path of "/home/elijah/go2-convex-mpc/ros2_ws/install/unitree_api/lib/libunitree_api__rosidl_typesupport_fastrtps_c.so" to ""\n'}
[15.963497] (unitree_api) StdoutLine: {'line': b'-- Installing: /home/elijah/go2-convex-mpc/ros2_ws/install/unitree_api/lib/libunitree_api__rosidl_typesupport_fastrtps_cpp.so\n'}
[15.963921] (unitree_api) StdoutLine: {'line': b'-- Set runtime path of "/home/elijah/go2-convex-mpc/ros2_ws/install/unitree_api/lib/libunitree_api__rosidl_typesupport_fastrtps_cpp.so" to ""\n'}
[15.963991] (unitree_api) StdoutLine: {'line': b'-- Installing: /home/elijah/go2-convex-mpc/ros2_ws/install/unitree_api/lib/libunitree_api__rosidl_typesupport_introspection_c.so\n'}
[15.964293] (unitree_api) StdoutLine: {'line': b'-- Set runtime path of "/home/elijah/go2-convex-mpc/ros2_ws/install/unitree_api/lib/libunitree_api__rosidl_typesupport_introspection_c.so" to ""\n'}
[15.964353] (unitree_api) StdoutLine: {'line': b'-- Installing: /home/elijah/go2-convex-mpc/ros2_ws/install/unitree_api/lib/libunitree_api__rosidl_typesupport_c.so\n'}
[15.964647] (unitree_api) StdoutLine: {'line': b'-- Set runtime path of "/home/elijah/go2-convex-mpc/ros2_ws/install/unitree_api/lib/libunitree_api__rosidl_typesupport_c.so" to ""\n'}
[15.964709] (unitree_api) StdoutLine: {'line': b'-- Installing: /home/elijah/go2-convex-mpc/ros2_ws/install/unitree_api/lib/libunitree_api__rosidl_typesupport_introspection_cpp.so\n'}
[15.965110] (unitree_api) StdoutLine: {'line': b'-- Set runtime path of "/home/elijah/go2-convex-mpc/ros2_ws/install/unitree_api/lib/libunitree_api__rosidl_typesupport_introspection_cpp.so" to ""\n'}
[15.965164] (unitree_api) StdoutLine: {'line': b'-- Installing: /home/elijah/go2-convex-mpc/ros2_ws/install/unitree_api/lib/libunitree_api__rosidl_typesupport_cpp.so\n'}
[15.965465] (unitree_api) StdoutLine: {'line': b'-- Set runtime path of "/home/elijah/go2-convex-mpc/ros2_ws/install/unitree_api/lib/libunitree_api__rosidl_typesupport_cpp.so" to ""\n'}
[15.969897] (unitree_hg) StdoutLine: {'line': b'-- Symlinking: /home/elijah/go2-convex-mpc/ros2_ws/install/unitree_hg/include/unitree_hg/unitree_hg/msg/detail/low_cmd__type_support.hpp\n'}
[15.973877] (-) TimerEvent: {}
[15.977626] (unitree_hg) StdoutLine: {'line': b'-- Symlinking: /home/elijah/go2-convex-mpc/ros2_ws/install/unitree_hg/include/unitree_hg/unitree_hg/msg/detail/low_state__builder.hpp\n'}
[15.979443] (unitree_go) StdoutLine: {'line': b'[ 88%] \x1b[34m\x1b[1mGenerating Python code for ROS interfaces\x1b[0m\n'}
[15.987711] (unitree_hg) StdoutLine: {'line': b'-- Symlinking: /home/elijah/go2-convex-mpc/ros2_ws/install/unitree_hg/include/unitree_hg/unitree_hg/msg/detail/low_state__struct.hpp\n'}
[15.997779] (unitree_hg) StdoutLine: {'line': b'-- Symlinking: /home/elijah/go2-convex-mpc/ros2_ws/install/unitree_hg/include/unitree_hg/unitree_hg/msg/detail/low_state__traits.hpp\n'}
[15.998642] (unitree_api) StdoutLine: {'line': b"Listing '/home/elijah/go2-convex-mpc/ros2_ws/install/unitree_api/local/lib/python3.10/dist-packages/unitree_api'...\n"}
[15.998761] (unitree_api) StdoutLine: {'line': b"Compiling '/home/elijah/go2-convex-mpc/ros2_ws/install/unitree_api/local/lib/python3.10/dist-packages/unitree_api/__init__.py'...\n"}
[15.998820] (unitree_api) StdoutLine: {'line': b"Listing '/home/elijah/go2-convex-mpc/ros2_ws/install/unitree_api/local/lib/python3.10/dist-packages/unitree_api/msg'...\n"}
[15.998868] (unitree_api) StdoutLine: {'line': b"Compiling '/home/elijah/go2-convex-mpc/ros2_ws/install/unitree_api/local/lib/python3.10/dist-packages/unitree_api/msg/__init__.py'...\n"}
[15.998911] (unitree_api) StdoutLine: {'line': b"Compiling '/home/elijah/go2-convex-mpc/ros2_ws/install/unitree_api/local/lib/python3.10/dist-packages/unitree_api/msg/_request.py'...\n"}
[15.998952] (unitree_api) StdoutLine: {'line': b"Compiling '/home/elijah/go2-convex-mpc/ros2_ws/install/unitree_api/local/lib/python3.10/dist-packages/unitree_api/msg/_request_header.py'...\n"}
[15.998993] (unitree_api) StdoutLine: {'line': b"Compiling '/home/elijah/go2-convex-mpc/ros2_ws/install/unitree_api/local/lib/python3.10/dist-packages/unitree_api/msg/_request_identity.py'...\n"}
[15.999032] (unitree_api) StdoutLine: {'line': b"Compiling '/home/elijah/go2-convex-mpc/ros2_ws/install/unitree_api/local/lib/python3.10/dist-packages/unitree_api/msg/_request_lease.py'...\n"}
[15.999070] (unitree_api) StdoutLine: {'line': b"Compiling '/home/elijah/go2-convex-mpc/ros2_ws/install/unitree_api/local/lib/python3.10/dist-packages/unitree_api/msg/_request_policy.py'...\n"}
[15.999108] (unitree_api) StdoutLine: {'line': b"Compiling '/home/elijah/go2-convex-mpc/ros2_ws/install/unitree_api/local/lib/python3.10/dist-packages/unitree_api/msg/_response.py'...\n"}
[15.999168] (unitree_api) StdoutLine: {'line': b"Compiling '/home/elijah/go2-convex-mpc/ros2_ws/install/unitree_api/local/lib/python3.10/dist-packages/unitree_api/msg/_response_header.py'...\n"}
[15.999218] (unitree_api) StdoutLine: {'line': b"Compiling '/home/elijah/go2-convex-mpc/ros2_ws/install/unitree_api/local/lib/python3.10/dist-packages/unitree_api/msg/_response_status.py'...\n"}
[16.003797] (unitree_api) StdoutLine: {'line': b'-- Installing: /home/elijah/go2-convex-mpc/ros2_ws/install/unitree_api/lib/libunitree_api__rosidl_generator_py.so\n'}
[16.004215] (unitree_api) StdoutLine: {'line': b'-- Set runtime path of "/home/elijah/go2-convex-mpc/ros2_ws/install/unitree_api/lib/libunitree_api__rosidl_generator_py.so" to ""\n'}
[16.004328] (unitree_api) StdoutLine: {'line': b'-- Installing: /home/elijah/go2-convex-mpc/ros2_ws/install/unitree_api/share/unitree_api/cmake/export_unitree_api__rosidl_generator_cExport.cmake\n'}
[16.004428] (unitree_api) StdoutLine: {'line': b'-- Installing: /home/elijah/go2-convex-mpc/ros2_ws/install/unitree_api/share/unitree_api/cmake/export_unitree_api__rosidl_generator_cExport-noconfig.cmake\n'}
[16.004569] (unitree_api) StdoutLine: {'line': b'-- Installing: /home/elijah/go2-convex-mpc/ros2_ws/install/unitree_api/share/unitree_api/cmake/export_unitree_api__rosidl_typesupport_fastrtps_cExport.cmake\n'}
[16.004713] (unitree_api) StdoutLine: {'line': b'-- Installing: /home/elijah/go2-convex-mpc/ros2_ws/install/unitree_api/share/unitree_api/cmake/export_unitree_api__rosidl_typesupport_fastrtps_cExport-noconfig.cmake\n'}
[16.004849] (unitree_api) StdoutLine: {'line': b'-- Installing: /home/elijah/go2-convex-mpc/ros2_ws/install/unitree_api/share/unitree_api/cmake/export_unitree_api__rosidl_generator_cppExport.cmake\n'}
[16.004985] (unitree_api) StdoutLine: {'line': b'-- Installing: /home/elijah/go2-convex-mpc/ros2_ws/install/unitree_api/share/unitree_api/cmake/export_unitree_api__rosidl_typesupport_fastrtps_cppExport.cmake\n'}
[16.005119] (unitree_api) StdoutLine: {'line': b'-- Installing: /home/elijah/go2-convex-mpc/ros2_ws/install/unitree_api/share/unitree_api/cmake/export_unitree_api__rosidl_typesupport_fastrtps_cppExport-noconfig.cmake\n'}
[16.005257] (unitree_api) StdoutLine: {'line': b'-- Installing: /home/elijah/go2-convex-mpc/ros2_ws/install/unitree_api/share/unitree_api/cmake/unitree_api__rosidl_typesupport_introspection_cExport.cmake\n'}
[16.005381] (unitree_api) StdoutLine: {'line': b'-- Installing: /home/elijah/go2-convex-mpc/ros2_ws/install/unitree_api/share/unitree_api/cmake/unitree_api__rosidl_typesupport_introspection_cExport-noconfig.cmake\n'}
[16.005515] (unitree_api) StdoutLine: {'line': b'-- Installing: /home/elijah/go2-convex-mpc/ros2_ws/install/unitree_api/share/unitree_api/cmake/unitree_api__rosidl_typesupport_cExport.cmake\n'}
[16.005662] (unitree_api) StdoutLine: {'line': b'-- Installing: /home/elijah/go2-convex-mpc/ros2_ws/install/unitree_api/share/unitree_api/cmake/unitree_api__rosidl_typesupport_cExport-noconfig.cmake\n'}
[16.005797] (unitree_api) StdoutLine: {'line': b'-- Installing: /home/elijah/go2-convex-mpc/ros2_ws/install/unitree_api/share/unitree_api/cmake/unitree_api__rosidl_typesupport_introspection_cppExport.cmake\n'}
[16.005927] (unitree_api) StdoutLine: {'line': b'-- Installing: /home/elijah/go2-convex-mpc/ros2_ws/install/unitree_api/share/unitree_api/cmake/unitree_api__rosidl_typesupport_introspection_cppExport-noconfig.cmake\n'}
[16.006060] (unitree_api) StdoutLine: {'line': b'-- Installing: /home/elijah/go2-convex-mpc/ros2_ws/install/unitree_api/share/unitree_api/cmake/unitree_api__rosidl_typesupport_cppExport.cmake\n'}
[16.006191] (unitree_api) StdoutLine: {'line': b'-- Installing: /home/elijah/go2-convex-mpc/ros2_ws/install/unitree_api/share/unitree_api/cmake/unitree_api__rosidl_typesupport_cppExport-noconfig.cmake\n'}
[16.006323] (unitree_api) StdoutLine: {'line': b'-- Installing: /home/elijah/go2-convex-mpc/ros2_ws/install/unitree_api/share/unitree_api/cmake/export_unitree_api__rosidl_generator_pyExport.cmake\n'}
[16.006456] (unitree_api) StdoutLine: {'line': b'-- Installing: /home/elijah/go2-convex-mpc/ros2_ws/install/unitree_api/share/unitree_api/cmake/export_unitree_api__rosidl_generator_pyExport-noconfig.cmake\n'}
[16.007076] (unitree_hg) StdoutLine: {'line': b'-- Symlinking: /home/elijah/go2-convex-mpc/ros2_ws/install/unitree_hg/include/unitree_hg/unitree_hg/msg/detail/low_state__type_support.hpp\n'}
[16.008507] (unitree_api) CommandEnded: {'returncode': 0}
[16.016319] (unitree_hg) StdoutLine: {'line': b'-- Symlinking: /home/elijah/go2-convex-mpc/ros2_ws/install/unitree_hg/include/unitree_hg/unitree_hg/msg/detail/main_board_state__builder.hpp\n'}
[16.022649] (unitree_api) JobEnded: {'identifier': 'unitree_api', 'rc': 0}
[16.023916] (unitree_hg) StdoutLine: {'line': b'-- Symlinking: /home/elijah/go2-convex-mpc/ros2_ws/install/unitree_hg/include/unitree_hg/unitree_hg/msg/detail/main_board_state__struct.hpp\n'}
[16.032454] (unitree_hg) StdoutLine: {'line': b'-- Symlinking: /home/elijah/go2-convex-mpc/ros2_ws/install/unitree_hg/include/unitree_hg/unitree_hg/msg/detail/main_board_state__traits.hpp\n'}
[16.041822] (unitree_hg) StdoutLine: {'line': b'-- Symlinking: /home/elijah/go2-convex-mpc/ros2_ws/install/unitree_hg/include/unitree_hg/unitree_hg/msg/detail/main_board_state__type_support.hpp\n'}
[16.051802] (unitree_hg) StdoutLine: {'line': b'-- Symlinking: /home/elijah/go2-convex-mpc/ros2_ws/install/unitree_hg/include/unitree_hg/unitree_hg/msg/detail/motor_cmd__builder.hpp\n'}
[16.060936] (unitree_hg) StdoutLine: {'line': b'-- Symlinking: /home/elijah/go2-convex-mpc/ros2_ws/install/unitree_hg/include/unitree_hg/unitree_hg/msg/detail/motor_cmd__struct.hpp\n'}
[16.069520] (unitree_hg) StdoutLine: {'line': b'-- Symlinking: /home/elijah/go2-convex-mpc/ros2_ws/install/unitree_hg/include/unitree_hg/unitree_hg/msg/detail/motor_cmd__traits.hpp\n'}
[16.073952] (-) TimerEvent: {}
[16.077849] (unitree_hg) StdoutLine: {'line': b'-- Symlinking: /home/elijah/go2-convex-mpc/ros2_ws/install/unitree_hg/include/unitree_hg/unitree_hg/msg/detail/motor_cmd__type_support.hpp\n'}
[16.087239] (unitree_hg) StdoutLine: {'line': b'-- Symlinking: /home/elijah/go2-convex-mpc/ros2_ws/install/unitree_hg/include/unitree_hg/unitree_hg/msg/detail/motor_state__builder.hpp\n'}
[16.096864] (unitree_hg) StdoutLine: {'line': b'-- Symlinking: /home/elijah/go2-convex-mpc/ros2_ws/install/unitree_hg/include/unitree_hg/unitree_hg/msg/detail/motor_state__struct.hpp\n'}
[16.107000] (unitree_hg) StdoutLine: {'line': b'-- Symlinking: /home/elijah/go2-convex-mpc/ros2_ws/install/unitree_hg/include/unitree_hg/unitree_hg/msg/detail/motor_state__traits.hpp\n'}
[16.115249] (unitree_hg) StdoutLine: {'line': b'-- Symlinking: /home/elijah/go2-convex-mpc/ros2_ws/install/unitree_hg/include/unitree_hg/unitree_hg/msg/detail/motor_state__type_support.hpp\n'}
[16.124241] (unitree_hg) StdoutLine: {'line': b'-- Symlinking: /home/elijah/go2-convex-mpc/ros2_ws/install/unitree_hg/include/unitree_hg/unitree_hg/msg/detail/press_sensor_state__builder.hpp\n'}
[16.132487] (unitree_hg) StdoutLine: {'line': b'-- Symlinking: /home/elijah/go2-convex-mpc/ros2_ws/install/unitree_hg/include/unitree_hg/unitree_hg/msg/detail/press_sensor_state__struct.hpp\n'}
[16.141537] (unitree_hg) StdoutLine: {'line': b'-- Symlinking: /home/elijah/go2-convex-mpc/ros2_ws/install/unitree_hg/include/unitree_hg/unitree_hg/msg/detail/press_sensor_state__traits.hpp\n'}
[16.150049] (unitree_hg) StdoutLine: {'line': b'-- Symlinking: /home/elijah/go2-convex-mpc/ros2_ws/install/unitree_hg/include/unitree_hg/unitree_hg/msg/detail/press_sensor_state__type_support.hpp\n'}
[16.159589] (unitree_hg) StdoutLine: {'line': b'-- Symlinking: /home/elijah/go2-convex-mpc/ros2_ws/install/unitree_hg/include/unitree_hg/unitree_hg/msg/hand_cmd.hpp\n'}
[16.168306] (unitree_hg) StdoutLine: {'line': b'-- Symlinking: /home/elijah/go2-convex-mpc/ros2_ws/install/unitree_hg/include/unitree_hg/unitree_hg/msg/hand_state.hpp\n'}
[16.174025] (-) TimerEvent: {}
[16.177210] (unitree_hg) StdoutLine: {'line': b'-- Symlinking: /home/elijah/go2-convex-mpc/ros2_ws/install/unitree_hg/include/unitree_hg/unitree_hg/msg/imu_state.hpp\n'}
[16.185814] (unitree_hg) StdoutLine: {'line': b'-- Symlinking: /home/elijah/go2-convex-mpc/ros2_ws/install/unitree_hg/include/unitree_hg/unitree_hg/msg/low_cmd.hpp\n'}
[16.194719] (unitree_hg) StdoutLine: {'line': b'-- Symlinking: /home/elijah/go2-convex-mpc/ros2_ws/install/unitree_hg/include/unitree_hg/unitree_hg/msg/low_state.hpp\n'}
[16.204049] (unitree_hg) StdoutLine: {'line': b'-- Symlinking: /home/elijah/go2-convex-mpc/ros2_ws/install/unitree_hg/include/unitree_hg/unitree_hg/msg/main_board_state.hpp\n'}
[16.212864] (unitree_hg) StdoutLine: {'line': b'-- Symlinking: /home/elijah/go2-convex-mpc/ros2_ws/install/unitree_hg/include/unitree_hg/unitree_hg/msg/motor_cmd.hpp\n'}
[16.220938] (unitree_hg) StdoutLine: {'line': b'-- Symlinking: /home/elijah/go2-convex-mpc/ros2_ws/install/unitree_hg/include/unitree_hg/unitree_hg/msg/motor_state.hpp\n'}
[16.228851] (unitree_hg) StdoutLine: {'line': b'-- Symlinking: /home/elijah/go2-convex-mpc/ros2_ws/install/unitree_hg/include/unitree_hg/unitree_hg/msg/press_sensor_state.hpp\n'}
[16.237722] (unitree_hg) StdoutLine: {'line': b'-- Symlinking: /home/elijah/go2-convex-mpc/ros2_ws/install/unitree_hg/include/unitree_hg/unitree_hg/msg/rosidl_generator_cpp__visibility_control.hpp\n'}
[16.246707] (unitree_hg) StdoutLine: {'line': b'-- Symlinking: /home/elijah/go2-convex-mpc/ros2_ws/install/unitree_hg/include/unitree_hg/unitree_hg/msg/detail/bms_cmd__rosidl_typesupport_fastrtps_cpp.hpp\n'}
[16.255445] (unitree_hg) StdoutLine: {'line': b'-- Symlinking: /home/elijah/go2-convex-mpc/ros2_ws/install/unitree_hg/include/unitree_hg/unitree_hg/msg/detail/bms_state__rosidl_typesupport_fastrtps_cpp.hpp\n'}
[16.263385] (unitree_hg) StdoutLine: {'line': b'-- Symlinking: /home/elijah/go2-convex-mpc/ros2_ws/install/unitree_hg/include/unitree_hg/unitree_hg/msg/detail/hand_cmd__rosidl_typesupport_fastrtps_cpp.hpp\n'}
[16.271413] (unitree_hg) StdoutLine: {'line': b'-- Symlinking: /home/elijah/go2-convex-mpc/ros2_ws/install/unitree_hg/include/unitree_hg/unitree_hg/msg/detail/hand_state__rosidl_typesupport_fastrtps_cpp.hpp\n'}
[16.274093] (-) TimerEvent: {}
[16.279164] (unitree_hg) StdoutLine: {'line': b'-- Symlinking: /home/elijah/go2-convex-mpc/ros2_ws/install/unitree_hg/include/unitree_hg/unitree_hg/msg/detail/imu_state__rosidl_typesupport_fastrtps_cpp.hpp\n'}
[16.289005] (unitree_hg) StdoutLine: {'line': b'-- Symlinking: /home/elijah/go2-convex-mpc/ros2_ws/install/unitree_hg/include/unitree_hg/unitree_hg/msg/detail/low_cmd__rosidl_typesupport_fastrtps_cpp.hpp\n'}
[16.298638] (unitree_hg) StdoutLine: {'line': b'-- Symlinking: /home/elijah/go2-convex-mpc/ros2_ws/install/unitree_hg/include/unitree_hg/unitree_hg/msg/detail/low_state__rosidl_typesupport_fastrtps_cpp.hpp\n'}
[16.307953] (unitree_hg) StdoutLine: {'line': b'-- Symlinking: /home/elijah/go2-convex-mpc/ros2_ws/install/unitree_hg/include/unitree_hg/unitree_hg/msg/detail/main_board_state__rosidl_typesupport_fastrtps_cpp.hpp\n'}
[16.315993] (unitree_hg) StdoutLine: {'line': b'-- Symlinking: /home/elijah/go2-convex-mpc/ros2_ws/install/unitree_hg/include/unitree_hg/unitree_hg/msg/detail/motor_cmd__rosidl_typesupport_fastrtps_cpp.hpp\n'}
[16.323819] (unitree_hg) StdoutLine: {'line': b'-- Symlinking: /home/elijah/go2-convex-mpc/ros2_ws/install/unitree_hg/include/unitree_hg/unitree_hg/msg/detail/motor_state__rosidl_typesupport_fastrtps_cpp.hpp\n'}
[16.331528] (unitree_hg) StdoutLine: {'line': b'-- Symlinking: /home/elijah/go2-convex-mpc/ros2_ws/install/unitree_hg/include/unitree_hg/unitree_hg/msg/detail/press_sensor_state__rosidl_typesupport_fastrtps_cpp.hpp\n'}
[16.339300] (unitree_hg) StdoutLine: {'line': b'-- Symlinking: /home/elijah/go2-convex-mpc/ros2_ws/install/unitree_hg/include/unitree_hg/unitree_hg/msg/rosidl_typesupport_fastrtps_cpp__visibility_control.h\n'}
[16.347592] (unitree_hg) StdoutLine: {'line': b'-- Symlinking: /home/elijah/go2-convex-mpc/ros2_ws/install/unitree_hg/include/unitree_hg/unitree_hg/msg/detail/bms_cmd__rosidl_typesupport_introspection_c.h\n'}
[16.355227] (unitree_hg) StdoutLine: {'line': b'-- Symlinking: /home/elijah/go2-convex-mpc/ros2_ws/install/unitree_hg/include/unitree_hg/unitree_hg/msg/detail/bms_state__rosidl_typesupport_introspection_c.h\n'}
[16.362801] (unitree_hg) StdoutLine: {'line': b'-- Symlinking: /home/elijah/go2-convex-mpc/ros2_ws/install/unitree_hg/include/unitree_hg/unitree_hg/msg/detail/hand_cmd__rosidl_typesupport_introspection_c.h\n'}
[16.370400] (unitree_hg) StdoutLine: {'line': b'-- Symlinking: /home/elijah/go2-convex-mpc/ros2_ws/install/unitree_hg/include/unitree_hg/unitree_hg/msg/detail/hand_state__rosidl_typesupport_introspection_c.h\n'}
[16.374157] (-) TimerEvent: {}
[16.378089] (unitree_hg) StdoutLine: {'line': b'-- Symlinking: /home/elijah/go2-convex-mpc/ros2_ws/install/unitree_hg/include/unitree_hg/unitree_hg/msg/detail/imu_state__rosidl_typesupport_introspection_c.h\n'}
[16.388200] (unitree_hg) StdoutLine: {'line': b'-- Symlinking: /home/elijah/go2-convex-mpc/ros2_ws/install/unitree_hg/include/unitree_hg/unitree_hg/msg/detail/low_cmd__rosidl_typesupport_introspection_c.h\n'}
[16.397240] (unitree_hg) StdoutLine: {'line': b'-- Symlinking: /home/elijah/go2-convex-mpc/ros2_ws/install/unitree_hg/include/unitree_hg/unitree_hg/msg/detail/low_state__rosidl_typesupport_introspection_c.h\n'}
[16.405835] (unitree_hg) StdoutLine: {'line': b'-- Symlinking: /home/elijah/go2-convex-mpc/ros2_ws/install/unitree_hg/include/unitree_hg/unitree_hg/msg/detail/main_board_state__rosidl_typesupport_introspection_c.h\n'}
[16.413743] (unitree_hg) StdoutLine: {'line': b'-- Symlinking: /home/elijah/go2-convex-mpc/ros2_ws/install/unitree_hg/include/unitree_hg/unitree_hg/msg/detail/motor_cmd__rosidl_typesupport_introspection_c.h\n'}
[16.421267] (unitree_hg) StdoutLine: {'line': b'-- Symlinking: /home/elijah/go2-convex-mpc/ros2_ws/install/unitree_hg/include/unitree_hg/unitree_hg/msg/detail/motor_state__rosidl_typesupport_introspection_c.h\n'}
[16.429131] (unitree_hg) StdoutLine: {'line': b'-- Symlinking: /home/elijah/go2-convex-mpc/ros2_ws/install/unitree_hg/include/unitree_hg/unitree_hg/msg/detail/press_sensor_state__rosidl_typesupport_introspection_c.h\n'}
[16.436782] (unitree_hg) StdoutLine: {'line': b'-- Symlinking: /home/elijah/go2-convex-mpc/ros2_ws/install/unitree_hg/include/unitree_hg/unitree_hg/msg/rosidl_typesupport_introspection_c__visibility_control.h\n'}
[16.444747] (unitree_hg) StdoutLine: {'line': b'-- Symlinking: /home/elijah/go2-convex-mpc/ros2_ws/install/unitree_hg/include/unitree_hg/unitree_hg/msg/detail/bms_cmd__rosidl_typesupport_introspection_cpp.hpp\n'}
[16.452349] (unitree_hg) StdoutLine: {'line': b'-- Symlinking: /home/elijah/go2-convex-mpc/ros2_ws/install/unitree_hg/include/unitree_hg/unitree_hg/msg/detail/bms_state__rosidl_typesupport_introspection_cpp.hpp\n'}
[16.460012] (unitree_hg) StdoutLine: {'line': b'-- Symlinking: /home/elijah/go2-convex-mpc/ros2_ws/install/unitree_hg/include/unitree_hg/unitree_hg/msg/detail/hand_cmd__rosidl_typesupport_introspection_cpp.hpp\n'}
[16.467611] (unitree_hg) StdoutLine: {'line': b'-- Symlinking: /home/elijah/go2-convex-mpc/ros2_ws/install/unitree_hg/include/unitree_hg/unitree_hg/msg/detail/hand_state__rosidl_typesupport_introspection_cpp.hpp\n'}
[16.474242] (-) TimerEvent: {}
[16.475376] (unitree_hg) StdoutLine: {'line': b'-- Symlinking: /home/elijah/go2-convex-mpc/ros2_ws/install/unitree_hg/include/unitree_hg/unitree_hg/msg/detail/imu_state__rosidl_typesupport_introspection_cpp.hpp\n'}
[16.484837] (unitree_hg) StdoutLine: {'line': b'-- Symlinking: /home/elijah/go2-convex-mpc/ros2_ws/install/unitree_hg/include/unitree_hg/unitree_hg/msg/detail/low_cmd__rosidl_typesupport_introspection_cpp.hpp\n'}
[16.494031] (unitree_hg) StdoutLine: {'line': b'-- Symlinking: /home/elijah/go2-convex-mpc/ros2_ws/install/unitree_hg/include/unitree_hg/unitree_hg/msg/detail/low_state__rosidl_typesupport_introspection_cpp.hpp\n'}
[16.503315] (unitree_hg) StdoutLine: {'line': b'-- Symlinking: /home/elijah/go2-convex-mpc/ros2_ws/install/unitree_hg/include/unitree_hg/unitree_hg/msg/detail/main_board_state__rosidl_typesupport_introspection_cpp.hpp\n'}
[16.511411] (unitree_hg) StdoutLine: {'line': b'-- Symlinking: /home/elijah/go2-convex-mpc/ros2_ws/install/unitree_hg/include/unitree_hg/unitree_hg/msg/detail/motor_cmd__rosidl_typesupport_introspection_cpp.hpp\n'}
[16.519201] (unitree_hg) StdoutLine: {'line': b'-- Symlinking: /home/elijah/go2-convex-mpc/ros2_ws/install/unitree_hg/include/unitree_hg/unitree_hg/msg/detail/motor_state__rosidl_typesupport_introspection_cpp.hpp\n'}
[16.526810] (unitree_hg) StdoutLine: {'line': b'-- Symlinking: /home/elijah/go2-convex-mpc/ros2_ws/install/unitree_hg/include/unitree_hg/unitree_hg/msg/detail/press_sensor_state__rosidl_typesupport_introspection_cpp.hpp\n'}
[16.535849] (unitree_hg) StdoutLine: {'line': b'-- Symlinking: /home/elijah/go2-convex-mpc/ros2_ws/install/unitree_hg/share/unitree_hg/environment/pythonpath.sh\n'}
[16.545176] (unitree_hg) StdoutLine: {'line': b'-- Symlinking: /home/elijah/go2-convex-mpc/ros2_ws/install/unitree_hg/share/unitree_hg/environment/pythonpath.dsv\n'}
[16.555680] (unitree_hg) StdoutLine: {'line': b'-- Symlinking: /home/elijah/go2-convex-mpc/ros2_ws/install/unitree_hg/local/lib/python3.10/dist-packages/unitree_hg-0.0.0-py3.10.egg-info/PKG-INFO\n'}
[16.564013] (unitree_hg) StdoutLine: {'line': b'-- Symlinking: /home/elijah/go2-convex-mpc/ros2_ws/install/unitree_hg/local/lib/python3.10/dist-packages/unitree_hg-0.0.0-py3.10.egg-info/SOURCES.txt\n'}
[16.573185] (unitree_hg) StdoutLine: {'line': b'-- Symlinking: /home/elijah/go2-convex-mpc/ros2_ws/install/unitree_hg/local/lib/python3.10/dist-packages/unitree_hg-0.0.0-py3.10.egg-info/dependency_links.txt\n'}
[16.574307] (-) TimerEvent: {}
[16.581890] (unitree_hg) StdoutLine: {'line': b'-- Symlinking: /home/elijah/go2-convex-mpc/ros2_ws/install/unitree_hg/local/lib/python3.10/dist-packages/unitree_hg-0.0.0-py3.10.egg-info/top_level.txt\n'}
[16.592223] (unitree_hg) StdoutLine: {'line': b'-- Symlinking: /home/elijah/go2-convex-mpc/ros2_ws/install/unitree_hg/local/lib/python3.10/dist-packages/unitree_hg/__init__.py\n'}
[16.600361] (unitree_hg) StdoutLine: {'line': b'-- Symlinking: /home/elijah/go2-convex-mpc/ros2_ws/install/unitree_hg/local/lib/python3.10/dist-packages/unitree_hg/_unitree_hg_s.ep.rosidl_typesupport_c.c\n'}
[16.609563] (unitree_hg) StdoutLine: {'line': b'-- Symlinking: /home/elijah/go2-convex-mpc/ros2_ws/install/unitree_hg/local/lib/python3.10/dist-packages/unitree_hg/_unitree_hg_s.ep.rosidl_typesupport_fastrtps_c.c\n'}
[16.618005] (unitree_hg) StdoutLine: {'line': b'-- Symlinking: /home/elijah/go2-convex-mpc/ros2_ws/install/unitree_hg/local/lib/python3.10/dist-packages/unitree_hg/_unitree_hg_s.ep.rosidl_typesupport_introspection_c.c\n'}
[16.626555] (unitree_hg) StdoutLine: {'line': b'-- Symlinking: /home/elijah/go2-convex-mpc/ros2_ws/install/unitree_hg/local/lib/python3.10/dist-packages/unitree_hg/libunitree_hg__rosidl_generator_py.so\n'}
[16.635374] (unitree_hg) StdoutLine: {'line': b'-- Symlinking: /home/elijah/go2-convex-mpc/ros2_ws/install/unitree_hg/local/lib/python3.10/dist-packages/unitree_hg/msg/__init__.py\n'}
[16.643130] (unitree_hg) StdoutLine: {'line': b'-- Symlinking: /home/elijah/go2-convex-mpc/ros2_ws/install/unitree_hg/local/lib/python3.10/dist-packages/unitree_hg/msg/_bms_cmd.py\n'}
[16.652209] (unitree_hg) StdoutLine: {'line': b'-- Symlinking: /home/elijah/go2-convex-mpc/ros2_ws/install/unitree_hg/local/lib/python3.10/dist-packages/unitree_hg/msg/_bms_cmd_s.c\n'}
[16.660744] (unitree_hg) StdoutLine: {'line': b'-- Symlinking: /home/elijah/go2-convex-mpc/ros2_ws/install/unitree_hg/local/lib/python3.10/dist-packages/unitree_hg/msg/_bms_state.py\n'}
[16.669002] (unitree_hg) StdoutLine: {'line': b'-- Symlinking: /home/elijah/go2-convex-mpc/ros2_ws/install/unitree_hg/local/lib/python3.10/dist-packages/unitree_hg/msg/_bms_state_s.c\n'}
[16.674381] (-) TimerEvent: {}
[16.677621] (unitree_hg) StdoutLine: {'line': b'-- Symlinking: /home/elijah/go2-convex-mpc/ros2_ws/install/unitree_hg/local/lib/python3.10/dist-packages/unitree_hg/msg/_hand_cmd.py\n'}
[16.686185] (unitree_hg) StdoutLine: {'line': b'-- Symlinking: /home/elijah/go2-convex-mpc/ros2_ws/install/unitree_hg/local/lib/python3.10/dist-packages/unitree_hg/msg/_hand_cmd_s.c\n'}
[16.695398] (unitree_hg) StdoutLine: {'line': b'-- Symlinking: /home/elijah/go2-convex-mpc/ros2_ws/install/unitree_hg/local/lib/python3.10/dist-packages/unitree_hg/msg/_hand_state.py\n'}
[16.705295] (unitree_hg) StdoutLine: {'line': b'-- Symlinking: /home/elijah/go2-convex-mpc/ros2_ws/install/unitree_hg/local/lib/python3.10/dist-packages/unitree_hg/msg/_hand_state_s.c\n'}
[16.713722] (unitree_hg) StdoutLine: {'line': b'-- Symlinking: /home/elijah/go2-convex-mpc/ros2_ws/install/unitree_hg/local/lib/python3.10/dist-packages/unitree_hg/msg/_imu_state.py\n'}
[16.722290] (unitree_hg) StdoutLine: {'line': b'-- Symlinking: /home/elijah/go2-convex-mpc/ros2_ws/install/unitree_hg/local/lib/python3.10/dist-packages/unitree_hg/msg/_imu_state_s.c\n'}
[16.730213] (unitree_hg) StdoutLine: {'line': b'-- Symlinking: /home/elijah/go2-convex-mpc/ros2_ws/install/unitree_hg/local/lib/python3.10/dist-packages/unitree_hg/msg/_low_cmd.py\n'}
[16.739173] (unitree_hg) StdoutLine: {'line': b'-- Symlinking: /home/elijah/go2-convex-mpc/ros2_ws/install/unitree_hg/local/lib/python3.10/dist-packages/unitree_hg/msg/_low_cmd_s.c\n'}
[16.747882] (unitree_hg) StdoutLine: {'line': b'-- Symlinking: /home/elijah/go2-convex-mpc/ros2_ws/install/unitree_hg/local/lib/python3.10/dist-packages/unitree_hg/msg/_low_state.py\n'}
[16.756992] (unitree_hg) StdoutLine: {'line': b'-- Symlinking: /home/elijah/go2-convex-mpc/ros2_ws/install/unitree_hg/local/lib/python3.10/dist-packages/unitree_hg/msg/_low_state_s.c\n'}
[16.765262] (unitree_hg) StdoutLine: {'line': b'-- Symlinking: /home/elijah/go2-convex-mpc/ros2_ws/install/unitree_hg/local/lib/python3.10/dist-packages/unitree_hg/msg/_main_board_state.py\n'}
[16.773574] (unitree_hg) StdoutLine: {'line': b'-- Symlinking: /home/elijah/go2-convex-mpc/ros2_ws/install/unitree_hg/local/lib/python3.10/dist-packages/unitree_hg/msg/_main_board_state_s.c\n'}
[16.774447] (-) TimerEvent: {}
[16.783072] (unitree_hg) StdoutLine: {'line': b'-- Symlinking: /home/elijah/go2-convex-mpc/ros2_ws/install/unitree_hg/local/lib/python3.10/dist-packages/unitree_hg/msg/_motor_cmd.py\n'}
[16.792446] (unitree_hg) StdoutLine: {'line': b'-- Symlinking: /home/elijah/go2-convex-mpc/ros2_ws/install/unitree_hg/local/lib/python3.10/dist-packages/unitree_hg/msg/_motor_cmd_s.c\n'}
[16.801081] (unitree_hg) StdoutLine: {'line': b'-- Symlinking: /home/elijah/go2-convex-mpc/ros2_ws/install/unitree_hg/local/lib/python3.10/dist-packages/unitree_hg/msg/_motor_state.py\n'}
[16.810474] (unitree_hg) StdoutLine: {'line': b'-- Symlinking: /home/elijah/go2-convex-mpc/ros2_ws/install/unitree_hg/local/lib/python3.10/dist-packages/unitree_hg/msg/_motor_state_s.c\n'}
[16.818522] (unitree_hg) StdoutLine: {'line': b'-- Symlinking: /home/elijah/go2-convex-mpc/ros2_ws/install/unitree_hg/local/lib/python3.10/dist-packages/unitree_hg/msg/_press_sensor_state.py\n'}
[16.826629] (unitree_hg) StdoutLine: {'line': b'-- Symlinking: /home/elijah/go2-convex-mpc/ros2_ws/install/unitree_hg/local/lib/python3.10/dist-packages/unitree_hg/msg/_press_sensor_state_s.c\n'}
[16.835312] (unitree_hg) StdoutLine: {'line': b'-- Symlinking: /home/elijah/go2-convex-mpc/ros2_ws/install/unitree_hg/local/lib/python3.10/dist-packages/unitree_hg/unitree_hg_s__rosidl_typesupport_c.cpython-310-x86_64-linux-gnu.so\n'}
[16.843904] (unitree_hg) StdoutLine: {'line': b'-- Symlinking: /home/elijah/go2-convex-mpc/ros2_ws/install/unitree_hg/local/lib/python3.10/dist-packages/unitree_hg/unitree_hg_s__rosidl_typesupport_fastrtps_c.cpython-310-x86_64-linux-gnu.so\n'}
[16.852927] (unitree_hg) StdoutLine: {'line': b'-- Symlinking: /home/elijah/go2-convex-mpc/ros2_ws/install/unitree_hg/local/lib/python3.10/dist-packages/unitree_hg/unitree_hg_s__rosidl_typesupport_introspection_c.cpython-310-x86_64-linux-gnu.so\n'}
[16.861846] (unitree_hg) StdoutLine: {'line': b'-- Up-to-date symlink: /home/elijah/go2-convex-mpc/ros2_ws/install/unitree_hg/local/lib/python3.10/dist-packages/unitree_hg/unitree_hg_s__rosidl_typesupport_fastrtps_c.cpython-310-x86_64-linux-gnu.so\n'}
[16.862122] (unitree_hg) StdoutLine: {'line': b'-- Up-to-date symlink: /home/elijah/go2-convex-mpc/ros2_ws/install/unitree_hg/local/lib/python3.10/dist-packages/unitree_hg/unitree_hg_s__rosidl_typesupport_introspection_c.cpython-310-x86_64-linux-gnu.so\n'}
[16.862371] (unitree_hg) StdoutLine: {'line': b'-- Up-to-date symlink: /home/elijah/go2-convex-mpc/ros2_ws/install/unitree_hg/local/lib/python3.10/dist-packages/unitree_hg/unitree_hg_s__rosidl_typesupport_c.cpython-310-x86_64-linux-gnu.so\n'}
[16.862555] (unitree_hg) StdoutLine: {'line': b'-- Symlinking: /home/elijah/go2-convex-mpc/ros2_ws/install/unitree_hg/share/unitree_hg/msg/BmsCmd.idl\n'}
[16.872649] (unitree_hg) StdoutLine: {'line': b'-- Symlinking: /home/elijah/go2-convex-mpc/ros2_ws/install/unitree_hg/share/unitree_hg/msg/BmsState.idl\n'}
[16.874518] (-) TimerEvent: {}
[16.881375] (unitree_hg) StdoutLine: {'line': b'-- Symlinking: /home/elijah/go2-convex-mpc/ros2_ws/install/unitree_hg/share/unitree_hg/msg/HandCmd.idl\n'}
[16.890890] (unitree_hg) StdoutLine: {'line': b'-- Symlinking: /home/elijah/go2-convex-mpc/ros2_ws/install/unitree_hg/share/unitree_hg/msg/HandState.idl\n'}
[16.899082] (unitree_hg) StdoutLine: {'line': b'-- Symlinking: /home/elijah/go2-convex-mpc/ros2_ws/install/unitree_hg/share/unitree_hg/msg/IMUState.idl\n'}
[16.909339] (unitree_hg) StdoutLine: {'line': b'-- Symlinking: /home/elijah/go2-convex-mpc/ros2_ws/install/unitree_hg/share/unitree_hg/msg/LowCmd.idl\n'}
[16.918101] (unitree_hg) StdoutLine: {'line': b'-- Symlinking: /home/elijah/go2-convex-mpc/ros2_ws/install/unitree_hg/share/unitree_hg/msg/LowState.idl\n'}
[16.927960] (unitree_hg) StdoutLine: {'line': b'-- Symlinking: /home/elijah/go2-convex-mpc/ros2_ws/install/unitree_hg/share/unitree_hg/msg/MainBoardState.idl\n'}
[16.936401] (unitree_hg) StdoutLine: {'line': b'-- Symlinking: /home/elijah/go2-convex-mpc/ros2_ws/install/unitree_hg/share/unitree_hg/msg/MotorCmd.idl\n'}
[16.945510] (unitree_hg) StdoutLine: {'line': b'-- Symlinking: /home/elijah/go2-convex-mpc/ros2_ws/install/unitree_hg/share/unitree_hg/msg/MotorState.idl\n'}
[16.954289] (unitree_hg) StdoutLine: {'line': b'-- Symlinking: /home/elijah/go2-convex-mpc/ros2_ws/install/unitree_hg/share/unitree_hg/msg/PressSensorState.idl\n'}
[16.962846] (unitree_hg) StdoutLine: {'line': b'-- Symlinking: /home/elijah/go2-convex-mpc/ros2_ws/install/unitree_hg/share/unitree_hg/msg/BmsCmd.msg\n'}
[16.972106] (unitree_hg) StdoutLine: {'line': b'-- Symlinking: /home/elijah/go2-convex-mpc/ros2_ws/install/unitree_hg/share/unitree_hg/msg/BmsState.msg\n'}
[16.974595] (-) TimerEvent: {}
[16.980620] (unitree_hg) StdoutLine: {'line': b'-- Symlinking: /home/elijah/go2-convex-mpc/ros2_ws/install/unitree_hg/share/unitree_hg/msg/HandCmd.msg\n'}
[16.990480] (unitree_hg) StdoutLine: {'line': b'-- Symlinking: /home/elijah/go2-convex-mpc/ros2_ws/install/unitree_hg/share/unitree_hg/msg/HandState.msg\n'}
[16.999347] (unitree_hg) StdoutLine: {'line': b'-- Symlinking: /home/elijah/go2-convex-mpc/ros2_ws/install/unitree_hg/share/unitree_hg/msg/IMUState.msg\n'}
[17.008220] (unitree_hg) StdoutLine: {'line': b'-- Symlinking: /home/elijah/go2-convex-mpc/ros2_ws/install/unitree_hg/share/unitree_hg/msg/LowCmd.msg\n'}
[17.016089] (unitree_hg) StdoutLine: {'line': b'-- Symlinking: /home/elijah/go2-convex-mpc/ros2_ws/install/unitree_hg/share/unitree_hg/msg/LowState.msg\n'}
[17.024552] (unitree_hg) StdoutLine: {'line': b'-- Symlinking: /home/elijah/go2-convex-mpc/ros2_ws/install/unitree_hg/share/unitree_hg/msg/MainBoardState.msg\n'}
[17.032572] (unitree_hg) StdoutLine: {'line': b'-- Symlinking: /home/elijah/go2-convex-mpc/ros2_ws/install/unitree_hg/share/unitree_hg/msg/MotorCmd.msg\n'}
[17.041511] (unitree_hg) StdoutLine: {'line': b'-- Symlinking: /home/elijah/go2-convex-mpc/ros2_ws/install/unitree_hg/share/unitree_hg/msg/MotorState.msg\n'}
[17.049745] (unitree_hg) StdoutLine: {'line': b'-- Symlinking: /home/elijah/go2-convex-mpc/ros2_ws/install/unitree_hg/share/unitree_hg/msg/PressSensorState.msg\n'}
[17.058813] (unitree_hg) StdoutLine: {'line': b'-- Symlinking: /home/elijah/go2-convex-mpc/ros2_ws/install/unitree_hg/share/unitree_hg/msg/dds_connext/BmsCmd_.idl\n'}
[17.067165] (unitree_hg) StdoutLine: {'line': b'-- Symlinking: /home/elijah/go2-convex-mpc/ros2_ws/install/unitree_hg/share/unitree_hg/msg/dds_connext/BmsState_.idl\n'}
[17.074670] (-) TimerEvent: {}
[17.076869] (unitree_hg) StdoutLine: {'line': b'-- Symlinking: /home/elijah/go2-convex-mpc/ros2_ws/install/unitree_hg/share/unitree_hg/msg/dds_connext/HandCmd_.idl\n'}
[17.085381] (unitree_hg) StdoutLine: {'line': b'-- Symlinking: /home/elijah/go2-convex-mpc/ros2_ws/install/unitree_hg/share/unitree_hg/msg/dds_connext/HandState_.idl\n'}
[17.094930] (unitree_hg) StdoutLine: {'line': b'-- Symlinking: /home/elijah/go2-convex-mpc/ros2_ws/install/unitree_hg/share/unitree_hg/msg/dds_connext/IMUState_.idl\n'}
[17.104684] (unitree_hg) StdoutLine: {'line': b'-- Symlinking: /home/elijah/go2-convex-mpc/ros2_ws/install/unitree_hg/share/unitree_hg/msg/dds_connext/LowCmd_.idl\n'}
[17.113141] (unitree_hg) StdoutLine: {'line': b'-- Symlinking: /home/elijah/go2-convex-mpc/ros2_ws/install/unitree_hg/share/unitree_hg/msg/dds_connext/LowState_.idl\n'}
[17.122135] (unitree_hg) StdoutLine: {'line': b'-- Symlinking: /home/elijah/go2-convex-mpc/ros2_ws/install/unitree_hg/share/unitree_hg/msg/dds_connext/MainBoardState_.idl\n'}
[17.130211] (unitree_hg) StdoutLine: {'line': b'-- Symlinking: /home/elijah/go2-convex-mpc/ros2_ws/install/unitree_hg/share/unitree_hg/msg/dds_connext/MotorCmd_.idl\n'}
[17.138817] (unitree_hg) StdoutLine: {'line': b'-- Symlinking: /home/elijah/go2-convex-mpc/ros2_ws/install/unitree_hg/share/unitree_hg/msg/dds_connext/MotorState_.idl\n'}
[17.146853] (unitree_hg) StdoutLine: {'line': b'-- Symlinking: /home/elijah/go2-convex-mpc/ros2_ws/install/unitree_hg/share/unitree_hg/msg/dds_connext/PressSensorState_.idl\n'}
[17.155702] (unitree_hg) StdoutLine: {'line': b'-- Symlinking: /home/elijah/go2-convex-mpc/ros2_ws/install/unitree_hg/share/ament_index/resource_index/package_run_dependencies/unitree_hg\n'}
[17.164213] (unitree_hg) StdoutLine: {'line': b'-- Symlinking: /home/elijah/go2-convex-mpc/ros2_ws/install/unitree_hg/share/ament_index/resource_index/parent_prefix_path/unitree_hg\n'}
[17.172507] (unitree_hg) StdoutLine: {'line': b'-- Symlinking: /home/elijah/go2-convex-mpc/ros2_ws/install/unitree_hg/share/unitree_hg/environment/ament_prefix_path.sh\n'}
[17.174737] (-) TimerEvent: {}
[17.180214] (unitree_hg) StdoutLine: {'line': b'-- Symlinking: /home/elijah/go2-convex-mpc/ros2_ws/install/unitree_hg/share/unitree_hg/environment/ament_prefix_path.dsv\n'}
[17.189552] (unitree_hg) StdoutLine: {'line': b'-- Symlinking: /home/elijah/go2-convex-mpc/ros2_ws/install/unitree_hg/share/unitree_hg/environment/path.sh\n'}
[17.198091] (unitree_hg) StdoutLine: {'line': b'-- Symlinking: /home/elijah/go2-convex-mpc/ros2_ws/install/unitree_hg/share/unitree_hg/environment/path.dsv\n'}
[17.207386] (unitree_hg) StdoutLine: {'line': b'-- Symlinking: /home/elijah/go2-convex-mpc/ros2_ws/install/unitree_hg/share/unitree_hg/local_setup.bash\n'}
[17.215737] (unitree_hg) StdoutLine: {'line': b'-- Symlinking: /home/elijah/go2-convex-mpc/ros2_ws/install/unitree_hg/share/unitree_hg/local_setup.sh\n'}
[17.224352] (unitree_hg) StdoutLine: {'line': b'-- Symlinking: /home/elijah/go2-convex-mpc/ros2_ws/install/unitree_hg/share/unitree_hg/local_setup.zsh\n'}
[17.232642] (unitree_hg) StdoutLine: {'line': b'-- Symlinking: /home/elijah/go2-convex-mpc/ros2_ws/install/unitree_hg/share/unitree_hg/local_setup.dsv\n'}
[17.242311] (unitree_hg) StdoutLine: {'line': b'-- Symlinking: /home/elijah/go2-convex-mpc/ros2_ws/install/unitree_hg/share/unitree_hg/package.dsv\n'}
[17.251687] (unitree_hg) StdoutLine: {'line': b'-- Symlinking: /home/elijah/go2-convex-mpc/ros2_ws/install/unitree_hg/share/ament_index/resource_index/packages/unitree_hg\n'}
[17.259989] (unitree_hg) StdoutLine: {'line': b'-- Symlinking: /home/elijah/go2-convex-mpc/ros2_ws/install/unitree_hg/share/unitree_hg/cmake/rosidl_cmake-extras.cmake\n'}
[17.268843] (unitree_hg) StdoutLine: {'line': b'-- Symlinking: /home/elijah/go2-convex-mpc/ros2_ws/install/unitree_hg/share/unitree_hg/cmake/ament_cmake_export_dependencies-extras.cmake\n'}
[17.274819] (-) TimerEvent: {}
[17.277363] (unitree_hg) StdoutLine: {'line': b'-- Symlinking: /home/elijah/go2-convex-mpc/ros2_ws/install/unitree_hg/share/unitree_hg/cmake/ament_cmake_export_include_directories-extras.cmake\n'}
[17.286748] (unitree_hg) StdoutLine: {'line': b'-- Symlinking: /home/elijah/go2-convex-mpc/ros2_ws/install/unitree_hg/share/unitree_hg/cmake/ament_cmake_export_libraries-extras.cmake\n'}
[17.295907] (unitree_hg) StdoutLine: {'line': b'-- Symlinking: /home/elijah/go2-convex-mpc/ros2_ws/install/unitree_hg/share/unitree_hg/cmake/ament_cmake_export_targets-extras.cmake\n'}
[17.304962] (unitree_hg) StdoutLine: {'line': b'-- Symlinking: /home/elijah/go2-convex-mpc/ros2_ws/install/unitree_hg/share/unitree_hg/cmake/rosidl_cmake_export_typesupport_targets-extras.cmake\n'}
[17.313813] (unitree_hg) StdoutLine: {'line': b'-- Symlinking: /home/elijah/go2-convex-mpc/ros2_ws/install/unitree_hg/share/unitree_hg/cmake/rosidl_cmake_export_typesupport_libraries-extras.cmake\n'}
[17.323153] (unitree_hg) StdoutLine: {'line': b'-- Symlinking: /home/elijah/go2-convex-mpc/ros2_ws/install/unitree_hg/share/unitree_hg/cmake/unitree_hgConfig.cmake\n'}
[17.332043] (unitree_hg) StdoutLine: {'line': b'-- Symlinking: /home/elijah/go2-convex-mpc/ros2_ws/install/unitree_hg/share/unitree_hg/cmake/unitree_hgConfig-version.cmake\n'}
[17.340540] (unitree_hg) StdoutLine: {'line': b'-- Symlinking: /home/elijah/go2-convex-mpc/ros2_ws/install/unitree_hg/share/unitree_hg/package.xml\n'}
[17.348461] (unitree_hg) StdoutLine: {'line': b'-- Installing: /home/elijah/go2-convex-mpc/ros2_ws/install/unitree_hg/lib/libunitree_hg__rosidl_generator_c.so\n'}
[17.348950] (unitree_hg) StdoutLine: {'line': b'-- Set runtime path of "/home/elijah/go2-convex-mpc/ros2_ws/install/unitree_hg/lib/libunitree_hg__rosidl_generator_c.so" to ""\n'}
[17.349077] (unitree_hg) StdoutLine: {'line': b'-- Installing: /home/elijah/go2-convex-mpc/ros2_ws/install/unitree_hg/lib/libunitree_hg__rosidl_typesupport_fastrtps_c.so\n'}
[17.349388] (unitree_hg) StdoutLine: {'line': b'-- Set runtime path of "/home/elijah/go2-convex-mpc/ros2_ws/install/unitree_hg/lib/libunitree_hg__rosidl_typesupport_fastrtps_c.so" to ""\n'}
[17.349467] (unitree_hg) StdoutLine: {'line': b'-- Installing: /home/elijah/go2-convex-mpc/ros2_ws/install/unitree_hg/lib/libunitree_hg__rosidl_typesupport_fastrtps_cpp.so\n'}
[17.349987] (unitree_hg) StdoutLine: {'line': b'-- Set runtime path of "/home/elijah/go2-convex-mpc/ros2_ws/install/unitree_hg/lib/libunitree_hg__rosidl_typesupport_fastrtps_cpp.so" to ""\n'}
[17.350055] (unitree_hg) StdoutLine: {'line': b'-- Installing: /home/elijah/go2-convex-mpc/ros2_ws/install/unitree_hg/lib/libunitree_hg__rosidl_typesupport_introspection_c.so\n'}
[17.350449] (unitree_hg) StdoutLine: {'line': b'-- Set runtime path of "/home/elijah/go2-convex-mpc/ros2_ws/install/unitree_hg/lib/libunitree_hg__rosidl_typesupport_introspection_c.so" to ""\n'}
[17.350512] (unitree_hg) StdoutLine: {'line': b'-- Installing: /home/elijah/go2-convex-mpc/ros2_ws/install/unitree_hg/lib/libunitree_hg__rosidl_typesupport_c.so\n'}
[17.350805] (unitree_hg) StdoutLine: {'line': b'-- Set runtime path of "/home/elijah/go2-convex-mpc/ros2_ws/install/unitree_hg/lib/libunitree_hg__rosidl_typesupport_c.so" to ""\n'}
[17.350872] (unitree_hg) StdoutLine: {'line': b'-- Installing: /home/elijah/go2-convex-mpc/ros2_ws/install/unitree_hg/lib/libunitree_hg__rosidl_typesupport_introspection_cpp.so\n'}
[17.351469] (unitree_hg) StdoutLine: {'line': b'-- Set runtime path of "/home/elijah/go2-convex-mpc/ros2_ws/install/unitree_hg/lib/libunitree_hg__rosidl_typesupport_introspection_cpp.so" to ""\n'}
[17.351544] (unitree_hg) StdoutLine: {'line': b'-- Installing: /home/elijah/go2-convex-mpc/ros2_ws/install/unitree_hg/lib/libunitree_hg__rosidl_typesupport_cpp.so\n'}
[17.351846] (unitree_hg) StdoutLine: {'line': b'-- Set runtime path of "/home/elijah/go2-convex-mpc/ros2_ws/install/unitree_hg/lib/libunitree_hg__rosidl_typesupport_cpp.so" to ""\n'}
[17.374888] (-) TimerEvent: {}
[17.388653] (unitree_hg) StdoutLine: {'line': b"Listing '/home/elijah/go2-convex-mpc/ros2_ws/install/unitree_hg/local/lib/python3.10/dist-packages/unitree_hg'...\n"}
[17.388837] (unitree_hg) StdoutLine: {'line': b"Compiling '/home/elijah/go2-convex-mpc/ros2_ws/install/unitree_hg/local/lib/python3.10/dist-packages/unitree_hg/__init__.py'...\n"}
[17.388920] (unitree_hg) StdoutLine: {'line': b"Listing '/home/elijah/go2-convex-mpc/ros2_ws/install/unitree_hg/local/lib/python3.10/dist-packages/unitree_hg/msg'...\n"}
[17.388978] (unitree_hg) StdoutLine: {'line': b"Compiling '/home/elijah/go2-convex-mpc/ros2_ws/install/unitree_hg/local/lib/python3.10/dist-packages/unitree_hg/msg/__init__.py'...\n"}
[17.389092] (unitree_hg) StdoutLine: {'line': b"Compiling '/home/elijah/go2-convex-mpc/ros2_ws/install/unitree_hg/local/lib/python3.10/dist-packages/unitree_hg/msg/_bms_cmd.py'...\n"}
[17.389153] (unitree_hg) StdoutLine: {'line': b"Compiling '/home/elijah/go2-convex-mpc/ros2_ws/install/unitree_hg/local/lib/python3.10/dist-packages/unitree_hg/msg/_bms_state.py'...\n"}
[17.389202] (unitree_hg) StdoutLine: {'line': b"Compiling '/home/elijah/go2-convex-mpc/ros2_ws/install/unitree_hg/local/lib/python3.10/dist-packages/unitree_hg/msg/_hand_cmd.py'...\n"}
[17.389250] (unitree_hg) StdoutLine: {'line': b"Compiling '/home/elijah/go2-convex-mpc/ros2_ws/install/unitree_hg/local/lib/python3.10/dist-packages/unitree_hg/msg/_hand_state.py'...\n"}
[17.389296] (unitree_hg) StdoutLine: {'line': b"Compiling '/home/elijah/go2-convex-mpc/ros2_ws/install/unitree_hg/local/lib/python3.10/dist-packages/unitree_hg/msg/_imu_state.py'...\n"}
[17.389341] (unitree_hg) StdoutLine: {'line': b"Compiling '/home/elijah/go2-convex-mpc/ros2_ws/install/unitree_hg/local/lib/python3.10/dist-packages/unitree_hg/msg/_low_cmd.py'...\n"}
[17.389387] (unitree_hg) StdoutLine: {'line': b"Compiling '/home/elijah/go2-convex-mpc/ros2_ws/install/unitree_hg/local/lib/python3.10/dist-packages/unitree_hg/msg/_low_state.py'...\n"}
[17.389434] (unitree_hg) StdoutLine: {'line': b"Compiling '/home/elijah/go2-convex-mpc/ros2_ws/install/unitree_hg/local/lib/python3.10/dist-packages/unitree_hg/msg/_main_board_state.py'...\n"}
[17.389488] (unitree_hg) StdoutLine: {'line': b"Compiling '/home/elijah/go2-convex-mpc/ros2_ws/install/unitree_hg/local/lib/python3.10/dist-packages/unitree_hg/msg/_motor_cmd.py'...\n"}
[17.389533] (unitree_hg) StdoutLine: {'line': b"Compiling '/home/elijah/go2-convex-mpc/ros2_ws/install/unitree_hg/local/lib/python3.10/dist-packages/unitree_hg/msg/_motor_state.py'...\n"}
[17.389577] (unitree_hg) StdoutLine: {'line': b"Compiling '/home/elijah/go2-convex-mpc/ros2_ws/install/unitree_hg/local/lib/python3.10/dist-packages/unitree_hg/msg/_press_sensor_state.py'...\n"}
[17.393901] (unitree_hg) StdoutLine: {'line': b'-- Installing: /home/elijah/go2-convex-mpc/ros2_ws/install/unitree_hg/lib/libunitree_hg__rosidl_generator_py.so\n'}
[17.394491] (unitree_hg) StdoutLine: {'line': b'-- Set runtime path of "/home/elijah/go2-convex-mpc/ros2_ws/install/unitree_hg/lib/libunitree_hg__rosidl_generator_py.so" to ""\n'}
[17.394576] (unitree_hg) StdoutLine: {'line': b'-- Installing: /home/elijah/go2-convex-mpc/ros2_ws/install/unitree_hg/share/unitree_hg/cmake/export_unitree_hg__rosidl_generator_cExport.cmake\n'}
[17.394777] (unitree_hg) StdoutLine: {'line': b'-- Installing: /home/elijah/go2-convex-mpc/ros2_ws/install/unitree_hg/share/unitree_hg/cmake/export_unitree_hg__rosidl_generator_cExport-noconfig.cmake\n'}
[17.394968] (unitree_hg) StdoutLine: {'line': b'-- Installing: /home/elijah/go2-convex-mpc/ros2_ws/install/unitree_hg/share/unitree_hg/cmake/export_unitree_hg__rosidl_typesupport_fastrtps_cExport.cmake\n'}
[17.395126] (unitree_hg) StdoutLine: {'line': b'-- Installing: /home/elijah/go2-convex-mpc/ros2_ws/install/unitree_hg/share/unitree_hg/cmake/export_unitree_hg__rosidl_typesupport_fastrtps_cExport-noconfig.cmake\n'}
[17.395264] (unitree_hg) StdoutLine: {'line': b'-- Installing: /home/elijah/go2-convex-mpc/ros2_ws/install/unitree_hg/share/unitree_hg/cmake/export_unitree_hg__rosidl_generator_cppExport.cmake\n'}
[17.395405] (unitree_hg) StdoutLine: {'line': b'-- Installing: /home/elijah/go2-convex-mpc/ros2_ws/install/unitree_hg/share/unitree_hg/cmake/export_unitree_hg__rosidl_typesupport_fastrtps_cppExport.cmake\n'}
[17.395540] (unitree_hg) StdoutLine: {'line': b'-- Installing: /home/elijah/go2-convex-mpc/ros2_ws/install/unitree_hg/share/unitree_hg/cmake/export_unitree_hg__rosidl_typesupport_fastrtps_cppExport-noconfig.cmake\n'}
[17.395689] (unitree_hg) StdoutLine: {'line': b'-- Installing: /home/elijah/go2-convex-mpc/ros2_ws/install/unitree_hg/share/unitree_hg/cmake/unitree_hg__rosidl_typesupport_introspection_cExport.cmake\n'}
[17.395832] (unitree_hg) StdoutLine: {'line': b'-- Installing: /home/elijah/go2-convex-mpc/ros2_ws/install/unitree_hg/share/unitree_hg/cmake/unitree_hg__rosidl_typesupport_introspection_cExport-noconfig.cmake\n'}
[17.395970] (unitree_hg) StdoutLine: {'line': b'-- Installing: /home/elijah/go2-convex-mpc/ros2_ws/install/unitree_hg/share/unitree_hg/cmake/unitree_hg__rosidl_typesupport_cExport.cmake\n'}
[17.396106] (unitree_hg) StdoutLine: {'line': b'-- Installing: /home/elijah/go2-convex-mpc/ros2_ws/install/unitree_hg/share/unitree_hg/cmake/unitree_hg__rosidl_typesupport_cExport-noconfig.cmake\n'}
[17.396243] (unitree_hg) StdoutLine: {'line': b'-- Installing: /home/elijah/go2-convex-mpc/ros2_ws/install/unitree_hg/share/unitree_hg/cmake/unitree_hg__rosidl_typesupport_introspection_cppExport.cmake\n'}
[17.396381] (unitree_hg) StdoutLine: {'line': b'-- Installing: /home/elijah/go2-convex-mpc/ros2_ws/install/unitree_hg/share/unitree_hg/cmake/unitree_hg__rosidl_typesupport_introspection_cppExport-noconfig.cmake\n'}
[17.396518] (unitree_hg) StdoutLine: {'line': b'-- Installing: /home/elijah/go2-convex-mpc/ros2_ws/install/unitree_hg/share/unitree_hg/cmake/unitree_hg__rosidl_typesupport_cppExport.cmake\n'}
[17.396661] (unitree_hg) StdoutLine: {'line': b'-- Installing: /home/elijah/go2-convex-mpc/ros2_ws/install/unitree_hg/share/unitree_hg/cmake/unitree_hg__rosidl_typesupport_cppExport-noconfig.cmake\n'}
[17.396798] (unitree_hg) StdoutLine: {'line': b'-- Installing: /home/elijah/go2-convex-mpc/ros2_ws/install/unitree_hg/share/unitree_hg/cmake/export_unitree_hg__rosidl_generator_pyExport.cmake\n'}
[17.396933] (unitree_hg) StdoutLine: {'line': b'-- Installing: /home/elijah/go2-convex-mpc/ros2_ws/install/unitree_hg/share/unitree_hg/cmake/export_unitree_hg__rosidl_generator_pyExport-noconfig.cmake\n'}
[17.399088] (unitree_hg) CommandEnded: {'returncode': 0}
[17.413253] (unitree_hg) JobEnded: {'identifier': 'unitree_hg', 'rc': 0}
[17.474980] (-) TimerEvent: {}
[17.575230] (-) TimerEvent: {}
[17.675466] (-) TimerEvent: {}
[17.775740] (-) TimerEvent: {}
[17.875979] (-) TimerEvent: {}
[17.976262] (-) TimerEvent: {}
[18.076650] (-) TimerEvent: {}
[18.176892] (-) TimerEvent: {}
[18.178380] (unitree_go) StdoutLine: {'line': b'[ 88%] Built target unitree_go__py\n'}
[18.201959] (unitree_go) StdoutLine: {'line': b'[ 92%] \x1b[32mBuilding C object CMakeFiles/unitree_go__rosidl_generator_py.dir/rosidl_generator_py/unitree_go/msg/_go2_front_video_data_s.c.o\x1b[0m\n'}
[18.202385] (unitree_go) StdoutLine: {'line': b'[ 92%] \x1b[32mBuilding C object CMakeFiles/unitree_go__rosidl_generator_py.dir/rosidl_generator_py/unitree_go/msg/_bms_state_s.c.o\x1b[0m\n'}
[18.202540] (unitree_go) StdoutLine: {'line': b'[ 92%] \x1b[32mBuilding C object CMakeFiles/unitree_go__rosidl_generator_py.dir/rosidl_generator_py/unitree_go/msg/_audio_data_s.c.o\x1b[0m\n'}
[18.202691] (unitree_go) StdoutLine: {'line': b'[ 92%] \x1b[32mBuilding C object CMakeFiles/unitree_go__rosidl_generator_py.dir/rosidl_generator_py/unitree_go/msg/_interface_config_s.c.o\x1b[0m\n'}
[18.202764] (unitree_go) StdoutLine: {'line': b'[ 92%] \x1b[32mBuilding C object CMakeFiles/unitree_go__rosidl_generator_py.dir/rosidl_generator_py/unitree_go/msg/_imu_state_s.c.o\x1b[0m\n'}
[18.202826] (unitree_go) StdoutLine: {'line': b'[ 92%] \x1b[32mBuilding C object CMakeFiles/unitree_go__rosidl_generator_py.dir/rosidl_generator_py/unitree_go/msg/_lidar_state_s.c.o\x1b[0m\n'}
[18.202882] (unitree_go) StdoutLine: {'line': b'[ 92%] \x1b[32mBuilding C object CMakeFiles/unitree_go__rosidl_generator_py.dir/rosidl_generator_py/unitree_go/msg/_low_state_s.c.o\x1b[0m\n'}
[18.203618] (unitree_go) StdoutLine: {'line': b'[ 92%] \x1b[32mBuilding C object CMakeFiles/unitree_go__rosidl_generator_py.dir/rosidl_generator_py/unitree_go/msg/_bms_cmd_s.c.o\x1b[0m\n'}
[18.203748] (unitree_go) StdoutLine: {'line': b'[ 93%] \x1b[32mBuilding C object CMakeFiles/unitree_go__rosidl_generator_py.dir/rosidl_generator_py/unitree_go/msg/_low_cmd_s.c.o\x1b[0m\n'}
[18.203821] (unitree_go) StdoutLine: {'line': b'[ 92%] \x1b[32mBuilding C object CMakeFiles/unitree_go__rosidl_generator_py.dir/rosidl_generator_py/unitree_go/msg/_error_s.c.o\x1b[0m\n'}
[18.203896] (unitree_go) StdoutLine: {'line': b'[ 92%] \x1b[32mBuilding C object CMakeFiles/unitree_go__rosidl_generator_py.dir/rosidl_generator_py/unitree_go/msg/_height_map_s.c.o\x1b[0m\n'}
[18.203961] (unitree_go) StdoutLine: {'line': b'[ 93%] \x1b[32mBuilding C object CMakeFiles/unitree_go__rosidl_generator_py.dir/rosidl_generator_py/unitree_go/msg/_motor_cmd_s.c.o\x1b[0m\n'}
[18.204025] (unitree_go) StdoutLine: {'line': b'[ 94%] \x1b[32mBuilding C object CMakeFiles/unitree_go__rosidl_generator_py.dir/rosidl_generator_py/unitree_go/msg/_motor_cmds_s.c.o\x1b[0m\n'}
[18.204088] (unitree_go) StdoutLine: {'line': b'[ 94%] \x1b[32mBuilding C object CMakeFiles/unitree_go__rosidl_generator_py.dir/rosidl_generator_py/unitree_go/msg/_motor_state_s.c.o\x1b[0m\n'}
[18.204150] (unitree_go) StdoutLine: {'line': b'[ 95%] \x1b[32mBuilding C object CMakeFiles/unitree_go__rosidl_generator_py.dir/rosidl_generator_py/unitree_go/msg/_motor_states_s.c.o\x1b[0m\n'}
[18.204778] (unitree_go) StdoutLine: {'line': b'[ 95%] \x1b[32mBuilding C object CMakeFiles/unitree_go__rosidl_generator_py.dir/rosidl_generator_py/unitree_go/msg/_path_point_s.c.o\x1b[0m\n'}
[18.277121] (-) TimerEvent: {}
[18.370406] (unitree_go) StdoutLine: {'line': b'[ 96%] \x1b[32mBuilding C object CMakeFiles/unitree_go__rosidl_generator_py.dir/rosidl_generator_py/unitree_go/msg/_req_s.c.o\x1b[0m\n'}
[18.373085] (unitree_go) StdoutLine: {'line': b'[ 96%] \x1b[32mBuilding C object CMakeFiles/unitree_go__rosidl_generator_py.dir/rosidl_generator_py/unitree_go/msg/_res_s.c.o\x1b[0m\n'}
[18.377311] (-) TimerEvent: {}
[18.381059] (unitree_go) StdoutLine: {'line': b'[ 96%] \x1b[32mBuilding C object CMakeFiles/unitree_go__rosidl_generator_py.dir/rosidl_generator_py/unitree_go/msg/_sport_mode_state_s.c.o\x1b[0m\n'}
[18.386154] (unitree_go) StdoutLine: {'line': b'[ 97%] \x1b[32mBuilding C object CMakeFiles/unitree_go__rosidl_generator_py.dir/rosidl_generator_py/unitree_go/msg/_time_spec_s.c.o\x1b[0m\n'}
[18.389035] (unitree_go) StdoutLine: {'line': b'[ 98%] \x1b[32mBuilding C object CMakeFiles/unitree_go__rosidl_generator_py.dir/rosidl_generator_py/unitree_go/msg/_uwb_state_s.c.o\x1b[0m\n'}
[18.389331] (unitree_go) StdoutLine: {'line': b'[ 98%] \x1b[32mBuilding C object CMakeFiles/unitree_go__rosidl_generator_py.dir/rosidl_generator_py/unitree_go/msg/_sport_mode_cmd_s.c.o\x1b[0m\n'}
[18.390505] (unitree_go) StdoutLine: {'line': b'[ 99%] \x1b[32mBuilding C object CMakeFiles/unitree_go__rosidl_generator_py.dir/rosidl_generator_py/unitree_go/msg/_uwb_switch_s.c.o\x1b[0m\n'}
[18.398777] (unitree_go) StdoutLine: {'line': b'[ 99%] \x1b[32mBuilding C object CMakeFiles/unitree_go__rosidl_generator_py.dir/rosidl_generator_py/unitree_go/msg/_wireless_controller_s.c.o\x1b[0m\n'}
[18.477523] (-) TimerEvent: {}
[18.533069] (unitree_go) StdoutLine: {'line': b'[100%] \x1b[32m\x1b[1mLinking C shared library rosidl_generator_py/unitree_go/libunitree_go__rosidl_generator_py.so\x1b[0m\n'}
[18.577640] (-) TimerEvent: {}
[18.579470] (unitree_go) StdoutLine: {'line': b'[100%] Built target unitree_go__rosidl_generator_py\n'}
[18.601541] (unitree_go) StdoutLine: {'line': b'[100%] \x1b[32mBuilding C object CMakeFiles/unitree_go__rosidl_typesupport_introspection_c__pyext.dir/rosidl_generator_py/unitree_go/_unitree_go_s.ep.rosidl_typesupport_introspection_c.c.o\x1b[0m\n'}
[18.601796] (unitree_go) StdoutLine: {'line': b'[100%] \x1b[32mBuilding C object CMakeFiles/unitree_go__rosidl_typesupport_c__pyext.dir/rosidl_generator_py/unitree_go/_unitree_go_s.ep.rosidl_typesupport_c.c.o\x1b[0m\n'}
[18.601895] (unitree_go) StdoutLine: {'line': b'[100%] \x1b[32mBuilding C object CMakeFiles/unitree_go__rosidl_typesupport_fastrtps_c__pyext.dir/rosidl_generator_py/unitree_go/_unitree_go_s.ep.rosidl_typesupport_fastrtps_c.c.o\x1b[0m\n'}
[18.677751] (-) TimerEvent: {}
[18.733198] (unitree_go) StdoutLine: {'line': b'[100%] \x1b[32m\x1b[1mLinking C shared library rosidl_generator_py/unitree_go/unitree_go_s__rosidl_typesupport_c.cpython-310-x86_64-linux-gnu.so\x1b[0m\n'}
[18.733410] (unitree_go) StdoutLine: {'line': b'[100%] \x1b[32m\x1b[1mLinking C shared library rosidl_generator_py/unitree_go/unitree_go_s__rosidl_typesupport_fastrtps_c.cpython-310-x86_64-linux-gnu.so\x1b[0m\n'}
[18.733491] (unitree_go) StdoutLine: {'line': b'[100%] \x1b[32m\x1b[1mLinking C shared library rosidl_generator_py/unitree_go/unitree_go_s__rosidl_typesupport_introspection_c.cpython-310-x86_64-linux-gnu.so\x1b[0m\n'}
[18.769778] (unitree_go) StdoutLine: {'line': b'[100%] Built target unitree_go__rosidl_typesupport_fastrtps_c__pyext\n'}
[18.769991] (unitree_go) StdoutLine: {'line': b'[100%] Built target unitree_go__rosidl_typesupport_c__pyext\n'}
[18.770073] (unitree_go) StdoutLine: {'line': b'[100%] Built target unitree_go__rosidl_typesupport_introspection_c__pyext\n'}
[18.777815] (-) TimerEvent: {}
[18.781908] (unitree_go) CommandEnded: {'returncode': 0}
[18.782562] (unitree_go) JobProgress: {'identifier': 'unitree_go', 'progress': 'install'}
[18.782876] (unitree_go) Command: {'cmd': ['/usr/bin/cmake', '--install', '/home/elijah/go2-convex-mpc/ros2_ws/build/unitree_go'], 'cwd': '/home/elijah/go2-convex-mpc/ros2_ws/build/unitree_go', 'env': OrderedDict([('GJS_DEBUG_TOPICS', 'JS ERROR;JS LOG'), ('PYTHON_BASIC_REPL', '1'), ('LESSOPEN', '| /usr/bin/lesspipe %s'), ('CONDA_PROMPT_MODIFIER', ''), ('USER', 'elijah'), ('XDG_SESSION_TYPE', 'x11'), ('GIT_ASKPASS', '/usr/share/code/resources/app/extensions/git/dist/askpass.sh'), ('SHLVL', '1'), ('LD_LIBRARY_PATH', '/opt/ros/humble/opt/rviz_ogre_vendor/lib:/opt/ros/humble/lib/x86_64-linux-gnu:/opt/ros/humble/lib::/home/elijah/convex-mpc-unitree-go2/third_party/acados/lib'), ('ACADOS_SOURCE_DIR', '/home/elijah/convex-mpc-unitree-go2/third_party/acados'), ('HOME', '/home/elijah'), ('CHROME_DESKTOP', 'code.desktop'), ('CONDA_SHLVL', '0'), ('OLDPWD', '/home/elijah/go2-convex-mpc'), ('TERM_PROGRAM_VERSION', '1.104.2'), ('DESKTOP_SESSION', 'ubuntu'), ('GIO_LAUNCHED_DESKTOP_FILE', '/usr/share/applications/code.desktop'), ('ROS_PYTHON_VERSION', '3'), ('GNOME_SHELL_SESSION_MODE', 'ubuntu'), ('GTK_MODULES', 'gail:atk-bridge'), ('VSCODE_GIT_ASKPASS_MAIN', '/usr/share/code/resources/app/extensions/git/dist/askpass-main.js'), ('VSCODE_GIT_ASKPASS_NODE', '/usr/share/code/code'), ('MANAGERPID', '1248'), ('PYDEVD_DISABLE_FILE_VALIDATION', '1'), ('SYSTEMD_EXEC_PID', '2230'), ('BUNDLED_DEBUGPY_PATH', '/home/elijah/.vscode/extensions/ms-python.debugpy-2025.18.0-linux-x64/bundled/libs/debugpy'), ('VSCODE_PYTHON_AUTOACTIVATE_GUARD', '1'), ('DBUS_SESSION_BUS_ADDRESS', 'unix:path=/run/user/1000/bus'), ('COLORTERM', 'truecolor'), ('_CE_M', ''), ('PYTHONNOUSERSITE', '1'), ('_CONDA_ROOT', '/home/elijah/miniconda3'), ('GIO_LAUNCHED_DESKTOP_FILE_PID', '19285'), ('ROS_DISTRO', 'humble'), ('GTK_IM_MODULE', 'ibus'), ('LOGNAME', 'elijah'), ('JOURNAL_STREAM', '8:23301'), ('_', '/usr/bin/colcon'), ('ROS_VERSION', '2'), ('XDG_SESSION_CLASS', 'user'), ('USERNAME', 'elijah'), ('TERM', 'xterm-256color'), ('GNOME_DESKTOP_SESSION_ID', 'this-is-deprecated'), ('_CE_CONDA', ''), ('ROS_LOCALHOST_ONLY', '0'), ('WINDOWPATH', '2'), ('PATH', '/opt/ros/humble/bin:/home/elijah/MATLAB/R2025b/bin:/home/elijah/.local/bin:/home/elijah/MATLAB/R2025b/bin:/home/elijah/miniconda3/condabin:/home/elijah/.local/bin:/usr/local/sbin:/usr/local/bin:/usr/sbin:/usr/bin:/sbin:/bin:/usr/games:/usr/local/games:/snap/bin:/snap/bin:/home/elijah/.vscode/extensions/ms-python.debugpy-2025.18.0-linux-x64/bundled/scripts/noConfigScripts:/home/elijah/.config/Code/User/globalStorage/github.copilot-chat/debugCommand'), ('SESSION_MANAGER', 'local/blade14:@/tmp/.ICE-unix/2191,unix/blade14:/tmp/.ICE-unix/2191'), ('INVOCATION_ID', '2334c8eb0f6b414eb551b517251acb30'), ('XDG_MENU_PREFIX', 'gnome-'), ('XDG_RUNTIME_DIR', '/run/user/1000'), ('GDK_BACKEND', 'x11'), ('DISPLAY', ':0'), ('VSCODE_DEBUGPY_ADAPTER_ENDPOINTS', '/home/elijah/.vscode/extensions/ms-python.debugpy-2025.18.0-linux-x64/.noConfigDebugAdapterEndpoints/endpoint-e8e5ede5e48c9972.txt'), ('LANG', 'en_US.UTF-8'), ('XDG_CURRENT_DESKTOP', 'Unity'), ('PYTHONSTARTUP', '/home/elijah/.config/Code/User/workspaceStorage/3f9c70443e8b64211a210c374fcd3635/ms-python.python/pythonrc.py'), ('XMODIFIERS', '@im=ibus'), ('XDG_SESSION_DESKTOP', 'ubuntu'), ('XAUTHORITY', '/run/user/1000/gdm/Xauthority'), ('LS_COLORS', 'rs=0:di=01;34:ln=01;36:mh=00:pi=40;33:so=01;35:do=01;35:bd=40;33;01:cd=40;33;01:or=40;31;01:mi=00:su=37;41:sg=30;43:ca=30;41:tw=30;42:ow=34;42:st=37;44:ex=01;32:*.tar=01;31:*.tgz=01;31:*.arc=01;31:*.arj=01;31:*.taz=01;31:*.lha=01;31:*.lz4=01;31:*.lzh=01;31:*.lzma=01;31:*.tlz=01;31:*.txz=01;31:*.tzo=01;31:*.t7z=01;31:*.zip=01;31:*.z=01;31:*.dz=01;31:*.gz=01;31:*.lrz=01;31:*.lz=01;31:*.lzo=01;31:*.xz=01;31:*.zst=01;31:*.tzst=01;31:*.bz2=01;31:*.bz=01;31:*.tbz=01;31:*.tbz2=01;31:*.tz=01;31:*.deb=01;31:*.rpm=01;31:*.jar=01;31:*.war=01;31:*.ear=01;31:*.sar=01;31:*.rar=01;31:*.alz=01;31:*.ace=01;31:*.zoo=01;31:*.cpio=01;31:*.7z=01;31:*.rz=01;31:*.cab=01;31:*.wim=01;31:*.swm=01;31:*.dwm=01;31:*.esd=01;31:*.jpg=01;35:*.jpeg=01;35:*.mjpg=01;35:*.mjpeg=01;35:*.gif=01;35:*.bmp=01;35:*.pbm=01;35:*.pgm=01;35:*.ppm=01;35:*.tga=01;35:*.xbm=01;35:*.xpm=01;35:*.tif=01;35:*.tiff=01;35:*.png=01;35:*.svg=01;35:*.svgz=01;35:*.mng=01;35:*.pcx=01;35:*.mov=01;35:*.mpg=01;35:*.mpeg=01;35:*.m2v=01;35:*.mkv=01;35:*.webm=01;35:*.webp=01;35:*.ogm=01;35:*.mp4=01;35:*.m4v=01;35:*.mp4v=01;35:*.vob=01;35:*.qt=01;35:*.nuv=01;35:*.wmv=01;35:*.asf=01;35:*.rm=01;35:*.rmvb=01;35:*.flc=01;35:*.avi=01;35:*.fli=01;35:*.flv=01;35:*.gl=01;35:*.dl=01;35:*.xcf=01;35:*.xwd=01;35:*.yuv=01;35:*.cgm=01;35:*.emf=01;35:*.ogv=01;35:*.ogx=01;35:*.aac=00;36:*.au=00;36:*.flac=00;36:*.m4a=00;36:*.mid=00;36:*.midi=00;36:*.mka=00;36:*.mp3=00;36:*.mpc=00;36:*.ogg=00;36:*.ra=00;36:*.wav=00;36:*.oga=00;36:*.opus=00;36:*.spx=00;36:*.xspf=00;36:'), ('VSCODE_GIT_IPC_HANDLE', '/run/user/1000/vscode-git-220767a3ce.sock'), ('TERM_PROGRAM', 'vscode'), ('SSH_AGENT_LAUNCHER', 'gnome-keyring'), ('SSH_AUTH_SOCK', '/run/user/1000/keyring/ssh'), ('AMENT_PREFIX_PATH', '/opt/ros/humble'), ('CONDA_PYTHON_EXE', '/home/elijah/miniconda3/bin/python'), ('ORIGINAL_XDG_CURRENT_DESKTOP', 'ubuntu:GNOME'), ('SHELL', '/bin/bash'), ('QT_ACCESSIBILITY', '1'), ('GDMSESSION', 'ubuntu'), ('LESSCLOSE', '/usr/bin/lesspipe %s %s'), ('CONDA_DEFAULT_ENV', ''), ('GPG_AGENT_INFO', '/run/user/1000/gnupg/S.gpg-agent:0:1'), ('GJS_DEBUG_OUTPUT', 'stderr'), ('_CONDA_EXE', '/home/elijah/miniconda3/bin/conda'), ('VSCODE_GIT_ASKPASS_EXTRA_ARGS', ''), ('QT_IM_MODULE', 'ibus'), ('PWD', '/home/elijah/go2-convex-mpc/ros2_ws/build/unitree_go'), ('XDG_CONFIG_DIRS', '/etc/xdg/xdg-ubuntu:/etc/xdg'), ('CONDA_EXE', '/home/elijah/miniconda3/bin/conda'), ('XDG_DATA_DIRS', '/usr/share/ubuntu:/usr/share/gnome:/usr/local/share/:/usr/share/:/var/lib/snapd/desktop'), ('PYTHONPATH', '/opt/ros/humble/lib/python3.10/site-packages:/opt/ros/humble/local/lib/python3.10/dist-packages'), ('CONDA_PREFIX', ''), ('COLCON', '1'), ('CMAKE_PREFIX_PATH', '/opt/ros/humble')]), 'shell': False}
[18.791520] (unitree_go) StdoutLine: {'line': b'-- Install configuration: ""\n'}
[18.792176] (unitree_go) StdoutLine: {'line': b'-- Execute custom install script\n'}
[18.792436] (unitree_go) StdoutLine: {'line': b'-- Symlinking: /home/elijah/go2-convex-mpc/ros2_ws/install/unitree_go/share/ament_index/resource_index/rosidl_interfaces/unitree_go\n'}
[18.802211] (unitree_go) StdoutLine: {'line': b'-- Symlinking: /home/elijah/go2-convex-mpc/ros2_ws/install/unitree_go/include/unitree_go/unitree_go/msg/audio_data.h\n'}
[18.810680] (unitree_go) StdoutLine: {'line': b'-- Symlinking: /home/elijah/go2-convex-mpc/ros2_ws/install/unitree_go/include/unitree_go/unitree_go/msg/bms_cmd.h\n'}
[18.818867] (unitree_go) StdoutLine: {'line': b'-- Symlinking: /home/elijah/go2-convex-mpc/ros2_ws/install/unitree_go/include/unitree_go/unitree_go/msg/bms_state.h\n'}
[18.826963] (unitree_go) StdoutLine: {'line': b'-- Symlinking: /home/elijah/go2-convex-mpc/ros2_ws/install/unitree_go/include/unitree_go/unitree_go/msg/detail/audio_data__functions.h\n'}
[18.834829] (unitree_go) StdoutLine: {'line': b'-- Symlinking: /home/elijah/go2-convex-mpc/ros2_ws/install/unitree_go/include/unitree_go/unitree_go/msg/detail/audio_data__struct.h\n'}
[18.842793] (unitree_go) StdoutLine: {'line': b'-- Symlinking: /home/elijah/go2-convex-mpc/ros2_ws/install/unitree_go/include/unitree_go/unitree_go/msg/detail/audio_data__type_support.h\n'}
[18.850459] (unitree_go) StdoutLine: {'line': b'-- Symlinking: /home/elijah/go2-convex-mpc/ros2_ws/install/unitree_go/include/unitree_go/unitree_go/msg/detail/bms_cmd__functions.h\n'}
[18.858785] (unitree_go) StdoutLine: {'line': b'-- Symlinking: /home/elijah/go2-convex-mpc/ros2_ws/install/unitree_go/include/unitree_go/unitree_go/msg/detail/bms_cmd__struct.h\n'}
[18.866909] (unitree_go) StdoutLine: {'line': b'-- Symlinking: /home/elijah/go2-convex-mpc/ros2_ws/install/unitree_go/include/unitree_go/unitree_go/msg/detail/bms_cmd__type_support.h\n'}
[18.874393] (unitree_go) StdoutLine: {'line': b'-- Symlinking: /home/elijah/go2-convex-mpc/ros2_ws/install/unitree_go/include/unitree_go/unitree_go/msg/detail/bms_state__functions.h\n'}
[18.877883] (-) TimerEvent: {}
[18.881917] (unitree_go) StdoutLine: {'line': b'-- Symlinking: /home/elijah/go2-convex-mpc/ros2_ws/install/unitree_go/include/unitree_go/unitree_go/msg/detail/bms_state__struct.h\n'}
[18.890727] (unitree_go) StdoutLine: {'line': b'-- Symlinking: /home/elijah/go2-convex-mpc/ros2_ws/install/unitree_go/include/unitree_go/unitree_go/msg/detail/bms_state__type_support.h\n'}
[18.898574] (unitree_go) StdoutLine: {'line': b'-- Symlinking: /home/elijah/go2-convex-mpc/ros2_ws/install/unitree_go/include/unitree_go/unitree_go/msg/detail/error__functions.h\n'}
[18.907098] (unitree_go) StdoutLine: {'line': b'-- Symlinking: /home/elijah/go2-convex-mpc/ros2_ws/install/unitree_go/include/unitree_go/unitree_go/msg/detail/error__struct.h\n'}
[18.915181] (unitree_go) StdoutLine: {'line': b'-- Symlinking: /home/elijah/go2-convex-mpc/ros2_ws/install/unitree_go/include/unitree_go/unitree_go/msg/detail/error__type_support.h\n'}
[18.923177] (unitree_go) StdoutLine: {'line': b'-- Symlinking: /home/elijah/go2-convex-mpc/ros2_ws/install/unitree_go/include/unitree_go/unitree_go/msg/detail/go2_front_video_data__functions.h\n'}
[18.930816] (unitree_go) StdoutLine: {'line': b'-- Symlinking: /home/elijah/go2-convex-mpc/ros2_ws/install/unitree_go/include/unitree_go/unitree_go/msg/detail/go2_front_video_data__struct.h\n'}
[18.938267] (unitree_go) StdoutLine: {'line': b'-- Symlinking: /home/elijah/go2-convex-mpc/ros2_ws/install/unitree_go/include/unitree_go/unitree_go/msg/detail/go2_front_video_data__type_support.h\n'}
[18.945682] (unitree_go) StdoutLine: {'line': b'-- Symlinking: /home/elijah/go2-convex-mpc/ros2_ws/install/unitree_go/include/unitree_go/unitree_go/msg/detail/height_map__functions.h\n'}
[18.952970] (unitree_go) StdoutLine: {'line': b'-- Symlinking: /home/elijah/go2-convex-mpc/ros2_ws/install/unitree_go/include/unitree_go/unitree_go/msg/detail/height_map__struct.h\n'}
[18.960196] (unitree_go) StdoutLine: {'line': b'-- Symlinking: /home/elijah/go2-convex-mpc/ros2_ws/install/unitree_go/include/unitree_go/unitree_go/msg/detail/height_map__type_support.h\n'}
[18.967705] (unitree_go) StdoutLine: {'line': b'-- Symlinking: /home/elijah/go2-convex-mpc/ros2_ws/install/unitree_go/include/unitree_go/unitree_go/msg/detail/imu_state__functions.h\n'}
[18.975011] (unitree_go) StdoutLine: {'line': b'-- Symlinking: /home/elijah/go2-convex-mpc/ros2_ws/install/unitree_go/include/unitree_go/unitree_go/msg/detail/imu_state__struct.h\n'}
[18.977952] (-) TimerEvent: {}
[18.982569] (unitree_go) StdoutLine: {'line': b'-- Symlinking: /home/elijah/go2-convex-mpc/ros2_ws/install/unitree_go/include/unitree_go/unitree_go/msg/detail/imu_state__type_support.h\n'}
[18.991730] (unitree_go) StdoutLine: {'line': b'-- Symlinking: /home/elijah/go2-convex-mpc/ros2_ws/install/unitree_go/include/unitree_go/unitree_go/msg/detail/interface_config__functions.h\n'}
[19.000177] (unitree_go) StdoutLine: {'line': b'-- Symlinking: /home/elijah/go2-convex-mpc/ros2_ws/install/unitree_go/include/unitree_go/unitree_go/msg/detail/interface_config__struct.h\n'}
[19.008843] (unitree_go) StdoutLine: {'line': b'-- Symlinking: /home/elijah/go2-convex-mpc/ros2_ws/install/unitree_go/include/unitree_go/unitree_go/msg/detail/interface_config__type_support.h\n'}
[19.017034] (unitree_go) StdoutLine: {'line': b'-- Symlinking: /home/elijah/go2-convex-mpc/ros2_ws/install/unitree_go/include/unitree_go/unitree_go/msg/detail/lidar_state__functions.h\n'}
[19.024496] (unitree_go) StdoutLine: {'line': b'-- Symlinking: /home/elijah/go2-convex-mpc/ros2_ws/install/unitree_go/include/unitree_go/unitree_go/msg/detail/lidar_state__struct.h\n'}
[19.032245] (unitree_go) StdoutLine: {'line': b'-- Symlinking: /home/elijah/go2-convex-mpc/ros2_ws/install/unitree_go/include/unitree_go/unitree_go/msg/detail/lidar_state__type_support.h\n'}
[19.040065] (unitree_go) StdoutLine: {'line': b'-- Symlinking: /home/elijah/go2-convex-mpc/ros2_ws/install/unitree_go/include/unitree_go/unitree_go/msg/detail/low_cmd__functions.h\n'}
[19.047683] (unitree_go) StdoutLine: {'line': b'-- Symlinking: /home/elijah/go2-convex-mpc/ros2_ws/install/unitree_go/include/unitree_go/unitree_go/msg/detail/low_cmd__struct.h\n'}
[19.054805] (unitree_go) StdoutLine: {'line': b'-- Symlinking: /home/elijah/go2-convex-mpc/ros2_ws/install/unitree_go/include/unitree_go/unitree_go/msg/detail/low_cmd__type_support.h\n'}
[19.062906] (unitree_go) StdoutLine: {'line': b'-- Symlinking: /home/elijah/go2-convex-mpc/ros2_ws/install/unitree_go/include/unitree_go/unitree_go/msg/detail/low_state__functions.h\n'}
[19.070286] (unitree_go) StdoutLine: {'line': b'-- Symlinking: /home/elijah/go2-convex-mpc/ros2_ws/install/unitree_go/include/unitree_go/unitree_go/msg/detail/low_state__struct.h\n'}
[19.077749] (unitree_go) StdoutLine: {'line': b'-- Symlinking: /home/elijah/go2-convex-mpc/ros2_ws/install/unitree_go/include/unitree_go/unitree_go/msg/detail/low_state__type_support.h\n'}
[19.078033] (-) TimerEvent: {}
[19.085696] (unitree_go) StdoutLine: {'line': b'-- Symlinking: /home/elijah/go2-convex-mpc/ros2_ws/install/unitree_go/include/unitree_go/unitree_go/msg/detail/motor_cmd__functions.h\n'}
[19.094318] (unitree_go) StdoutLine: {'line': b'-- Symlinking: /home/elijah/go2-convex-mpc/ros2_ws/install/unitree_go/include/unitree_go/unitree_go/msg/detail/motor_cmd__struct.h\n'}
[19.102998] (unitree_go) StdoutLine: {'line': b'-- Symlinking: /home/elijah/go2-convex-mpc/ros2_ws/install/unitree_go/include/unitree_go/unitree_go/msg/detail/motor_cmd__type_support.h\n'}
[19.111045] (unitree_go) StdoutLine: {'line': b'-- Symlinking: /home/elijah/go2-convex-mpc/ros2_ws/install/unitree_go/include/unitree_go/unitree_go/msg/detail/motor_cmds__functions.h\n'}
[19.118906] (unitree_go) StdoutLine: {'line': b'-- Symlinking: /home/elijah/go2-convex-mpc/ros2_ws/install/unitree_go/include/unitree_go/unitree_go/msg/detail/motor_cmds__struct.h\n'}
[19.126162] (unitree_go) StdoutLine: {'line': b'-- Symlinking: /home/elijah/go2-convex-mpc/ros2_ws/install/unitree_go/include/unitree_go/unitree_go/msg/detail/motor_cmds__type_support.h\n'}
[19.133733] (unitree_go) StdoutLine: {'line': b'-- Symlinking: /home/elijah/go2-convex-mpc/ros2_ws/install/unitree_go/include/unitree_go/unitree_go/msg/detail/motor_state__functions.h\n'}
[19.141313] (unitree_go) StdoutLine: {'line': b'-- Symlinking: /home/elijah/go2-convex-mpc/ros2_ws/install/unitree_go/include/unitree_go/unitree_go/msg/detail/motor_state__struct.h\n'}
[19.148942] (unitree_go) StdoutLine: {'line': b'-- Symlinking: /home/elijah/go2-convex-mpc/ros2_ws/install/unitree_go/include/unitree_go/unitree_go/msg/detail/motor_state__type_support.h\n'}
[19.156182] (unitree_go) StdoutLine: {'line': b'-- Symlinking: /home/elijah/go2-convex-mpc/ros2_ws/install/unitree_go/include/unitree_go/unitree_go/msg/detail/motor_states__functions.h\n'}
[19.163290] (unitree_go) StdoutLine: {'line': b'-- Symlinking: /home/elijah/go2-convex-mpc/ros2_ws/install/unitree_go/include/unitree_go/unitree_go/msg/detail/motor_states__struct.h\n'}
[19.170751] (unitree_go) StdoutLine: {'line': b'-- Symlinking: /home/elijah/go2-convex-mpc/ros2_ws/install/unitree_go/include/unitree_go/unitree_go/msg/detail/motor_states__type_support.h\n'}
[19.177942] (unitree_go) StdoutLine: {'line': b'-- Symlinking: /home/elijah/go2-convex-mpc/ros2_ws/install/unitree_go/include/unitree_go/unitree_go/msg/detail/path_point__functions.h\n'}
[19.178065] (-) TimerEvent: {}
[19.185502] (unitree_go) StdoutLine: {'line': b'-- Symlinking: /home/elijah/go2-convex-mpc/ros2_ws/install/unitree_go/include/unitree_go/unitree_go/msg/detail/path_point__struct.h\n'}
[19.194364] (unitree_go) StdoutLine: {'line': b'-- Symlinking: /home/elijah/go2-convex-mpc/ros2_ws/install/unitree_go/include/unitree_go/unitree_go/msg/detail/path_point__type_support.h\n'}
[19.203223] (unitree_go) StdoutLine: {'line': b'-- Symlinking: /home/elijah/go2-convex-mpc/ros2_ws/install/unitree_go/include/unitree_go/unitree_go/msg/detail/req__functions.h\n'}
[19.211273] (unitree_go) StdoutLine: {'line': b'-- Symlinking: /home/elijah/go2-convex-mpc/ros2_ws/install/unitree_go/include/unitree_go/unitree_go/msg/detail/req__struct.h\n'}
[19.218832] (unitree_go) StdoutLine: {'line': b'-- Symlinking: /home/elijah/go2-convex-mpc/ros2_ws/install/unitree_go/include/unitree_go/unitree_go/msg/detail/req__type_support.h\n'}
[19.226146] (unitree_go) StdoutLine: {'line': b'-- Symlinking: /home/elijah/go2-convex-mpc/ros2_ws/install/unitree_go/include/unitree_go/unitree_go/msg/detail/res__functions.h\n'}
[19.233492] (unitree_go) StdoutLine: {'line': b'-- Symlinking: /home/elijah/go2-convex-mpc/ros2_ws/install/unitree_go/include/unitree_go/unitree_go/msg/detail/res__struct.h\n'}
[19.241029] (unitree_go) StdoutLine: {'line': b'-- Symlinking: /home/elijah/go2-convex-mpc/ros2_ws/install/unitree_go/include/unitree_go/unitree_go/msg/detail/res__type_support.h\n'}
[19.248185] (unitree_go) StdoutLine: {'line': b'-- Symlinking: /home/elijah/go2-convex-mpc/ros2_ws/install/unitree_go/include/unitree_go/unitree_go/msg/detail/sport_mode_cmd__functions.h\n'}
[19.255475] (unitree_go) StdoutLine: {'line': b'-- Symlinking: /home/elijah/go2-convex-mpc/ros2_ws/install/unitree_go/include/unitree_go/unitree_go/msg/detail/sport_mode_cmd__struct.h\n'}
[19.262946] (unitree_go) StdoutLine: {'line': b'-- Symlinking: /home/elijah/go2-convex-mpc/ros2_ws/install/unitree_go/include/unitree_go/unitree_go/msg/detail/sport_mode_cmd__type_support.h\n'}
[19.270231] (unitree_go) StdoutLine: {'line': b'-- Symlinking: /home/elijah/go2-convex-mpc/ros2_ws/install/unitree_go/include/unitree_go/unitree_go/msg/detail/sport_mode_state__functions.h\n'}
[19.277421] (unitree_go) StdoutLine: {'line': b'-- Symlinking: /home/elijah/go2-convex-mpc/ros2_ws/install/unitree_go/include/unitree_go/unitree_go/msg/detail/sport_mode_state__struct.h\n'}
[19.278124] (-) TimerEvent: {}
[19.285009] (unitree_go) StdoutLine: {'line': b'-- Symlinking: /home/elijah/go2-convex-mpc/ros2_ws/install/unitree_go/include/unitree_go/unitree_go/msg/detail/sport_mode_state__type_support.h\n'}
[19.293883] (unitree_go) StdoutLine: {'line': b'-- Symlinking: /home/elijah/go2-convex-mpc/ros2_ws/install/unitree_go/include/unitree_go/unitree_go/msg/detail/time_spec__functions.h\n'}
[19.302569] (unitree_go) StdoutLine: {'line': b'-- Symlinking: /home/elijah/go2-convex-mpc/ros2_ws/install/unitree_go/include/unitree_go/unitree_go/msg/detail/time_spec__struct.h\n'}
[19.310678] (unitree_go) StdoutLine: {'line': b'-- Symlinking: /home/elijah/go2-convex-mpc/ros2_ws/install/unitree_go/include/unitree_go/unitree_go/msg/detail/time_spec__type_support.h\n'}
[19.319094] (unitree_go) StdoutLine: {'line': b'-- Symlinking: /home/elijah/go2-convex-mpc/ros2_ws/install/unitree_go/include/unitree_go/unitree_go/msg/detail/uwb_state__functions.h\n'}
[19.326755] (unitree_go) StdoutLine: {'line': b'-- Symlinking: /home/elijah/go2-convex-mpc/ros2_ws/install/unitree_go/include/unitree_go/unitree_go/msg/detail/uwb_state__struct.h\n'}
[19.334524] (unitree_go) StdoutLine: {'line': b'-- Symlinking: /home/elijah/go2-convex-mpc/ros2_ws/install/unitree_go/include/unitree_go/unitree_go/msg/detail/uwb_state__type_support.h\n'}
[19.341831] (unitree_go) StdoutLine: {'line': b'-- Symlinking: /home/elijah/go2-convex-mpc/ros2_ws/install/unitree_go/include/unitree_go/unitree_go/msg/detail/uwb_switch__functions.h\n'}
[19.349308] (unitree_go) StdoutLine: {'line': b'-- Symlinking: /home/elijah/go2-convex-mpc/ros2_ws/install/unitree_go/include/unitree_go/unitree_go/msg/detail/uwb_switch__struct.h\n'}
[19.356317] (unitree_go) StdoutLine: {'line': b'-- Symlinking: /home/elijah/go2-convex-mpc/ros2_ws/install/unitree_go/include/unitree_go/unitree_go/msg/detail/uwb_switch__type_support.h\n'}
[19.363372] (unitree_go) StdoutLine: {'line': b'-- Symlinking: /home/elijah/go2-convex-mpc/ros2_ws/install/unitree_go/include/unitree_go/unitree_go/msg/detail/wireless_controller__functions.h\n'}
[19.370621] (unitree_go) StdoutLine: {'line': b'-- Symlinking: /home/elijah/go2-convex-mpc/ros2_ws/install/unitree_go/include/unitree_go/unitree_go/msg/detail/wireless_controller__struct.h\n'}
[19.377505] (unitree_go) StdoutLine: {'line': b'-- Symlinking: /home/elijah/go2-convex-mpc/ros2_ws/install/unitree_go/include/unitree_go/unitree_go/msg/detail/wireless_controller__type_support.h\n'}
[19.378190] (-) TimerEvent: {}
[19.385495] (unitree_go) StdoutLine: {'line': b'-- Symlinking: /home/elijah/go2-convex-mpc/ros2_ws/install/unitree_go/include/unitree_go/unitree_go/msg/error.h\n'}
[19.394247] (unitree_go) StdoutLine: {'line': b'-- Symlinking: /home/elijah/go2-convex-mpc/ros2_ws/install/unitree_go/include/unitree_go/unitree_go/msg/go2_front_video_data.h\n'}
[19.402618] (unitree_go) StdoutLine: {'line': b'-- Symlinking: /home/elijah/go2-convex-mpc/ros2_ws/install/unitree_go/include/unitree_go/unitree_go/msg/height_map.h\n'}
[19.411073] (unitree_go) StdoutLine: {'line': b'-- Symlinking: /home/elijah/go2-convex-mpc/ros2_ws/install/unitree_go/include/unitree_go/unitree_go/msg/imu_state.h\n'}
[19.419355] (unitree_go) StdoutLine: {'line': b'-- Symlinking: /home/elijah/go2-convex-mpc/ros2_ws/install/unitree_go/include/unitree_go/unitree_go/msg/interface_config.h\n'}
[19.426968] (unitree_go) StdoutLine: {'line': b'-- Symlinking: /home/elijah/go2-convex-mpc/ros2_ws/install/unitree_go/include/unitree_go/unitree_go/msg/lidar_state.h\n'}
[19.434701] (unitree_go) StdoutLine: {'line': b'-- Symlinking: /home/elijah/go2-convex-mpc/ros2_ws/install/unitree_go/include/unitree_go/unitree_go/msg/low_cmd.h\n'}
[19.441897] (unitree_go) StdoutLine: {'line': b'-- Symlinking: /home/elijah/go2-convex-mpc/ros2_ws/install/unitree_go/include/unitree_go/unitree_go/msg/low_state.h\n'}
[19.449477] (unitree_go) StdoutLine: {'line': b'-- Symlinking: /home/elijah/go2-convex-mpc/ros2_ws/install/unitree_go/include/unitree_go/unitree_go/msg/motor_cmd.h\n'}
[19.456870] (unitree_go) StdoutLine: {'line': b'-- Symlinking: /home/elijah/go2-convex-mpc/ros2_ws/install/unitree_go/include/unitree_go/unitree_go/msg/motor_cmds.h\n'}
[19.464580] (unitree_go) StdoutLine: {'line': b'-- Symlinking: /home/elijah/go2-convex-mpc/ros2_ws/install/unitree_go/include/unitree_go/unitree_go/msg/motor_state.h\n'}
[19.471747] (unitree_go) StdoutLine: {'line': b'-- Symlinking: /home/elijah/go2-convex-mpc/ros2_ws/install/unitree_go/include/unitree_go/unitree_go/msg/motor_states.h\n'}
[19.478264] (-) TimerEvent: {}
[19.479260] (unitree_go) StdoutLine: {'line': b'-- Symlinking: /home/elijah/go2-convex-mpc/ros2_ws/install/unitree_go/include/unitree_go/unitree_go/msg/path_point.h\n'}
[19.488650] (unitree_go) StdoutLine: {'line': b'-- Symlinking: /home/elijah/go2-convex-mpc/ros2_ws/install/unitree_go/include/unitree_go/unitree_go/msg/req.h\n'}
[19.497828] (unitree_go) StdoutLine: {'line': b'-- Symlinking: /home/elijah/go2-convex-mpc/ros2_ws/install/unitree_go/include/unitree_go/unitree_go/msg/res.h\n'}
[19.506578] (unitree_go) StdoutLine: {'line': b'-- Symlinking: /home/elijah/go2-convex-mpc/ros2_ws/install/unitree_go/include/unitree_go/unitree_go/msg/rosidl_generator_c__visibility_control.h\n'}
[19.514899] (unitree_go) StdoutLine: {'line': b'-- Symlinking: /home/elijah/go2-convex-mpc/ros2_ws/install/unitree_go/include/unitree_go/unitree_go/msg/sport_mode_cmd.h\n'}
[19.522382] (unitree_go) StdoutLine: {'line': b'-- Symlinking: /home/elijah/go2-convex-mpc/ros2_ws/install/unitree_go/include/unitree_go/unitree_go/msg/sport_mode_state.h\n'}
[19.530105] (unitree_go) StdoutLine: {'line': b'-- Symlinking: /home/elijah/go2-convex-mpc/ros2_ws/install/unitree_go/include/unitree_go/unitree_go/msg/time_spec.h\n'}
[19.537646] (unitree_go) StdoutLine: {'line': b'-- Symlinking: /home/elijah/go2-convex-mpc/ros2_ws/install/unitree_go/include/unitree_go/unitree_go/msg/uwb_state.h\n'}
[19.545711] (unitree_go) StdoutLine: {'line': b'-- Symlinking: /home/elijah/go2-convex-mpc/ros2_ws/install/unitree_go/include/unitree_go/unitree_go/msg/uwb_switch.h\n'}
[19.554077] (unitree_go) StdoutLine: {'line': b'-- Symlinking: /home/elijah/go2-convex-mpc/ros2_ws/install/unitree_go/include/unitree_go/unitree_go/msg/wireless_controller.h\n'}
[19.562629] (unitree_go) StdoutLine: {'line': b'-- Symlinking: /home/elijah/go2-convex-mpc/ros2_ws/install/unitree_go/share/unitree_go/environment/library_path.sh\n'}
[19.570401] (unitree_go) StdoutLine: {'line': b'-- Symlinking: /home/elijah/go2-convex-mpc/ros2_ws/install/unitree_go/share/unitree_go/environment/library_path.dsv\n'}
[19.578351] (-) TimerEvent: {}
[19.579227] (unitree_go) StdoutLine: {'line': b'-- Symlinking: /home/elijah/go2-convex-mpc/ros2_ws/install/unitree_go/include/unitree_go/unitree_go/msg/detail/audio_data__rosidl_typesupport_fastrtps_c.h\n'}
[19.587768] (unitree_go) StdoutLine: {'line': b'-- Symlinking: /home/elijah/go2-convex-mpc/ros2_ws/install/unitree_go/include/unitree_go/unitree_go/msg/detail/bms_cmd__rosidl_typesupport_fastrtps_c.h\n'}
[19.597212] (unitree_go) StdoutLine: {'line': b'-- Symlinking: /home/elijah/go2-convex-mpc/ros2_ws/install/unitree_go/include/unitree_go/unitree_go/msg/detail/bms_state__rosidl_typesupport_fastrtps_c.h\n'}
[19.606754] (unitree_go) StdoutLine: {'line': b'-- Symlinking: /home/elijah/go2-convex-mpc/ros2_ws/install/unitree_go/include/unitree_go/unitree_go/msg/detail/error__rosidl_typesupport_fastrtps_c.h\n'}
[19.615268] (unitree_go) StdoutLine: {'line': b'-- Symlinking: /home/elijah/go2-convex-mpc/ros2_ws/install/unitree_go/include/unitree_go/unitree_go/msg/detail/go2_front_video_data__rosidl_typesupport_fastrtps_c.h\n'}
[19.623642] (unitree_go) StdoutLine: {'line': b'-- Symlinking: /home/elijah/go2-convex-mpc/ros2_ws/install/unitree_go/include/unitree_go/unitree_go/msg/detail/height_map__rosidl_typesupport_fastrtps_c.h\n'}
[19.631190] (unitree_go) StdoutLine: {'line': b'-- Symlinking: /home/elijah/go2-convex-mpc/ros2_ws/install/unitree_go/include/unitree_go/unitree_go/msg/detail/imu_state__rosidl_typesupport_fastrtps_c.h\n'}
[19.639365] (unitree_go) StdoutLine: {'line': b'-- Symlinking: /home/elijah/go2-convex-mpc/ros2_ws/install/unitree_go/include/unitree_go/unitree_go/msg/detail/interface_config__rosidl_typesupport_fastrtps_c.h\n'}
[19.646543] (unitree_go) StdoutLine: {'line': b'-- Symlinking: /home/elijah/go2-convex-mpc/ros2_ws/install/unitree_go/include/unitree_go/unitree_go/msg/detail/lidar_state__rosidl_typesupport_fastrtps_c.h\n'}
[19.654231] (unitree_go) StdoutLine: {'line': b'-- Symlinking: /home/elijah/go2-convex-mpc/ros2_ws/install/unitree_go/include/unitree_go/unitree_go/msg/detail/low_cmd__rosidl_typesupport_fastrtps_c.h\n'}
[19.661313] (unitree_go) StdoutLine: {'line': b'-- Symlinking: /home/elijah/go2-convex-mpc/ros2_ws/install/unitree_go/include/unitree_go/unitree_go/msg/detail/low_state__rosidl_typesupport_fastrtps_c.h\n'}
[19.668159] (unitree_go) StdoutLine: {'line': b'-- Symlinking: /home/elijah/go2-convex-mpc/ros2_ws/install/unitree_go/include/unitree_go/unitree_go/msg/detail/motor_cmd__rosidl_typesupport_fastrtps_c.h\n'}
[19.675322] (unitree_go) StdoutLine: {'line': b'-- Symlinking: /home/elijah/go2-convex-mpc/ros2_ws/install/unitree_go/include/unitree_go/unitree_go/msg/detail/motor_cmds__rosidl_typesupport_fastrtps_c.h\n'}
[19.678410] (-) TimerEvent: {}
[19.682500] (unitree_go) StdoutLine: {'line': b'-- Symlinking: /home/elijah/go2-convex-mpc/ros2_ws/install/unitree_go/include/unitree_go/unitree_go/msg/detail/motor_state__rosidl_typesupport_fastrtps_c.h\n'}
[19.691622] (unitree_go) StdoutLine: {'line': b'-- Symlinking: /home/elijah/go2-convex-mpc/ros2_ws/install/unitree_go/include/unitree_go/unitree_go/msg/detail/motor_states__rosidl_typesupport_fastrtps_c.h\n'}
[19.699811] (unitree_go) StdoutLine: {'line': b'-- Symlinking: /home/elijah/go2-convex-mpc/ros2_ws/install/unitree_go/include/unitree_go/unitree_go/msg/detail/path_point__rosidl_typesupport_fastrtps_c.h\n'}
[19.709104] (unitree_go) StdoutLine: {'line': b'-- Symlinking: /home/elijah/go2-convex-mpc/ros2_ws/install/unitree_go/include/unitree_go/unitree_go/msg/detail/req__rosidl_typesupport_fastrtps_c.h\n'}
[19.717463] (unitree_go) StdoutLine: {'line': b'-- Symlinking: /home/elijah/go2-convex-mpc/ros2_ws/install/unitree_go/include/unitree_go/unitree_go/msg/detail/res__rosidl_typesupport_fastrtps_c.h\n'}
[19.725345] (unitree_go) StdoutLine: {'line': b'-- Symlinking: /home/elijah/go2-convex-mpc/ros2_ws/install/unitree_go/include/unitree_go/unitree_go/msg/detail/sport_mode_cmd__rosidl_typesupport_fastrtps_c.h\n'}
[19.733061] (unitree_go) StdoutLine: {'line': b'-- Symlinking: /home/elijah/go2-convex-mpc/ros2_ws/install/unitree_go/include/unitree_go/unitree_go/msg/detail/sport_mode_state__rosidl_typesupport_fastrtps_c.h\n'}
[19.740757] (unitree_go) StdoutLine: {'line': b'-- Symlinking: /home/elijah/go2-convex-mpc/ros2_ws/install/unitree_go/include/unitree_go/unitree_go/msg/detail/time_spec__rosidl_typesupport_fastrtps_c.h\n'}
[19.748331] (unitree_go) StdoutLine: {'line': b'-- Symlinking: /home/elijah/go2-convex-mpc/ros2_ws/install/unitree_go/include/unitree_go/unitree_go/msg/detail/uwb_state__rosidl_typesupport_fastrtps_c.h\n'}
[19.755941] (unitree_go) StdoutLine: {'line': b'-- Symlinking: /home/elijah/go2-convex-mpc/ros2_ws/install/unitree_go/include/unitree_go/unitree_go/msg/detail/uwb_switch__rosidl_typesupport_fastrtps_c.h\n'}
[19.763029] (unitree_go) StdoutLine: {'line': b'-- Symlinking: /home/elijah/go2-convex-mpc/ros2_ws/install/unitree_go/include/unitree_go/unitree_go/msg/detail/wireless_controller__rosidl_typesupport_fastrtps_c.h\n'}
[19.770645] (unitree_go) StdoutLine: {'line': b'-- Symlinking: /home/elijah/go2-convex-mpc/ros2_ws/install/unitree_go/include/unitree_go/unitree_go/msg/rosidl_typesupport_fastrtps_c__visibility_control.h\n'}
[19.778481] (-) TimerEvent: {}
[19.778749] (unitree_go) StdoutLine: {'line': b'-- Symlinking: /home/elijah/go2-convex-mpc/ros2_ws/install/unitree_go/include/unitree_go/unitree_go/msg/audio_data.hpp\n'}
[19.786652] (unitree_go) StdoutLine: {'line': b'-- Symlinking: /home/elijah/go2-convex-mpc/ros2_ws/install/unitree_go/include/unitree_go/unitree_go/msg/bms_cmd.hpp\n'}
[19.795285] (unitree_go) StdoutLine: {'line': b'-- Symlinking: /home/elijah/go2-convex-mpc/ros2_ws/install/unitree_go/include/unitree_go/unitree_go/msg/bms_state.hpp\n'}
[19.804333] (unitree_go) StdoutLine: {'line': b'-- Symlinking: /home/elijah/go2-convex-mpc/ros2_ws/install/unitree_go/include/unitree_go/unitree_go/msg/detail/audio_data__builder.hpp\n'}
[19.812926] (unitree_go) StdoutLine: {'line': b'-- Symlinking: /home/elijah/go2-convex-mpc/ros2_ws/install/unitree_go/include/unitree_go/unitree_go/msg/detail/audio_data__struct.hpp\n'}
[19.821104] (unitree_go) StdoutLine: {'line': b'-- Symlinking: /home/elijah/go2-convex-mpc/ros2_ws/install/unitree_go/include/unitree_go/unitree_go/msg/detail/audio_data__traits.hpp\n'}
[19.828544] (unitree_go) StdoutLine: {'line': b'-- Symlinking: /home/elijah/go2-convex-mpc/ros2_ws/install/unitree_go/include/unitree_go/unitree_go/msg/detail/audio_data__type_support.hpp\n'}
[19.836268] (unitree_go) StdoutLine: {'line': b'-- Symlinking: /home/elijah/go2-convex-mpc/ros2_ws/install/unitree_go/include/unitree_go/unitree_go/msg/detail/bms_cmd__builder.hpp\n'}
[19.843465] (unitree_go) StdoutLine: {'line': b'-- Symlinking: /home/elijah/go2-convex-mpc/ros2_ws/install/unitree_go/include/unitree_go/unitree_go/msg/detail/bms_cmd__struct.hpp\n'}
[19.850538] (unitree_go) StdoutLine: {'line': b'-- Symlinking: /home/elijah/go2-convex-mpc/ros2_ws/install/unitree_go/include/unitree_go/unitree_go/msg/detail/bms_cmd__traits.hpp\n'}
[19.857616] (unitree_go) StdoutLine: {'line': b'-- Symlinking: /home/elijah/go2-convex-mpc/ros2_ws/install/unitree_go/include/unitree_go/unitree_go/msg/detail/bms_cmd__type_support.hpp\n'}
[19.864988] (unitree_go) StdoutLine: {'line': b'-- Symlinking: /home/elijah/go2-convex-mpc/ros2_ws/install/unitree_go/include/unitree_go/unitree_go/msg/detail/bms_state__builder.hpp\n'}
[19.872075] (unitree_go) StdoutLine: {'line': b'-- Symlinking: /home/elijah/go2-convex-mpc/ros2_ws/install/unitree_go/include/unitree_go/unitree_go/msg/detail/bms_state__struct.hpp\n'}
[19.878557] (-) TimerEvent: {}
[19.879456] (unitree_go) StdoutLine: {'line': b'-- Symlinking: /home/elijah/go2-convex-mpc/ros2_ws/install/unitree_go/include/unitree_go/unitree_go/msg/detail/bms_state__traits.hpp\n'}
[19.887313] (unitree_go) StdoutLine: {'line': b'-- Symlinking: /home/elijah/go2-convex-mpc/ros2_ws/install/unitree_go/include/unitree_go/unitree_go/msg/detail/bms_state__type_support.hpp\n'}
[19.896019] (unitree_go) StdoutLine: {'line': b'-- Symlinking: /home/elijah/go2-convex-mpc/ros2_ws/install/unitree_go/include/unitree_go/unitree_go/msg/detail/error__builder.hpp\n'}
[19.905215] (unitree_go) StdoutLine: {'line': b'-- Symlinking: /home/elijah/go2-convex-mpc/ros2_ws/install/unitree_go/include/unitree_go/unitree_go/msg/detail/error__struct.hpp\n'}
[19.913064] (unitree_go) StdoutLine: {'line': b'-- Symlinking: /home/elijah/go2-convex-mpc/ros2_ws/install/unitree_go/include/unitree_go/unitree_go/msg/detail/error__traits.hpp\n'}
[19.920787] (unitree_go) StdoutLine: {'line': b'-- Symlinking: /home/elijah/go2-convex-mpc/ros2_ws/install/unitree_go/include/unitree_go/unitree_go/msg/detail/error__type_support.hpp\n'}
[19.928345] (unitree_go) StdoutLine: {'line': b'-- Symlinking: /home/elijah/go2-convex-mpc/ros2_ws/install/unitree_go/include/unitree_go/unitree_go/msg/detail/go2_front_video_data__builder.hpp\n'}
[19.935743] (unitree_go) StdoutLine: {'line': b'-- Symlinking: /home/elijah/go2-convex-mpc/ros2_ws/install/unitree_go/include/unitree_go/unitree_go/msg/detail/go2_front_video_data__struct.hpp\n'}
[19.943089] (unitree_go) StdoutLine: {'line': b'-- Symlinking: /home/elijah/go2-convex-mpc/ros2_ws/install/unitree_go/include/unitree_go/unitree_go/msg/detail/go2_front_video_data__traits.hpp\n'}
[19.950214] (unitree_go) StdoutLine: {'line': b'-- Symlinking: /home/elijah/go2-convex-mpc/ros2_ws/install/unitree_go/include/unitree_go/unitree_go/msg/detail/go2_front_video_data__type_support.hpp\n'}
[19.957420] (unitree_go) StdoutLine: {'line': b'-- Symlinking: /home/elijah/go2-convex-mpc/ros2_ws/install/unitree_go/include/unitree_go/unitree_go/msg/detail/height_map__builder.hpp\n'}
[19.964756] (unitree_go) StdoutLine: {'line': b'-- Symlinking: /home/elijah/go2-convex-mpc/ros2_ws/install/unitree_go/include/unitree_go/unitree_go/msg/detail/height_map__struct.hpp\n'}
[19.971963] (unitree_go) StdoutLine: {'line': b'-- Symlinking: /home/elijah/go2-convex-mpc/ros2_ws/install/unitree_go/include/unitree_go/unitree_go/msg/detail/height_map__traits.hpp\n'}
[19.978641] (-) TimerEvent: {}
[19.979688] (unitree_go) StdoutLine: {'line': b'-- Symlinking: /home/elijah/go2-convex-mpc/ros2_ws/install/unitree_go/include/unitree_go/unitree_go/msg/detail/height_map__type_support.hpp\n'}
[19.987861] (unitree_go) StdoutLine: {'line': b'-- Symlinking: /home/elijah/go2-convex-mpc/ros2_ws/install/unitree_go/include/unitree_go/unitree_go/msg/detail/imu_state__builder.hpp\n'}
[19.996637] (unitree_go) StdoutLine: {'line': b'-- Symlinking: /home/elijah/go2-convex-mpc/ros2_ws/install/unitree_go/include/unitree_go/unitree_go/msg/detail/imu_state__struct.hpp\n'}
[20.005775] (unitree_go) StdoutLine: {'line': b'-- Symlinking: /home/elijah/go2-convex-mpc/ros2_ws/install/unitree_go/include/unitree_go/unitree_go/msg/detail/imu_state__traits.hpp\n'}
[20.013772] (unitree_go) StdoutLine: {'line': b'-- Symlinking: /home/elijah/go2-convex-mpc/ros2_ws/install/unitree_go/include/unitree_go/unitree_go/msg/detail/imu_state__type_support.hpp\n'}
[20.021311] (unitree_go) StdoutLine: {'line': b'-- Symlinking: /home/elijah/go2-convex-mpc/ros2_ws/install/unitree_go/include/unitree_go/unitree_go/msg/detail/interface_config__builder.hpp\n'}
[20.028694] (unitree_go) StdoutLine: {'line': b'-- Symlinking: /home/elijah/go2-convex-mpc/ros2_ws/install/unitree_go/include/unitree_go/unitree_go/msg/detail/interface_config__struct.hpp\n'}
[20.036371] (unitree_go) StdoutLine: {'line': b'-- Symlinking: /home/elijah/go2-convex-mpc/ros2_ws/install/unitree_go/include/unitree_go/unitree_go/msg/detail/interface_config__traits.hpp\n'}
[20.044646] (unitree_go) StdoutLine: {'line': b'-- Symlinking: /home/elijah/go2-convex-mpc/ros2_ws/install/unitree_go/include/unitree_go/unitree_go/msg/detail/interface_config__type_support.hpp\n'}
[20.052841] (unitree_go) StdoutLine: {'line': b'-- Symlinking: /home/elijah/go2-convex-mpc/ros2_ws/install/unitree_go/include/unitree_go/unitree_go/msg/detail/lidar_state__builder.hpp\n'}
[20.060618] (unitree_go) StdoutLine: {'line': b'-- Symlinking: /home/elijah/go2-convex-mpc/ros2_ws/install/unitree_go/include/unitree_go/unitree_go/msg/detail/lidar_state__struct.hpp\n'}
[20.068062] (unitree_go) StdoutLine: {'line': b'-- Symlinking: /home/elijah/go2-convex-mpc/ros2_ws/install/unitree_go/include/unitree_go/unitree_go/msg/detail/lidar_state__traits.hpp\n'}
[20.076567] (unitree_go) StdoutLine: {'line': b'-- Symlinking: /home/elijah/go2-convex-mpc/ros2_ws/install/unitree_go/include/unitree_go/unitree_go/msg/detail/lidar_state__type_support.hpp\n'}
[20.078704] (-) TimerEvent: {}
[20.084716] (unitree_go) StdoutLine: {'line': b'-- Symlinking: /home/elijah/go2-convex-mpc/ros2_ws/install/unitree_go/include/unitree_go/unitree_go/msg/detail/low_cmd__builder.hpp\n'}
[20.094069] (unitree_go) StdoutLine: {'line': b'-- Symlinking: /home/elijah/go2-convex-mpc/ros2_ws/install/unitree_go/include/unitree_go/unitree_go/msg/detail/low_cmd__struct.hpp\n'}
[20.103088] (unitree_go) StdoutLine: {'line': b'-- Symlinking: /home/elijah/go2-convex-mpc/ros2_ws/install/unitree_go/include/unitree_go/unitree_go/msg/detail/low_cmd__traits.hpp\n'}
[20.111468] (unitree_go) StdoutLine: {'line': b'-- Symlinking: /home/elijah/go2-convex-mpc/ros2_ws/install/unitree_go/include/unitree_go/unitree_go/msg/detail/low_cmd__type_support.hpp\n'}
[20.118964] (unitree_go) StdoutLine: {'line': b'-- Symlinking: /home/elijah/go2-convex-mpc/ros2_ws/install/unitree_go/include/unitree_go/unitree_go/msg/detail/low_state__builder.hpp\n'}
[20.126292] (unitree_go) StdoutLine: {'line': b'-- Symlinking: /home/elijah/go2-convex-mpc/ros2_ws/install/unitree_go/include/unitree_go/unitree_go/msg/detail/low_state__struct.hpp\n'}
[20.133602] (unitree_go) StdoutLine: {'line': b'-- Symlinking: /home/elijah/go2-convex-mpc/ros2_ws/install/unitree_go/include/unitree_go/unitree_go/msg/detail/low_state__traits.hpp\n'}
[20.140508] (unitree_go) StdoutLine: {'line': b'-- Symlinking: /home/elijah/go2-convex-mpc/ros2_ws/install/unitree_go/include/unitree_go/unitree_go/msg/detail/low_state__type_support.hpp\n'}
[20.147409] (unitree_go) StdoutLine: {'line': b'-- Symlinking: /home/elijah/go2-convex-mpc/ros2_ws/install/unitree_go/include/unitree_go/unitree_go/msg/detail/motor_cmd__builder.hpp\n'}
[20.154674] (unitree_go) StdoutLine: {'line': b'-- Symlinking: /home/elijah/go2-convex-mpc/ros2_ws/install/unitree_go/include/unitree_go/unitree_go/msg/detail/motor_cmd__struct.hpp\n'}
[20.161719] (unitree_go) StdoutLine: {'line': b'-- Symlinking: /home/elijah/go2-convex-mpc/ros2_ws/install/unitree_go/include/unitree_go/unitree_go/msg/detail/motor_cmd__traits.hpp\n'}
[20.168723] (unitree_go) StdoutLine: {'line': b'-- Symlinking: /home/elijah/go2-convex-mpc/ros2_ws/install/unitree_go/include/unitree_go/unitree_go/msg/detail/motor_cmd__type_support.hpp\n'}
[20.175718] (unitree_go) StdoutLine: {'line': b'-- Symlinking: /home/elijah/go2-convex-mpc/ros2_ws/install/unitree_go/include/unitree_go/unitree_go/msg/detail/motor_cmds__builder.hpp\n'}
[20.178770] (-) TimerEvent: {}
[20.183326] (unitree_go) StdoutLine: {'line': b'-- Symlinking: /home/elijah/go2-convex-mpc/ros2_ws/install/unitree_go/include/unitree_go/unitree_go/msg/detail/motor_cmds__struct.hpp\n'}
[20.194978] (unitree_go) StdoutLine: {'line': b'-- Symlinking: /home/elijah/go2-convex-mpc/ros2_ws/install/unitree_go/include/unitree_go/unitree_go/msg/detail/motor_cmds__traits.hpp\n'}
[20.205844] (unitree_go) StdoutLine: {'line': b'-- Symlinking: /home/elijah/go2-convex-mpc/ros2_ws/install/unitree_go/include/unitree_go/unitree_go/msg/detail/motor_cmds__type_support.hpp\n'}
[20.216307] (unitree_go) StdoutLine: {'line': b'-- Symlinking: /home/elijah/go2-convex-mpc/ros2_ws/install/unitree_go/include/unitree_go/unitree_go/msg/detail/motor_state__builder.hpp\n'}
[20.226006] (unitree_go) StdoutLine: {'line': b'-- Symlinking: /home/elijah/go2-convex-mpc/ros2_ws/install/unitree_go/include/unitree_go/unitree_go/msg/detail/motor_state__struct.hpp\n'}
[20.235031] (unitree_go) StdoutLine: {'line': b'-- Symlinking: /home/elijah/go2-convex-mpc/ros2_ws/install/unitree_go/include/unitree_go/unitree_go/msg/detail/motor_state__traits.hpp\n'}
[20.246207] (unitree_go) StdoutLine: {'line': b'-- Symlinking: /home/elijah/go2-convex-mpc/ros2_ws/install/unitree_go/include/unitree_go/unitree_go/msg/detail/motor_state__type_support.hpp\n'}
[20.254071] (unitree_go) StdoutLine: {'line': b'-- Symlinking: /home/elijah/go2-convex-mpc/ros2_ws/install/unitree_go/include/unitree_go/unitree_go/msg/detail/motor_states__builder.hpp\n'}
[20.261716] (unitree_go) StdoutLine: {'line': b'-- Symlinking: /home/elijah/go2-convex-mpc/ros2_ws/install/unitree_go/include/unitree_go/unitree_go/msg/detail/motor_states__struct.hpp\n'}
[20.269278] (unitree_go) StdoutLine: {'line': b'-- Symlinking: /home/elijah/go2-convex-mpc/ros2_ws/install/unitree_go/include/unitree_go/unitree_go/msg/detail/motor_states__traits.hpp\n'}
[20.276378] (unitree_go) StdoutLine: {'line': b'-- Symlinking: /home/elijah/go2-convex-mpc/ros2_ws/install/unitree_go/include/unitree_go/unitree_go/msg/detail/motor_states__type_support.hpp\n'}
[20.278853] (-) TimerEvent: {}
[20.283640] (unitree_go) StdoutLine: {'line': b'-- Symlinking: /home/elijah/go2-convex-mpc/ros2_ws/install/unitree_go/include/unitree_go/unitree_go/msg/detail/path_point__builder.hpp\n'}
[20.292519] (unitree_go) StdoutLine: {'line': b'-- Symlinking: /home/elijah/go2-convex-mpc/ros2_ws/install/unitree_go/include/unitree_go/unitree_go/msg/detail/path_point__struct.hpp\n'}
[20.300970] (unitree_go) StdoutLine: {'line': b'-- Symlinking: /home/elijah/go2-convex-mpc/ros2_ws/install/unitree_go/include/unitree_go/unitree_go/msg/detail/path_point__traits.hpp\n'}
[20.309474] (unitree_go) StdoutLine: {'line': b'-- Symlinking: /home/elijah/go2-convex-mpc/ros2_ws/install/unitree_go/include/unitree_go/unitree_go/msg/detail/path_point__type_support.hpp\n'}
[20.316880] (unitree_go) StdoutLine: {'line': b'-- Symlinking: /home/elijah/go2-convex-mpc/ros2_ws/install/unitree_go/include/unitree_go/unitree_go/msg/detail/req__builder.hpp\n'}
[20.324192] (unitree_go) StdoutLine: {'line': b'-- Symlinking: /home/elijah/go2-convex-mpc/ros2_ws/install/unitree_go/include/unitree_go/unitree_go/msg/detail/req__struct.hpp\n'}
[20.331325] (unitree_go) StdoutLine: {'line': b'-- Symlinking: /home/elijah/go2-convex-mpc/ros2_ws/install/unitree_go/include/unitree_go/unitree_go/msg/detail/req__traits.hpp\n'}
[20.338495] (unitree_go) StdoutLine: {'line': b'-- Symlinking: /home/elijah/go2-convex-mpc/ros2_ws/install/unitree_go/include/unitree_go/unitree_go/msg/detail/req__type_support.hpp\n'}
[20.345474] (unitree_go) StdoutLine: {'line': b'-- Symlinking: /home/elijah/go2-convex-mpc/ros2_ws/install/unitree_go/include/unitree_go/unitree_go/msg/detail/res__builder.hpp\n'}
[20.352574] (unitree_go) StdoutLine: {'line': b'-- Symlinking: /home/elijah/go2-convex-mpc/ros2_ws/install/unitree_go/include/unitree_go/unitree_go/msg/detail/res__struct.hpp\n'}
[20.359646] (unitree_go) StdoutLine: {'line': b'-- Symlinking: /home/elijah/go2-convex-mpc/ros2_ws/install/unitree_go/include/unitree_go/unitree_go/msg/detail/res__traits.hpp\n'}
[20.366691] (unitree_go) StdoutLine: {'line': b'-- Symlinking: /home/elijah/go2-convex-mpc/ros2_ws/install/unitree_go/include/unitree_go/unitree_go/msg/detail/res__type_support.hpp\n'}
[20.373762] (unitree_go) StdoutLine: {'line': b'-- Symlinking: /home/elijah/go2-convex-mpc/ros2_ws/install/unitree_go/include/unitree_go/unitree_go/msg/detail/sport_mode_cmd__builder.hpp\n'}
[20.378935] (-) TimerEvent: {}
[20.380741] (unitree_go) StdoutLine: {'line': b'-- Symlinking: /home/elijah/go2-convex-mpc/ros2_ws/install/unitree_go/include/unitree_go/unitree_go/msg/detail/sport_mode_cmd__struct.hpp\n'}
[20.389431] (unitree_go) StdoutLine: {'line': b'-- Symlinking: /home/elijah/go2-convex-mpc/ros2_ws/install/unitree_go/include/unitree_go/unitree_go/msg/detail/sport_mode_cmd__traits.hpp\n'}
[20.397431] (unitree_go) StdoutLine: {'line': b'-- Symlinking: /home/elijah/go2-convex-mpc/ros2_ws/install/unitree_go/include/unitree_go/unitree_go/msg/detail/sport_mode_cmd__type_support.hpp\n'}
[20.406038] (unitree_go) StdoutLine: {'line': b'-- Symlinking: /home/elijah/go2-convex-mpc/ros2_ws/install/unitree_go/include/unitree_go/unitree_go/msg/detail/sport_mode_state__builder.hpp\n'}
[20.413757] (unitree_go) StdoutLine: {'line': b'-- Symlinking: /home/elijah/go2-convex-mpc/ros2_ws/install/unitree_go/include/unitree_go/unitree_go/msg/detail/sport_mode_state__struct.hpp\n'}
[20.421379] (unitree_go) StdoutLine: {'line': b'-- Symlinking: /home/elijah/go2-convex-mpc/ros2_ws/install/unitree_go/include/unitree_go/unitree_go/msg/detail/sport_mode_state__traits.hpp\n'}
[20.428361] (unitree_go) StdoutLine: {'line': b'-- Symlinking: /home/elijah/go2-convex-mpc/ros2_ws/install/unitree_go/include/unitree_go/unitree_go/msg/detail/sport_mode_state__type_support.hpp\n'}
[20.435640] (unitree_go) StdoutLine: {'line': b'-- Symlinking: /home/elijah/go2-convex-mpc/ros2_ws/install/unitree_go/include/unitree_go/unitree_go/msg/detail/time_spec__builder.hpp\n'}
[20.442766] (unitree_go) StdoutLine: {'line': b'-- Symlinking: /home/elijah/go2-convex-mpc/ros2_ws/install/unitree_go/include/unitree_go/unitree_go/msg/detail/time_spec__struct.hpp\n'}
[20.449834] (unitree_go) StdoutLine: {'line': b'-- Symlinking: /home/elijah/go2-convex-mpc/ros2_ws/install/unitree_go/include/unitree_go/unitree_go/msg/detail/time_spec__traits.hpp\n'}
[20.456708] (unitree_go) StdoutLine: {'line': b'-- Symlinking: /home/elijah/go2-convex-mpc/ros2_ws/install/unitree_go/include/unitree_go/unitree_go/msg/detail/time_spec__type_support.hpp\n'}
[20.463556] (unitree_go) StdoutLine: {'line': b'-- Symlinking: /home/elijah/go2-convex-mpc/ros2_ws/install/unitree_go/include/unitree_go/unitree_go/msg/detail/uwb_state__builder.hpp\n'}
[20.470997] (unitree_go) StdoutLine: {'line': b'-- Symlinking: /home/elijah/go2-convex-mpc/ros2_ws/install/unitree_go/include/unitree_go/unitree_go/msg/detail/uwb_state__struct.hpp\n'}
[20.478279] (unitree_go) StdoutLine: {'line': b'-- Symlinking: /home/elijah/go2-convex-mpc/ros2_ws/install/unitree_go/include/unitree_go/unitree_go/msg/detail/uwb_state__traits.hpp\n'}
[20.479015] (-) TimerEvent: {}
[20.485779] (unitree_go) StdoutLine: {'line': b'-- Symlinking: /home/elijah/go2-convex-mpc/ros2_ws/install/unitree_go/include/unitree_go/unitree_go/msg/detail/uwb_state__type_support.hpp\n'}
[20.494774] (unitree_go) StdoutLine: {'line': b'-- Symlinking: /home/elijah/go2-convex-mpc/ros2_ws/install/unitree_go/include/unitree_go/unitree_go/msg/detail/uwb_switch__builder.hpp\n'}
[20.503193] (unitree_go) StdoutLine: {'line': b'-- Symlinking: /home/elijah/go2-convex-mpc/ros2_ws/install/unitree_go/include/unitree_go/unitree_go/msg/detail/uwb_switch__struct.hpp\n'}
[20.510958] (unitree_go) StdoutLine: {'line': b'-- Symlinking: /home/elijah/go2-convex-mpc/ros2_ws/install/unitree_go/include/unitree_go/unitree_go/msg/detail/uwb_switch__traits.hpp\n'}
[20.518854] (unitree_go) StdoutLine: {'line': b'-- Symlinking: /home/elijah/go2-convex-mpc/ros2_ws/install/unitree_go/include/unitree_go/unitree_go/msg/detail/uwb_switch__type_support.hpp\n'}
[20.526020] (unitree_go) StdoutLine: {'line': b'-- Symlinking: /home/elijah/go2-convex-mpc/ros2_ws/install/unitree_go/include/unitree_go/unitree_go/msg/detail/wireless_controller__builder.hpp\n'}
[20.533718] (unitree_go) StdoutLine: {'line': b'-- Symlinking: /home/elijah/go2-convex-mpc/ros2_ws/install/unitree_go/include/unitree_go/unitree_go/msg/detail/wireless_controller__struct.hpp\n'}
[20.541327] (unitree_go) StdoutLine: {'line': b'-- Symlinking: /home/elijah/go2-convex-mpc/ros2_ws/install/unitree_go/include/unitree_go/unitree_go/msg/detail/wireless_controller__traits.hpp\n'}
[20.548876] (unitree_go) StdoutLine: {'line': b'-- Symlinking: /home/elijah/go2-convex-mpc/ros2_ws/install/unitree_go/include/unitree_go/unitree_go/msg/detail/wireless_controller__type_support.hpp\n'}
[20.556111] (unitree_go) StdoutLine: {'line': b'-- Symlinking: /home/elijah/go2-convex-mpc/ros2_ws/install/unitree_go/include/unitree_go/unitree_go/msg/error.hpp\n'}
[20.563755] (unitree_go) StdoutLine: {'line': b'-- Symlinking: /home/elijah/go2-convex-mpc/ros2_ws/install/unitree_go/include/unitree_go/unitree_go/msg/go2_front_video_data.hpp\n'}
[20.570742] (unitree_go) StdoutLine: {'line': b'-- Symlinking: /home/elijah/go2-convex-mpc/ros2_ws/install/unitree_go/include/unitree_go/unitree_go/msg/height_map.hpp\n'}
[20.578523] (unitree_go) StdoutLine: {'line': b'-- Symlinking: /home/elijah/go2-convex-mpc/ros2_ws/install/unitree_go/include/unitree_go/unitree_go/msg/imu_state.hpp\n'}
[20.579079] (-) TimerEvent: {}
[20.586681] (unitree_go) StdoutLine: {'line': b'-- Symlinking: /home/elijah/go2-convex-mpc/ros2_ws/install/unitree_go/include/unitree_go/unitree_go/msg/interface_config.hpp\n'}
[20.595520] (unitree_go) StdoutLine: {'line': b'-- Symlinking: /home/elijah/go2-convex-mpc/ros2_ws/install/unitree_go/include/unitree_go/unitree_go/msg/lidar_state.hpp\n'}
[20.604848] (unitree_go) StdoutLine: {'line': b'-- Symlinking: /home/elijah/go2-convex-mpc/ros2_ws/install/unitree_go/include/unitree_go/unitree_go/msg/low_cmd.hpp\n'}
[20.613210] (unitree_go) StdoutLine: {'line': b'-- Symlinking: /home/elijah/go2-convex-mpc/ros2_ws/install/unitree_go/include/unitree_go/unitree_go/msg/low_state.hpp\n'}
[20.620664] (unitree_go) StdoutLine: {'line': b'-- Symlinking: /home/elijah/go2-convex-mpc/ros2_ws/install/unitree_go/include/unitree_go/unitree_go/msg/motor_cmd.hpp\n'}
[20.627833] (unitree_go) StdoutLine: {'line': b'-- Symlinking: /home/elijah/go2-convex-mpc/ros2_ws/install/unitree_go/include/unitree_go/unitree_go/msg/motor_cmds.hpp\n'}
[20.634993] (unitree_go) StdoutLine: {'line': b'-- Symlinking: /home/elijah/go2-convex-mpc/ros2_ws/install/unitree_go/include/unitree_go/unitree_go/msg/motor_state.hpp\n'}
[20.642291] (unitree_go) StdoutLine: {'line': b'-- Symlinking: /home/elijah/go2-convex-mpc/ros2_ws/install/unitree_go/include/unitree_go/unitree_go/msg/motor_states.hpp\n'}
[20.650077] (unitree_go) StdoutLine: {'line': b'-- Symlinking: /home/elijah/go2-convex-mpc/ros2_ws/install/unitree_go/include/unitree_go/unitree_go/msg/path_point.hpp\n'}
[20.657627] (unitree_go) StdoutLine: {'line': b'-- Symlinking: /home/elijah/go2-convex-mpc/ros2_ws/install/unitree_go/include/unitree_go/unitree_go/msg/req.hpp\n'}
[20.664795] (unitree_go) StdoutLine: {'line': b'-- Symlinking: /home/elijah/go2-convex-mpc/ros2_ws/install/unitree_go/include/unitree_go/unitree_go/msg/res.hpp\n'}
[20.671896] (unitree_go) StdoutLine: {'line': b'-- Symlinking: /home/elijah/go2-convex-mpc/ros2_ws/install/unitree_go/include/unitree_go/unitree_go/msg/rosidl_generator_cpp__visibility_control.hpp\n'}
[20.679152] (-) TimerEvent: {}
[20.679284] (unitree_go) StdoutLine: {'line': b'-- Symlinking: /home/elijah/go2-convex-mpc/ros2_ws/install/unitree_go/include/unitree_go/unitree_go/msg/sport_mode_cmd.hpp\n'}
[20.688253] (unitree_go) StdoutLine: {'line': b'-- Symlinking: /home/elijah/go2-convex-mpc/ros2_ws/install/unitree_go/include/unitree_go/unitree_go/msg/sport_mode_state.hpp\n'}
[20.696919] (unitree_go) StdoutLine: {'line': b'-- Symlinking: /home/elijah/go2-convex-mpc/ros2_ws/install/unitree_go/include/unitree_go/unitree_go/msg/time_spec.hpp\n'}
[20.705937] (unitree_go) StdoutLine: {'line': b'-- Symlinking: /home/elijah/go2-convex-mpc/ros2_ws/install/unitree_go/include/unitree_go/unitree_go/msg/uwb_state.hpp\n'}
[20.713753] (unitree_go) StdoutLine: {'line': b'-- Symlinking: /home/elijah/go2-convex-mpc/ros2_ws/install/unitree_go/include/unitree_go/unitree_go/msg/uwb_switch.hpp\n'}
[20.721593] (unitree_go) StdoutLine: {'line': b'-- Symlinking: /home/elijah/go2-convex-mpc/ros2_ws/install/unitree_go/include/unitree_go/unitree_go/msg/wireless_controller.hpp\n'}
[20.730219] (unitree_go) StdoutLine: {'line': b'-- Symlinking: /home/elijah/go2-convex-mpc/ros2_ws/install/unitree_go/include/unitree_go/unitree_go/msg/detail/audio_data__rosidl_typesupport_fastrtps_cpp.hpp\n'}
[20.737866] (unitree_go) StdoutLine: {'line': b'-- Symlinking: /home/elijah/go2-convex-mpc/ros2_ws/install/unitree_go/include/unitree_go/unitree_go/msg/detail/bms_cmd__rosidl_typesupport_fastrtps_cpp.hpp\n'}
[20.745375] (unitree_go) StdoutLine: {'line': b'-- Symlinking: /home/elijah/go2-convex-mpc/ros2_ws/install/unitree_go/include/unitree_go/unitree_go/msg/detail/bms_state__rosidl_typesupport_fastrtps_cpp.hpp\n'}
[20.753082] (unitree_go) StdoutLine: {'line': b'-- Symlinking: /home/elijah/go2-convex-mpc/ros2_ws/install/unitree_go/include/unitree_go/unitree_go/msg/detail/error__rosidl_typesupport_fastrtps_cpp.hpp\n'}
[20.760802] (unitree_go) StdoutLine: {'line': b'-- Symlinking: /home/elijah/go2-convex-mpc/ros2_ws/install/unitree_go/include/unitree_go/unitree_go/msg/detail/go2_front_video_data__rosidl_typesupport_fastrtps_cpp.hpp\n'}
[20.768303] (unitree_go) StdoutLine: {'line': b'-- Symlinking: /home/elijah/go2-convex-mpc/ros2_ws/install/unitree_go/include/unitree_go/unitree_go/msg/detail/height_map__rosidl_typesupport_fastrtps_cpp.hpp\n'}
[20.775723] (unitree_go) StdoutLine: {'line': b'-- Symlinking: /home/elijah/go2-convex-mpc/ros2_ws/install/unitree_go/include/unitree_go/unitree_go/msg/detail/imu_state__rosidl_typesupport_fastrtps_cpp.hpp\n'}
[20.779238] (-) TimerEvent: {}
[20.783115] (unitree_go) StdoutLine: {'line': b'-- Symlinking: /home/elijah/go2-convex-mpc/ros2_ws/install/unitree_go/include/unitree_go/unitree_go/msg/detail/interface_config__rosidl_typesupport_fastrtps_cpp.hpp\n'}
[20.792667] (unitree_go) StdoutLine: {'line': b'-- Symlinking: /home/elijah/go2-convex-mpc/ros2_ws/install/unitree_go/include/unitree_go/unitree_go/msg/detail/lidar_state__rosidl_typesupport_fastrtps_cpp.hpp\n'}
[20.801613] (unitree_go) StdoutLine: {'line': b'-- Symlinking: /home/elijah/go2-convex-mpc/ros2_ws/install/unitree_go/include/unitree_go/unitree_go/msg/detail/low_cmd__rosidl_typesupport_fastrtps_cpp.hpp\n'}
[20.810132] (unitree_go) StdoutLine: {'line': b'-- Symlinking: /home/elijah/go2-convex-mpc/ros2_ws/install/unitree_go/include/unitree_go/unitree_go/msg/detail/low_state__rosidl_typesupport_fastrtps_cpp.hpp\n'}
[20.817863] (unitree_go) StdoutLine: {'line': b'-- Symlinking: /home/elijah/go2-convex-mpc/ros2_ws/install/unitree_go/include/unitree_go/unitree_go/msg/detail/motor_cmd__rosidl_typesupport_fastrtps_cpp.hpp\n'}
[20.825430] (unitree_go) StdoutLine: {'line': b'-- Symlinking: /home/elijah/go2-convex-mpc/ros2_ws/install/unitree_go/include/unitree_go/unitree_go/msg/detail/motor_cmds__rosidl_typesupport_fastrtps_cpp.hpp\n'}
[20.833109] (unitree_go) StdoutLine: {'line': b'-- Symlinking: /home/elijah/go2-convex-mpc/ros2_ws/install/unitree_go/include/unitree_go/unitree_go/msg/detail/motor_state__rosidl_typesupport_fastrtps_cpp.hpp\n'}
[20.840843] (unitree_go) StdoutLine: {'line': b'-- Symlinking: /home/elijah/go2-convex-mpc/ros2_ws/install/unitree_go/include/unitree_go/unitree_go/msg/detail/motor_states__rosidl_typesupport_fastrtps_cpp.hpp\n'}
[20.848343] (unitree_go) StdoutLine: {'line': b'-- Symlinking: /home/elijah/go2-convex-mpc/ros2_ws/install/unitree_go/include/unitree_go/unitree_go/msg/detail/path_point__rosidl_typesupport_fastrtps_cpp.hpp\n'}
[20.855735] (unitree_go) StdoutLine: {'line': b'-- Symlinking: /home/elijah/go2-convex-mpc/ros2_ws/install/unitree_go/include/unitree_go/unitree_go/msg/detail/req__rosidl_typesupport_fastrtps_cpp.hpp\n'}
[20.862820] (unitree_go) StdoutLine: {'line': b'-- Symlinking: /home/elijah/go2-convex-mpc/ros2_ws/install/unitree_go/include/unitree_go/unitree_go/msg/detail/res__rosidl_typesupport_fastrtps_cpp.hpp\n'}
[20.870088] (unitree_go) StdoutLine: {'line': b'-- Symlinking: /home/elijah/go2-convex-mpc/ros2_ws/install/unitree_go/include/unitree_go/unitree_go/msg/detail/sport_mode_cmd__rosidl_typesupport_fastrtps_cpp.hpp\n'}
[20.877367] (unitree_go) StdoutLine: {'line': b'-- Symlinking: /home/elijah/go2-convex-mpc/ros2_ws/install/unitree_go/include/unitree_go/unitree_go/msg/detail/sport_mode_state__rosidl_typesupport_fastrtps_cpp.hpp\n'}
[20.879319] (-) TimerEvent: {}
[20.885180] (unitree_go) StdoutLine: {'line': b'-- Symlinking: /home/elijah/go2-convex-mpc/ros2_ws/install/unitree_go/include/unitree_go/unitree_go/msg/detail/time_spec__rosidl_typesupport_fastrtps_cpp.hpp\n'}
[20.893760] (unitree_go) StdoutLine: {'line': b'-- Symlinking: /home/elijah/go2-convex-mpc/ros2_ws/install/unitree_go/include/unitree_go/unitree_go/msg/detail/uwb_state__rosidl_typesupport_fastrtps_cpp.hpp\n'}
[20.901975] (unitree_go) StdoutLine: {'line': b'-- Symlinking: /home/elijah/go2-convex-mpc/ros2_ws/install/unitree_go/include/unitree_go/unitree_go/msg/detail/uwb_switch__rosidl_typesupport_fastrtps_cpp.hpp\n'}
[20.910636] (unitree_go) StdoutLine: {'line': b'-- Symlinking: /home/elijah/go2-convex-mpc/ros2_ws/install/unitree_go/include/unitree_go/unitree_go/msg/detail/wireless_controller__rosidl_typesupport_fastrtps_cpp.hpp\n'}
[20.918247] (unitree_go) StdoutLine: {'line': b'-- Symlinking: /home/elijah/go2-convex-mpc/ros2_ws/install/unitree_go/include/unitree_go/unitree_go/msg/rosidl_typesupport_fastrtps_cpp__visibility_control.h\n'}
[20.926359] (unitree_go) StdoutLine: {'line': b'-- Symlinking: /home/elijah/go2-convex-mpc/ros2_ws/install/unitree_go/include/unitree_go/unitree_go/msg/detail/audio_data__rosidl_typesupport_introspection_c.h\n'}
[20.933618] (unitree_go) StdoutLine: {'line': b'-- Symlinking: /home/elijah/go2-convex-mpc/ros2_ws/install/unitree_go/include/unitree_go/unitree_go/msg/detail/bms_cmd__rosidl_typesupport_introspection_c.h\n'}
[20.941007] (unitree_go) StdoutLine: {'line': b'-- Symlinking: /home/elijah/go2-convex-mpc/ros2_ws/install/unitree_go/include/unitree_go/unitree_go/msg/detail/bms_state__rosidl_typesupport_introspection_c.h\n'}
[20.948295] (unitree_go) StdoutLine: {'line': b'-- Symlinking: /home/elijah/go2-convex-mpc/ros2_ws/install/unitree_go/include/unitree_go/unitree_go/msg/detail/error__rosidl_typesupport_introspection_c.h\n'}
[20.955136] (unitree_go) StdoutLine: {'line': b'-- Symlinking: /home/elijah/go2-convex-mpc/ros2_ws/install/unitree_go/include/unitree_go/unitree_go/msg/detail/go2_front_video_data__rosidl_typesupport_introspection_c.h\n'}
[20.962327] (unitree_go) StdoutLine: {'line': b'-- Symlinking: /home/elijah/go2-convex-mpc/ros2_ws/install/unitree_go/include/unitree_go/unitree_go/msg/detail/height_map__rosidl_typesupport_introspection_c.h\n'}
[20.970017] (unitree_go) StdoutLine: {'line': b'-- Symlinking: /home/elijah/go2-convex-mpc/ros2_ws/install/unitree_go/include/unitree_go/unitree_go/msg/detail/imu_state__rosidl_typesupport_introspection_c.h\n'}
[20.977098] (unitree_go) StdoutLine: {'line': b'-- Symlinking: /home/elijah/go2-convex-mpc/ros2_ws/install/unitree_go/include/unitree_go/unitree_go/msg/detail/interface_config__rosidl_typesupport_introspection_c.h\n'}
[20.979401] (-) TimerEvent: {}
[20.984157] (unitree_go) StdoutLine: {'line': b'-- Symlinking: /home/elijah/go2-convex-mpc/ros2_ws/install/unitree_go/include/unitree_go/unitree_go/msg/detail/lidar_state__rosidl_typesupport_introspection_c.h\n'}
[20.992771] (unitree_go) StdoutLine: {'line': b'-- Symlinking: /home/elijah/go2-convex-mpc/ros2_ws/install/unitree_go/include/unitree_go/unitree_go/msg/detail/low_cmd__rosidl_typesupport_introspection_c.h\n'}
[21.000466] (unitree_go) StdoutLine: {'line': b'-- Symlinking: /home/elijah/go2-convex-mpc/ros2_ws/install/unitree_go/include/unitree_go/unitree_go/msg/detail/low_state__rosidl_typesupport_introspection_c.h\n'}
[21.009744] (unitree_go) StdoutLine: {'line': b'-- Symlinking: /home/elijah/go2-convex-mpc/ros2_ws/install/unitree_go/include/unitree_go/unitree_go/msg/detail/motor_cmd__rosidl_typesupport_introspection_c.h\n'}
[21.017898] (unitree_go) StdoutLine: {'line': b'-- Symlinking: /home/elijah/go2-convex-mpc/ros2_ws/install/unitree_go/include/unitree_go/unitree_go/msg/detail/motor_cmds__rosidl_typesupport_introspection_c.h\n'}
[21.025377] (unitree_go) StdoutLine: {'line': b'-- Symlinking: /home/elijah/go2-convex-mpc/ros2_ws/install/unitree_go/include/unitree_go/unitree_go/msg/detail/motor_state__rosidl_typesupport_introspection_c.h\n'}
[21.033115] (unitree_go) StdoutLine: {'line': b'-- Symlinking: /home/elijah/go2-convex-mpc/ros2_ws/install/unitree_go/include/unitree_go/unitree_go/msg/detail/motor_states__rosidl_typesupport_introspection_c.h\n'}
[21.040846] (unitree_go) StdoutLine: {'line': b'-- Symlinking: /home/elijah/go2-convex-mpc/ros2_ws/install/unitree_go/include/unitree_go/unitree_go/msg/detail/path_point__rosidl_typesupport_introspection_c.h\n'}
[21.047857] (unitree_go) StdoutLine: {'line': b'-- Symlinking: /home/elijah/go2-convex-mpc/ros2_ws/install/unitree_go/include/unitree_go/unitree_go/msg/detail/req__rosidl_typesupport_introspection_c.h\n'}
[21.054588] (unitree_go) StdoutLine: {'line': b'-- Symlinking: /home/elijah/go2-convex-mpc/ros2_ws/install/unitree_go/include/unitree_go/unitree_go/msg/detail/res__rosidl_typesupport_introspection_c.h\n'}
[21.061311] (unitree_go) StdoutLine: {'line': b'-- Symlinking: /home/elijah/go2-convex-mpc/ros2_ws/install/unitree_go/include/unitree_go/unitree_go/msg/detail/sport_mode_cmd__rosidl_typesupport_introspection_c.h\n'}
[21.068361] (unitree_go) StdoutLine: {'line': b'-- Symlinking: /home/elijah/go2-convex-mpc/ros2_ws/install/unitree_go/include/unitree_go/unitree_go/msg/detail/sport_mode_state__rosidl_typesupport_introspection_c.h\n'}
[21.075831] (unitree_go) StdoutLine: {'line': b'-- Symlinking: /home/elijah/go2-convex-mpc/ros2_ws/install/unitree_go/include/unitree_go/unitree_go/msg/detail/time_spec__rosidl_typesupport_introspection_c.h\n'}
[21.079485] (-) TimerEvent: {}
[21.083340] (unitree_go) StdoutLine: {'line': b'-- Symlinking: /home/elijah/go2-convex-mpc/ros2_ws/install/unitree_go/include/unitree_go/unitree_go/msg/detail/uwb_state__rosidl_typesupport_introspection_c.h\n'}
[21.092450] (unitree_go) StdoutLine: {'line': b'-- Symlinking: /home/elijah/go2-convex-mpc/ros2_ws/install/unitree_go/include/unitree_go/unitree_go/msg/detail/uwb_switch__rosidl_typesupport_introspection_c.h\n'}
[21.100273] (unitree_go) StdoutLine: {'line': b'-- Symlinking: /home/elijah/go2-convex-mpc/ros2_ws/install/unitree_go/include/unitree_go/unitree_go/msg/detail/wireless_controller__rosidl_typesupport_introspection_c.h\n'}
[21.116430] (unitree_go) StdoutLine: {'line': b'-- Symlinking: /home/elijah/go2-convex-mpc/ros2_ws/install/unitree_go/include/unitree_go/unitree_go/msg/rosidl_typesupport_introspection_c__visibility_control.h\n'}
[21.124944] (unitree_go) StdoutLine: {'line': b'-- Symlinking: /home/elijah/go2-convex-mpc/ros2_ws/install/unitree_go/include/unitree_go/unitree_go/msg/detail/audio_data__rosidl_typesupport_introspection_cpp.hpp\n'}
[21.132070] (unitree_go) StdoutLine: {'line': b'-- Symlinking: /home/elijah/go2-convex-mpc/ros2_ws/install/unitree_go/include/unitree_go/unitree_go/msg/detail/bms_cmd__rosidl_typesupport_introspection_cpp.hpp\n'}
[21.139541] (unitree_go) StdoutLine: {'line': b'-- Symlinking: /home/elijah/go2-convex-mpc/ros2_ws/install/unitree_go/include/unitree_go/unitree_go/msg/detail/bms_state__rosidl_typesupport_introspection_cpp.hpp\n'}
[21.146733] (unitree_go) StdoutLine: {'line': b'-- Symlinking: /home/elijah/go2-convex-mpc/ros2_ws/install/unitree_go/include/unitree_go/unitree_go/msg/detail/error__rosidl_typesupport_introspection_cpp.hpp\n'}
[21.154292] (unitree_go) StdoutLine: {'line': b'-- Symlinking: /home/elijah/go2-convex-mpc/ros2_ws/install/unitree_go/include/unitree_go/unitree_go/msg/detail/go2_front_video_data__rosidl_typesupport_introspection_cpp.hpp\n'}
[21.161759] (unitree_go) StdoutLine: {'line': b'-- Symlinking: /home/elijah/go2-convex-mpc/ros2_ws/install/unitree_go/include/unitree_go/unitree_go/msg/detail/height_map__rosidl_typesupport_introspection_cpp.hpp\n'}
[21.169382] (unitree_go) StdoutLine: {'line': b'-- Symlinking: /home/elijah/go2-convex-mpc/ros2_ws/install/unitree_go/include/unitree_go/unitree_go/msg/detail/imu_state__rosidl_typesupport_introspection_cpp.hpp\n'}
[21.177021] (unitree_go) StdoutLine: {'line': b'-- Symlinking: /home/elijah/go2-convex-mpc/ros2_ws/install/unitree_go/include/unitree_go/unitree_go/msg/detail/interface_config__rosidl_typesupport_introspection_cpp.hpp\n'}
[21.179547] (-) TimerEvent: {}
[21.184320] (unitree_go) StdoutLine: {'line': b'-- Symlinking: /home/elijah/go2-convex-mpc/ros2_ws/install/unitree_go/include/unitree_go/unitree_go/msg/detail/lidar_state__rosidl_typesupport_introspection_cpp.hpp\n'}
[21.193367] (unitree_go) StdoutLine: {'line': b'-- Symlinking: /home/elijah/go2-convex-mpc/ros2_ws/install/unitree_go/include/unitree_go/unitree_go/msg/detail/low_cmd__rosidl_typesupport_introspection_cpp.hpp\n'}
[21.201437] (unitree_go) StdoutLine: {'line': b'-- Symlinking: /home/elijah/go2-convex-mpc/ros2_ws/install/unitree_go/include/unitree_go/unitree_go/msg/detail/low_state__rosidl_typesupport_introspection_cpp.hpp\n'}
[21.210167] (unitree_go) StdoutLine: {'line': b'-- Symlinking: /home/elijah/go2-convex-mpc/ros2_ws/install/unitree_go/include/unitree_go/unitree_go/msg/detail/motor_cmd__rosidl_typesupport_introspection_cpp.hpp\n'}
[21.219549] (unitree_go) StdoutLine: {'line': b'-- Symlinking: /home/elijah/go2-convex-mpc/ros2_ws/install/unitree_go/include/unitree_go/unitree_go/msg/detail/motor_cmds__rosidl_typesupport_introspection_cpp.hpp\n'}
[21.227540] (unitree_go) StdoutLine: {'line': b'-- Symlinking: /home/elijah/go2-convex-mpc/ros2_ws/install/unitree_go/include/unitree_go/unitree_go/msg/detail/motor_state__rosidl_typesupport_introspection_cpp.hpp\n'}
[21.235310] (unitree_go) StdoutLine: {'line': b'-- Symlinking: /home/elijah/go2-convex-mpc/ros2_ws/install/unitree_go/include/unitree_go/unitree_go/msg/detail/motor_states__rosidl_typesupport_introspection_cpp.hpp\n'}
[21.242931] (unitree_go) StdoutLine: {'line': b'-- Symlinking: /home/elijah/go2-convex-mpc/ros2_ws/install/unitree_go/include/unitree_go/unitree_go/msg/detail/path_point__rosidl_typesupport_introspection_cpp.hpp\n'}
[21.250532] (unitree_go) StdoutLine: {'line': b'-- Symlinking: /home/elijah/go2-convex-mpc/ros2_ws/install/unitree_go/include/unitree_go/unitree_go/msg/detail/req__rosidl_typesupport_introspection_cpp.hpp\n'}
[21.257454] (unitree_go) StdoutLine: {'line': b'-- Symlinking: /home/elijah/go2-convex-mpc/ros2_ws/install/unitree_go/include/unitree_go/unitree_go/msg/detail/res__rosidl_typesupport_introspection_cpp.hpp\n'}
[21.265056] (unitree_go) StdoutLine: {'line': b'-- Symlinking: /home/elijah/go2-convex-mpc/ros2_ws/install/unitree_go/include/unitree_go/unitree_go/msg/detail/sport_mode_cmd__rosidl_typesupport_introspection_cpp.hpp\n'}
[21.271740] (unitree_go) StdoutLine: {'line': b'-- Symlinking: /home/elijah/go2-convex-mpc/ros2_ws/install/unitree_go/include/unitree_go/unitree_go/msg/detail/sport_mode_state__rosidl_typesupport_introspection_cpp.hpp\n'}
[21.278826] (unitree_go) StdoutLine: {'line': b'-- Symlinking: /home/elijah/go2-convex-mpc/ros2_ws/install/unitree_go/include/unitree_go/unitree_go/msg/detail/time_spec__rosidl_typesupport_introspection_cpp.hpp\n'}
[21.279597] (-) TimerEvent: {}
[21.286108] (unitree_go) StdoutLine: {'line': b'-- Symlinking: /home/elijah/go2-convex-mpc/ros2_ws/install/unitree_go/include/unitree_go/unitree_go/msg/detail/uwb_state__rosidl_typesupport_introspection_cpp.hpp\n'}
[21.294718] (unitree_go) StdoutLine: {'line': b'-- Symlinking: /home/elijah/go2-convex-mpc/ros2_ws/install/unitree_go/include/unitree_go/unitree_go/msg/detail/uwb_switch__rosidl_typesupport_introspection_cpp.hpp\n'}
[21.303516] (unitree_go) StdoutLine: {'line': b'-- Symlinking: /home/elijah/go2-convex-mpc/ros2_ws/install/unitree_go/include/unitree_go/unitree_go/msg/detail/wireless_controller__rosidl_typesupport_introspection_cpp.hpp\n'}
[21.311192] (unitree_go) StdoutLine: {'line': b'-- Symlinking: /home/elijah/go2-convex-mpc/ros2_ws/install/unitree_go/share/unitree_go/environment/pythonpath.sh\n'}
[21.318527] (unitree_go) StdoutLine: {'line': b'-- Symlinking: /home/elijah/go2-convex-mpc/ros2_ws/install/unitree_go/share/unitree_go/environment/pythonpath.dsv\n'}
[21.326629] (unitree_go) StdoutLine: {'line': b'-- Symlinking: /home/elijah/go2-convex-mpc/ros2_ws/install/unitree_go/local/lib/python3.10/dist-packages/unitree_go-0.0.0-py3.10.egg-info/PKG-INFO\n'}
[21.333969] (unitree_go) StdoutLine: {'line': b'-- Symlinking: /home/elijah/go2-convex-mpc/ros2_ws/install/unitree_go/local/lib/python3.10/dist-packages/unitree_go-0.0.0-py3.10.egg-info/SOURCES.txt\n'}
[21.341756] (unitree_go) StdoutLine: {'line': b'-- Symlinking: /home/elijah/go2-convex-mpc/ros2_ws/install/unitree_go/local/lib/python3.10/dist-packages/unitree_go-0.0.0-py3.10.egg-info/dependency_links.txt\n'}
[21.349138] (unitree_go) StdoutLine: {'line': b'-- Symlinking: /home/elijah/go2-convex-mpc/ros2_ws/install/unitree_go/local/lib/python3.10/dist-packages/unitree_go-0.0.0-py3.10.egg-info/top_level.txt\n'}
[21.357597] (unitree_go) StdoutLine: {'line': b'-- Symlinking: /home/elijah/go2-convex-mpc/ros2_ws/install/unitree_go/local/lib/python3.10/dist-packages/unitree_go/__init__.py\n'}
[21.364879] (unitree_go) StdoutLine: {'line': b'-- Symlinking: /home/elijah/go2-convex-mpc/ros2_ws/install/unitree_go/local/lib/python3.10/dist-packages/unitree_go/_unitree_go_s.ep.rosidl_typesupport_c.c\n'}
[21.372220] (unitree_go) StdoutLine: {'line': b'-- Symlinking: /home/elijah/go2-convex-mpc/ros2_ws/install/unitree_go/local/lib/python3.10/dist-packages/unitree_go/_unitree_go_s.ep.rosidl_typesupport_fastrtps_c.c\n'}
[21.379535] (unitree_go) StdoutLine: {'line': b'-- Symlinking: /home/elijah/go2-convex-mpc/ros2_ws/install/unitree_go/local/lib/python3.10/dist-packages/unitree_go/_unitree_go_s.ep.rosidl_typesupport_introspection_c.c\n'}
[21.379634] (-) TimerEvent: {}
[21.386744] (unitree_go) StdoutLine: {'line': b'-- Symlinking: /home/elijah/go2-convex-mpc/ros2_ws/install/unitree_go/local/lib/python3.10/dist-packages/unitree_go/libunitree_go__rosidl_generator_py.so\n'}
[21.395280] (unitree_go) StdoutLine: {'line': b'-- Symlinking: /home/elijah/go2-convex-mpc/ros2_ws/install/unitree_go/local/lib/python3.10/dist-packages/unitree_go/msg/__init__.py\n'}
[21.403900] (unitree_go) StdoutLine: {'line': b'-- Symlinking: /home/elijah/go2-convex-mpc/ros2_ws/install/unitree_go/local/lib/python3.10/dist-packages/unitree_go/msg/_audio_data.py\n'}
[21.412120] (unitree_go) StdoutLine: {'line': b'-- Symlinking: /home/elijah/go2-convex-mpc/ros2_ws/install/unitree_go/local/lib/python3.10/dist-packages/unitree_go/msg/_audio_data_s.c\n'}
[21.419867] (unitree_go) StdoutLine: {'line': b'-- Symlinking: /home/elijah/go2-convex-mpc/ros2_ws/install/unitree_go/local/lib/python3.10/dist-packages/unitree_go/msg/_bms_cmd.py\n'}
[21.427277] (unitree_go) StdoutLine: {'line': b'-- Symlinking: /home/elijah/go2-convex-mpc/ros2_ws/install/unitree_go/local/lib/python3.10/dist-packages/unitree_go/msg/_bms_cmd_s.c\n'}
[21.434644] (unitree_go) StdoutLine: {'line': b'-- Symlinking: /home/elijah/go2-convex-mpc/ros2_ws/install/unitree_go/local/lib/python3.10/dist-packages/unitree_go/msg/_bms_state.py\n'}
[21.441865] (unitree_go) StdoutLine: {'line': b'-- Symlinking: /home/elijah/go2-convex-mpc/ros2_ws/install/unitree_go/local/lib/python3.10/dist-packages/unitree_go/msg/_bms_state_s.c\n'}
[21.449110] (unitree_go) StdoutLine: {'line': b'-- Symlinking: /home/elijah/go2-convex-mpc/ros2_ws/install/unitree_go/local/lib/python3.10/dist-packages/unitree_go/msg/_error.py\n'}
[21.456177] (unitree_go) StdoutLine: {'line': b'-- Symlinking: /home/elijah/go2-convex-mpc/ros2_ws/install/unitree_go/local/lib/python3.10/dist-packages/unitree_go/msg/_error_s.c\n'}
[21.463409] (unitree_go) StdoutLine: {'line': b'-- Symlinking: /home/elijah/go2-convex-mpc/ros2_ws/install/unitree_go/local/lib/python3.10/dist-packages/unitree_go/msg/_go2_front_video_data.py\n'}
[21.470636] (unitree_go) StdoutLine: {'line': b'-- Symlinking: /home/elijah/go2-convex-mpc/ros2_ws/install/unitree_go/local/lib/python3.10/dist-packages/unitree_go/msg/_go2_front_video_data_s.c\n'}
[21.478203] (unitree_go) StdoutLine: {'line': b'-- Symlinking: /home/elijah/go2-convex-mpc/ros2_ws/install/unitree_go/local/lib/python3.10/dist-packages/unitree_go/msg/_height_map.py\n'}
[21.479701] (-) TimerEvent: {}
[21.485406] (unitree_go) StdoutLine: {'line': b'-- Symlinking: /home/elijah/go2-convex-mpc/ros2_ws/install/unitree_go/local/lib/python3.10/dist-packages/unitree_go/msg/_height_map_s.c\n'}
[21.494383] (unitree_go) StdoutLine: {'line': b'-- Symlinking: /home/elijah/go2-convex-mpc/ros2_ws/install/unitree_go/local/lib/python3.10/dist-packages/unitree_go/msg/_imu_state.py\n'}
[21.503058] (unitree_go) StdoutLine: {'line': b'-- Symlinking: /home/elijah/go2-convex-mpc/ros2_ws/install/unitree_go/local/lib/python3.10/dist-packages/unitree_go/msg/_imu_state_s.c\n'}
[21.511663] (unitree_go) StdoutLine: {'line': b'-- Symlinking: /home/elijah/go2-convex-mpc/ros2_ws/install/unitree_go/local/lib/python3.10/dist-packages/unitree_go/msg/_interface_config.py\n'}
[21.519197] (unitree_go) StdoutLine: {'line': b'-- Symlinking: /home/elijah/go2-convex-mpc/ros2_ws/install/unitree_go/local/lib/python3.10/dist-packages/unitree_go/msg/_interface_config_s.c\n'}
[21.526846] (unitree_go) StdoutLine: {'line': b'-- Symlinking: /home/elijah/go2-convex-mpc/ros2_ws/install/unitree_go/local/lib/python3.10/dist-packages/unitree_go/msg/_lidar_state.py\n'}
[21.534205] (unitree_go) StdoutLine: {'line': b'-- Symlinking: /home/elijah/go2-convex-mpc/ros2_ws/install/unitree_go/local/lib/python3.10/dist-packages/unitree_go/msg/_lidar_state_s.c\n'}
[21.541419] (unitree_go) StdoutLine: {'line': b'-- Symlinking: /home/elijah/go2-convex-mpc/ros2_ws/install/unitree_go/local/lib/python3.10/dist-packages/unitree_go/msg/_low_cmd.py\n'}
[21.548713] (unitree_go) StdoutLine: {'line': b'-- Symlinking: /home/elijah/go2-convex-mpc/ros2_ws/install/unitree_go/local/lib/python3.10/dist-packages/unitree_go/msg/_low_cmd_s.c\n'}
[21.555867] (unitree_go) StdoutLine: {'line': b'-- Symlinking: /home/elijah/go2-convex-mpc/ros2_ws/install/unitree_go/local/lib/python3.10/dist-packages/unitree_go/msg/_low_state.py\n'}
[21.563155] (unitree_go) StdoutLine: {'line': b'-- Symlinking: /home/elijah/go2-convex-mpc/ros2_ws/install/unitree_go/local/lib/python3.10/dist-packages/unitree_go/msg/_low_state_s.c\n'}
[21.570521] (unitree_go) StdoutLine: {'line': b'-- Symlinking: /home/elijah/go2-convex-mpc/ros2_ws/install/unitree_go/local/lib/python3.10/dist-packages/unitree_go/msg/_motor_cmd.py\n'}
[21.578065] (unitree_go) StdoutLine: {'line': b'-- Symlinking: /home/elijah/go2-convex-mpc/ros2_ws/install/unitree_go/local/lib/python3.10/dist-packages/unitree_go/msg/_motor_cmd_s.c\n'}
[21.579783] (-) TimerEvent: {}
[21.585609] (unitree_go) StdoutLine: {'line': b'-- Symlinking: /home/elijah/go2-convex-mpc/ros2_ws/install/unitree_go/local/lib/python3.10/dist-packages/unitree_go/msg/_motor_cmds.py\n'}
[21.594804] (unitree_go) StdoutLine: {'line': b'-- Symlinking: /home/elijah/go2-convex-mpc/ros2_ws/install/unitree_go/local/lib/python3.10/dist-packages/unitree_go/msg/_motor_cmds_s.c\n'}
[21.604007] (unitree_go) StdoutLine: {'line': b'-- Symlinking: /home/elijah/go2-convex-mpc/ros2_ws/install/unitree_go/local/lib/python3.10/dist-packages/unitree_go/msg/_motor_state.py\n'}
[21.612128] (unitree_go) StdoutLine: {'line': b'-- Symlinking: /home/elijah/go2-convex-mpc/ros2_ws/install/unitree_go/local/lib/python3.10/dist-packages/unitree_go/msg/_motor_state_s.c\n'}
[21.620171] (unitree_go) StdoutLine: {'line': b'-- Symlinking: /home/elijah/go2-convex-mpc/ros2_ws/install/unitree_go/local/lib/python3.10/dist-packages/unitree_go/msg/_motor_states.py\n'}
[21.627701] (unitree_go) StdoutLine: {'line': b'-- Symlinking: /home/elijah/go2-convex-mpc/ros2_ws/install/unitree_go/local/lib/python3.10/dist-packages/unitree_go/msg/_motor_states_s.c\n'}
[21.635047] (unitree_go) StdoutLine: {'line': b'-- Symlinking: /home/elijah/go2-convex-mpc/ros2_ws/install/unitree_go/local/lib/python3.10/dist-packages/unitree_go/msg/_path_point.py\n'}
[21.642666] (unitree_go) StdoutLine: {'line': b'-- Symlinking: /home/elijah/go2-convex-mpc/ros2_ws/install/unitree_go/local/lib/python3.10/dist-packages/unitree_go/msg/_path_point_s.c\n'}
[21.650135] (unitree_go) StdoutLine: {'line': b'-- Symlinking: /home/elijah/go2-convex-mpc/ros2_ws/install/unitree_go/local/lib/python3.10/dist-packages/unitree_go/msg/_req.py\n'}
[21.657863] (unitree_go) StdoutLine: {'line': b'-- Symlinking: /home/elijah/go2-convex-mpc/ros2_ws/install/unitree_go/local/lib/python3.10/dist-packages/unitree_go/msg/_req_s.c\n'}
[21.664871] (unitree_go) StdoutLine: {'line': b'-- Symlinking: /home/elijah/go2-convex-mpc/ros2_ws/install/unitree_go/local/lib/python3.10/dist-packages/unitree_go/msg/_res.py\n'}
[21.671955] (unitree_go) StdoutLine: {'line': b'-- Symlinking: /home/elijah/go2-convex-mpc/ros2_ws/install/unitree_go/local/lib/python3.10/dist-packages/unitree_go/msg/_res_s.c\n'}
[21.678768] (unitree_go) StdoutLine: {'line': b'-- Symlinking: /home/elijah/go2-convex-mpc/ros2_ws/install/unitree_go/local/lib/python3.10/dist-packages/unitree_go/msg/_sport_mode_cmd.py\n'}
[21.679863] (-) TimerEvent: {}
[21.686512] (unitree_go) StdoutLine: {'line': b'-- Symlinking: /home/elijah/go2-convex-mpc/ros2_ws/install/unitree_go/local/lib/python3.10/dist-packages/unitree_go/msg/_sport_mode_cmd_s.c\n'}
[21.695601] (unitree_go) StdoutLine: {'line': b'-- Symlinking: /home/elijah/go2-convex-mpc/ros2_ws/install/unitree_go/local/lib/python3.10/dist-packages/unitree_go/msg/_sport_mode_state.py\n'}
[21.703461] (unitree_go) StdoutLine: {'line': b'-- Symlinking: /home/elijah/go2-convex-mpc/ros2_ws/install/unitree_go/local/lib/python3.10/dist-packages/unitree_go/msg/_sport_mode_state_s.c\n'}
[21.711814] (unitree_go) StdoutLine: {'line': b'-- Symlinking: /home/elijah/go2-convex-mpc/ros2_ws/install/unitree_go/local/lib/python3.10/dist-packages/unitree_go/msg/_time_spec.py\n'}
[21.719770] (unitree_go) StdoutLine: {'line': b'-- Symlinking: /home/elijah/go2-convex-mpc/ros2_ws/install/unitree_go/local/lib/python3.10/dist-packages/unitree_go/msg/_time_spec_s.c\n'}
[21.727684] (unitree_go) StdoutLine: {'line': b'-- Symlinking: /home/elijah/go2-convex-mpc/ros2_ws/install/unitree_go/local/lib/python3.10/dist-packages/unitree_go/msg/_uwb_state.py\n'}
[21.735276] (unitree_go) StdoutLine: {'line': b'-- Symlinking: /home/elijah/go2-convex-mpc/ros2_ws/install/unitree_go/local/lib/python3.10/dist-packages/unitree_go/msg/_uwb_state_s.c\n'}
[21.743042] (unitree_go) StdoutLine: {'line': b'-- Symlinking: /home/elijah/go2-convex-mpc/ros2_ws/install/unitree_go/local/lib/python3.10/dist-packages/unitree_go/msg/_uwb_switch.py\n'}
[21.750260] (unitree_go) StdoutLine: {'line': b'-- Symlinking: /home/elijah/go2-convex-mpc/ros2_ws/install/unitree_go/local/lib/python3.10/dist-packages/unitree_go/msg/_uwb_switch_s.c\n'}
[21.757719] (unitree_go) StdoutLine: {'line': b'-- Symlinking: /home/elijah/go2-convex-mpc/ros2_ws/install/unitree_go/local/lib/python3.10/dist-packages/unitree_go/msg/_wireless_controller.py\n'}
[21.765102] (unitree_go) StdoutLine: {'line': b'-- Symlinking: /home/elijah/go2-convex-mpc/ros2_ws/install/unitree_go/local/lib/python3.10/dist-packages/unitree_go/msg/_wireless_controller_s.c\n'}
[21.772321] (unitree_go) StdoutLine: {'line': b'-- Symlinking: /home/elijah/go2-convex-mpc/ros2_ws/install/unitree_go/local/lib/python3.10/dist-packages/unitree_go/unitree_go_s__rosidl_typesupport_c.cpython-310-x86_64-linux-gnu.so\n'}
[21.779905] (unitree_go) StdoutLine: {'line': b'-- Symlinking: /home/elijah/go2-convex-mpc/ros2_ws/install/unitree_go/local/lib/python3.10/dist-packages/unitree_go/unitree_go_s__rosidl_typesupport_fastrtps_c.cpython-310-x86_64-linux-gnu.so\n'}
[21.780031] (-) TimerEvent: {}
[21.788095] (unitree_go) StdoutLine: {'line': b'-- Symlinking: /home/elijah/go2-convex-mpc/ros2_ws/install/unitree_go/local/lib/python3.10/dist-packages/unitree_go/unitree_go_s__rosidl_typesupport_introspection_c.cpython-310-x86_64-linux-gnu.so\n'}
[21.797076] (unitree_go) StdoutLine: {'line': b'-- Up-to-date symlink: /home/elijah/go2-convex-mpc/ros2_ws/install/unitree_go/local/lib/python3.10/dist-packages/unitree_go/unitree_go_s__rosidl_typesupport_fastrtps_c.cpython-310-x86_64-linux-gnu.so\n'}
[21.797262] (unitree_go) StdoutLine: {'line': b'-- Up-to-date symlink: /home/elijah/go2-convex-mpc/ros2_ws/install/unitree_go/local/lib/python3.10/dist-packages/unitree_go/unitree_go_s__rosidl_typesupport_introspection_c.cpython-310-x86_64-linux-gnu.so\n'}
[21.797448] (unitree_go) StdoutLine: {'line': b'-- Up-to-date symlink: /home/elijah/go2-convex-mpc/ros2_ws/install/unitree_go/local/lib/python3.10/dist-packages/unitree_go/unitree_go_s__rosidl_typesupport_c.cpython-310-x86_64-linux-gnu.so\n'}
[21.797606] (unitree_go) StdoutLine: {'line': b'-- Symlinking: /home/elijah/go2-convex-mpc/ros2_ws/install/unitree_go/share/unitree_go/msg/AudioData.idl\n'}
[21.806845] (unitree_go) StdoutLine: {'line': b'-- Symlinking: /home/elijah/go2-convex-mpc/ros2_ws/install/unitree_go/share/unitree_go/msg/BmsCmd.idl\n'}
[21.814281] (unitree_go) StdoutLine: {'line': b'-- Symlinking: /home/elijah/go2-convex-mpc/ros2_ws/install/unitree_go/share/unitree_go/msg/BmsState.idl\n'}
[21.822444] (unitree_go) StdoutLine: {'line': b'-- Symlinking: /home/elijah/go2-convex-mpc/ros2_ws/install/unitree_go/share/unitree_go/msg/Error.idl\n'}
[21.830337] (unitree_go) StdoutLine: {'line': b'-- Symlinking: /home/elijah/go2-convex-mpc/ros2_ws/install/unitree_go/share/unitree_go/msg/Go2FrontVideoData.idl\n'}
[21.839061] (unitree_go) StdoutLine: {'line': b'-- Symlinking: /home/elijah/go2-convex-mpc/ros2_ws/install/unitree_go/share/unitree_go/msg/HeightMap.idl\n'}
[21.846579] (unitree_go) StdoutLine: {'line': b'-- Symlinking: /home/elijah/go2-convex-mpc/ros2_ws/install/unitree_go/share/unitree_go/msg/IMUState.idl\n'}
[21.853851] (unitree_go) StdoutLine: {'line': b'-- Symlinking: /home/elijah/go2-convex-mpc/ros2_ws/install/unitree_go/share/unitree_go/msg/InterfaceConfig.idl\n'}
[21.861267] (unitree_go) StdoutLine: {'line': b'-- Symlinking: /home/elijah/go2-convex-mpc/ros2_ws/install/unitree_go/share/unitree_go/msg/LidarState.idl\n'}
[21.868380] (unitree_go) StdoutLine: {'line': b'-- Symlinking: /home/elijah/go2-convex-mpc/ros2_ws/install/unitree_go/share/unitree_go/msg/LowCmd.idl\n'}
[21.875773] (unitree_go) StdoutLine: {'line': b'-- Symlinking: /home/elijah/go2-convex-mpc/ros2_ws/install/unitree_go/share/unitree_go/msg/LowState.idl\n'}
[21.880098] (-) TimerEvent: {}
[21.883138] (unitree_go) StdoutLine: {'line': b'-- Symlinking: /home/elijah/go2-convex-mpc/ros2_ws/install/unitree_go/share/unitree_go/msg/MotorCmd.idl\n'}
[21.891392] (unitree_go) StdoutLine: {'line': b'-- Symlinking: /home/elijah/go2-convex-mpc/ros2_ws/install/unitree_go/share/unitree_go/msg/MotorCmds.idl\n'}
[21.899853] (unitree_go) StdoutLine: {'line': b'-- Symlinking: /home/elijah/go2-convex-mpc/ros2_ws/install/unitree_go/share/unitree_go/msg/MotorState.idl\n'}
[21.908787] (unitree_go) StdoutLine: {'line': b'-- Symlinking: /home/elijah/go2-convex-mpc/ros2_ws/install/unitree_go/share/unitree_go/msg/MotorStates.idl\n'}
[21.916774] (unitree_go) StdoutLine: {'line': b'-- Symlinking: /home/elijah/go2-convex-mpc/ros2_ws/install/unitree_go/share/unitree_go/msg/PathPoint.idl\n'}
[21.924237] (unitree_go) StdoutLine: {'line': b'-- Symlinking: /home/elijah/go2-convex-mpc/ros2_ws/install/unitree_go/share/unitree_go/msg/Req.idl\n'}
[21.931777] (unitree_go) StdoutLine: {'line': b'-- Symlinking: /home/elijah/go2-convex-mpc/ros2_ws/install/unitree_go/share/unitree_go/msg/Res.idl\n'}
[21.939611] (unitree_go) StdoutLine: {'line': b'-- Symlinking: /home/elijah/go2-convex-mpc/ros2_ws/install/unitree_go/share/unitree_go/msg/SportModeCmd.idl\n'}
[21.946590] (unitree_go) StdoutLine: {'line': b'-- Symlinking: /home/elijah/go2-convex-mpc/ros2_ws/install/unitree_go/share/unitree_go/msg/SportModeState.idl\n'}
[21.953743] (unitree_go) StdoutLine: {'line': b'-- Symlinking: /home/elijah/go2-convex-mpc/ros2_ws/install/unitree_go/share/unitree_go/msg/TimeSpec.idl\n'}
[21.960870] (unitree_go) StdoutLine: {'line': b'-- Symlinking: /home/elijah/go2-convex-mpc/ros2_ws/install/unitree_go/share/unitree_go/msg/UwbState.idl\n'}
[21.967893] (unitree_go) StdoutLine: {'line': b'-- Symlinking: /home/elijah/go2-convex-mpc/ros2_ws/install/unitree_go/share/unitree_go/msg/UwbSwitch.idl\n'}
[21.975317] (unitree_go) StdoutLine: {'line': b'-- Symlinking: /home/elijah/go2-convex-mpc/ros2_ws/install/unitree_go/share/unitree_go/msg/WirelessController.idl\n'}
[21.980182] (-) TimerEvent: {}
[21.982431] (unitree_go) StdoutLine: {'line': b'-- Symlinking: /home/elijah/go2-convex-mpc/ros2_ws/install/unitree_go/share/unitree_go/msg/AudioData.msg\n'}
[21.991106] (unitree_go) StdoutLine: {'line': b'-- Symlinking: /home/elijah/go2-convex-mpc/ros2_ws/install/unitree_go/share/unitree_go/msg/BmsCmd.msg\n'}
[21.999275] (unitree_go) StdoutLine: {'line': b'-- Symlinking: /home/elijah/go2-convex-mpc/ros2_ws/install/unitree_go/share/unitree_go/msg/BmsState.msg\n'}
[22.008371] (unitree_go) StdoutLine: {'line': b'-- Symlinking: /home/elijah/go2-convex-mpc/ros2_ws/install/unitree_go/share/unitree_go/msg/Error.msg\n'}
[22.016359] (unitree_go) StdoutLine: {'line': b'-- Symlinking: /home/elijah/go2-convex-mpc/ros2_ws/install/unitree_go/share/unitree_go/msg/Go2FrontVideoData.msg\n'}
[22.023719] (unitree_go) StdoutLine: {'line': b'-- Symlinking: /home/elijah/go2-convex-mpc/ros2_ws/install/unitree_go/share/unitree_go/msg/HeightMap.msg\n'}
[22.031538] (unitree_go) StdoutLine: {'line': b'-- Symlinking: /home/elijah/go2-convex-mpc/ros2_ws/install/unitree_go/share/unitree_go/msg/IMUState.msg\n'}
[22.039035] (unitree_go) StdoutLine: {'line': b'-- Symlinking: /home/elijah/go2-convex-mpc/ros2_ws/install/unitree_go/share/unitree_go/msg/InterfaceConfig.msg\n'}
[22.046799] (unitree_go) StdoutLine: {'line': b'-- Symlinking: /home/elijah/go2-convex-mpc/ros2_ws/install/unitree_go/share/unitree_go/msg/LidarState.msg\n'}
[22.053868] (unitree_go) StdoutLine: {'line': b'-- Symlinking: /home/elijah/go2-convex-mpc/ros2_ws/install/unitree_go/share/unitree_go/msg/LowCmd.msg\n'}
[22.060915] (unitree_go) StdoutLine: {'line': b'-- Symlinking: /home/elijah/go2-convex-mpc/ros2_ws/install/unitree_go/share/unitree_go/msg/LowState.msg\n'}
[22.068106] (unitree_go) StdoutLine: {'line': b'-- Symlinking: /home/elijah/go2-convex-mpc/ros2_ws/install/unitree_go/share/unitree_go/msg/MotorCmd.msg\n'}
[22.075500] (unitree_go) StdoutLine: {'line': b'-- Symlinking: /home/elijah/go2-convex-mpc/ros2_ws/install/unitree_go/share/unitree_go/msg/MotorCmds.msg\n'}
[22.080266] (-) TimerEvent: {}
[22.083201] (unitree_go) StdoutLine: {'line': b'-- Symlinking: /home/elijah/go2-convex-mpc/ros2_ws/install/unitree_go/share/unitree_go/msg/MotorState.msg\n'}
[22.092678] (unitree_go) StdoutLine: {'line': b'-- Symlinking: /home/elijah/go2-convex-mpc/ros2_ws/install/unitree_go/share/unitree_go/msg/MotorStates.msg\n'}
[22.101009] (unitree_go) StdoutLine: {'line': b'-- Symlinking: /home/elijah/go2-convex-mpc/ros2_ws/install/unitree_go/share/unitree_go/msg/PathPoint.msg\n'}
[22.110103] (unitree_go) StdoutLine: {'line': b'-- Symlinking: /home/elijah/go2-convex-mpc/ros2_ws/install/unitree_go/share/unitree_go/msg/Req.msg\n'}
[22.118054] (unitree_go) StdoutLine: {'line': b'-- Symlinking: /home/elijah/go2-convex-mpc/ros2_ws/install/unitree_go/share/unitree_go/msg/Res.msg\n'}
[22.125764] (unitree_go) StdoutLine: {'line': b'-- Symlinking: /home/elijah/go2-convex-mpc/ros2_ws/install/unitree_go/share/unitree_go/msg/SportModeCmd.msg\n'}
[22.133236] (unitree_go) StdoutLine: {'line': b'-- Symlinking: /home/elijah/go2-convex-mpc/ros2_ws/install/unitree_go/share/unitree_go/msg/SportModeState.msg\n'}
[22.140951] (unitree_go) StdoutLine: {'line': b'-- Symlinking: /home/elijah/go2-convex-mpc/ros2_ws/install/unitree_go/share/unitree_go/msg/TimeSpec.msg\n'}
[22.148624] (unitree_go) StdoutLine: {'line': b'-- Symlinking: /home/elijah/go2-convex-mpc/ros2_ws/install/unitree_go/share/unitree_go/msg/UwbState.msg\n'}
[22.156147] (unitree_go) StdoutLine: {'line': b'-- Symlinking: /home/elijah/go2-convex-mpc/ros2_ws/install/unitree_go/share/unitree_go/msg/UwbSwitch.msg\n'}
[22.163751] (unitree_go) StdoutLine: {'line': b'-- Symlinking: /home/elijah/go2-convex-mpc/ros2_ws/install/unitree_go/share/unitree_go/msg/WirelessController.msg\n'}
[22.171742] (unitree_go) StdoutLine: {'line': b'-- Symlinking: /home/elijah/go2-convex-mpc/ros2_ws/install/unitree_go/share/unitree_go/msg/dds_connext/AudioData_.idl\n'}
[22.179242] (unitree_go) StdoutLine: {'line': b'-- Symlinking: /home/elijah/go2-convex-mpc/ros2_ws/install/unitree_go/share/unitree_go/msg/dds_connext/BmsCmd_.idl\n'}
[22.180341] (-) TimerEvent: {}
[22.187511] (unitree_go) StdoutLine: {'line': b'-- Symlinking: /home/elijah/go2-convex-mpc/ros2_ws/install/unitree_go/share/unitree_go/msg/dds_connext/BmsState_.idl\n'}
[22.196308] (unitree_go) StdoutLine: {'line': b'-- Symlinking: /home/elijah/go2-convex-mpc/ros2_ws/install/unitree_go/share/unitree_go/msg/dds_connext/Error_.idl\n'}
[22.206012] (unitree_go) StdoutLine: {'line': b'-- Symlinking: /home/elijah/go2-convex-mpc/ros2_ws/install/unitree_go/share/unitree_go/msg/dds_connext/Go2FrontVideoData_.idl\n'}
[22.214504] (unitree_go) StdoutLine: {'line': b'-- Symlinking: /home/elijah/go2-convex-mpc/ros2_ws/install/unitree_go/share/unitree_go/msg/dds_connext/HeightMap_.idl\n'}
[22.222983] (unitree_go) StdoutLine: {'line': b'-- Symlinking: /home/elijah/go2-convex-mpc/ros2_ws/install/unitree_go/share/unitree_go/msg/dds_connext/IMUState_.idl\n'}
[22.230927] (unitree_go) StdoutLine: {'line': b'-- Symlinking: /home/elijah/go2-convex-mpc/ros2_ws/install/unitree_go/share/unitree_go/msg/dds_connext/InterfaceConfig_.idl\n'}
[22.239220] (unitree_go) StdoutLine: {'line': b'-- Symlinking: /home/elijah/go2-convex-mpc/ros2_ws/install/unitree_go/share/unitree_go/msg/dds_connext/LidarState_.idl\n'}
[22.246996] (unitree_go) StdoutLine: {'line': b'-- Symlinking: /home/elijah/go2-convex-mpc/ros2_ws/install/unitree_go/share/unitree_go/msg/dds_connext/LowCmd_.idl\n'}
[22.254994] (unitree_go) StdoutLine: {'line': b'-- Symlinking: /home/elijah/go2-convex-mpc/ros2_ws/install/unitree_go/share/unitree_go/msg/dds_connext/LowState_.idl\n'}
[22.263150] (unitree_go) StdoutLine: {'line': b'-- Symlinking: /home/elijah/go2-convex-mpc/ros2_ws/install/unitree_go/share/unitree_go/msg/dds_connext/MotorCmd_.idl\n'}
[22.271229] (unitree_go) StdoutLine: {'line': b'-- Symlinking: /home/elijah/go2-convex-mpc/ros2_ws/install/unitree_go/share/unitree_go/msg/dds_connext/MotorCmds_.idl\n'}
[22.279757] (unitree_go) StdoutLine: {'line': b'-- Symlinking: /home/elijah/go2-convex-mpc/ros2_ws/install/unitree_go/share/unitree_go/msg/dds_connext/MotorState_.idl\n'}
[22.280425] (-) TimerEvent: {}
[22.287283] (unitree_go) StdoutLine: {'line': b'-- Symlinking: /home/elijah/go2-convex-mpc/ros2_ws/install/unitree_go/share/unitree_go/msg/dds_connext/MotorStates_.idl\n'}
[22.296614] (unitree_go) StdoutLine: {'line': b'-- Symlinking: /home/elijah/go2-convex-mpc/ros2_ws/install/unitree_go/share/unitree_go/msg/dds_connext/PathPoint_.idl\n'}
[22.306116] (unitree_go) StdoutLine: {'line': b'-- Symlinking: /home/elijah/go2-convex-mpc/ros2_ws/install/unitree_go/share/unitree_go/msg/dds_connext/Req_.idl\n'}
[22.315956] (unitree_go) StdoutLine: {'line': b'-- Symlinking: /home/elijah/go2-convex-mpc/ros2_ws/install/unitree_go/share/unitree_go/msg/dds_connext/Res_.idl\n'}
[22.324810] (unitree_go) StdoutLine: {'line': b'-- Symlinking: /home/elijah/go2-convex-mpc/ros2_ws/install/unitree_go/share/unitree_go/msg/dds_connext/SportModeCmd_.idl\n'}
[22.332309] (unitree_go) StdoutLine: {'line': b'-- Symlinking: /home/elijah/go2-convex-mpc/ros2_ws/install/unitree_go/share/unitree_go/msg/dds_connext/SportModeState_.idl\n'}
[22.339702] (unitree_go) StdoutLine: {'line': b'-- Symlinking: /home/elijah/go2-convex-mpc/ros2_ws/install/unitree_go/share/unitree_go/msg/dds_connext/TimeSpec_.idl\n'}
[22.347141] (unitree_go) StdoutLine: {'line': b'-- Symlinking: /home/elijah/go2-convex-mpc/ros2_ws/install/unitree_go/share/unitree_go/msg/dds_connext/UwbState_.idl\n'}
[22.354276] (unitree_go) StdoutLine: {'line': b'-- Symlinking: /home/elijah/go2-convex-mpc/ros2_ws/install/unitree_go/share/unitree_go/msg/dds_connext/UwbSwitch_.idl\n'}
[22.361444] (unitree_go) StdoutLine: {'line': b'-- Symlinking: /home/elijah/go2-convex-mpc/ros2_ws/install/unitree_go/share/unitree_go/msg/dds_connext/WirelessController_.idl\n'}
[22.368932] (unitree_go) StdoutLine: {'line': b'-- Symlinking: /home/elijah/go2-convex-mpc/ros2_ws/install/unitree_go/share/ament_index/resource_index/package_run_dependencies/unitree_go\n'}
[22.376326] (unitree_go) StdoutLine: {'line': b'-- Symlinking: /home/elijah/go2-convex-mpc/ros2_ws/install/unitree_go/share/ament_index/resource_index/parent_prefix_path/unitree_go\n'}
[22.380508] (-) TimerEvent: {}
[22.383395] (unitree_go) StdoutLine: {'line': b'-- Symlinking: /home/elijah/go2-convex-mpc/ros2_ws/install/unitree_go/share/unitree_go/environment/ament_prefix_path.sh\n'}
[22.392292] (unitree_go) StdoutLine: {'line': b'-- Symlinking: /home/elijah/go2-convex-mpc/ros2_ws/install/unitree_go/share/unitree_go/environment/ament_prefix_path.dsv\n'}
[22.400727] (unitree_go) StdoutLine: {'line': b'-- Symlinking: /home/elijah/go2-convex-mpc/ros2_ws/install/unitree_go/share/unitree_go/environment/path.sh\n'}
[22.409651] (unitree_go) StdoutLine: {'line': b'-- Symlinking: /home/elijah/go2-convex-mpc/ros2_ws/install/unitree_go/share/unitree_go/environment/path.dsv\n'}
[22.417608] (unitree_go) StdoutLine: {'line': b'-- Symlinking: /home/elijah/go2-convex-mpc/ros2_ws/install/unitree_go/share/unitree_go/local_setup.bash\n'}
[22.425252] (unitree_go) StdoutLine: {'line': b'-- Symlinking: /home/elijah/go2-convex-mpc/ros2_ws/install/unitree_go/share/unitree_go/local_setup.sh\n'}
[22.432653] (unitree_go) StdoutLine: {'line': b'-- Symlinking: /home/elijah/go2-convex-mpc/ros2_ws/install/unitree_go/share/unitree_go/local_setup.zsh\n'}
[22.439839] (unitree_go) StdoutLine: {'line': b'-- Symlinking: /home/elijah/go2-convex-mpc/ros2_ws/install/unitree_go/share/unitree_go/local_setup.dsv\n'}
[22.447213] (unitree_go) StdoutLine: {'line': b'-- Symlinking: /home/elijah/go2-convex-mpc/ros2_ws/install/unitree_go/share/unitree_go/package.dsv\n'}
[22.454154] (unitree_go) StdoutLine: {'line': b'-- Symlinking: /home/elijah/go2-convex-mpc/ros2_ws/install/unitree_go/share/ament_index/resource_index/packages/unitree_go\n'}
[22.461374] (unitree_go) StdoutLine: {'line': b'-- Symlinking: /home/elijah/go2-convex-mpc/ros2_ws/install/unitree_go/share/unitree_go/cmake/rosidl_cmake-extras.cmake\n'}
[22.468467] (unitree_go) StdoutLine: {'line': b'-- Symlinking: /home/elijah/go2-convex-mpc/ros2_ws/install/unitree_go/share/unitree_go/cmake/ament_cmake_export_dependencies-extras.cmake\n'}
[22.475803] (unitree_go) StdoutLine: {'line': b'-- Symlinking: /home/elijah/go2-convex-mpc/ros2_ws/install/unitree_go/share/unitree_go/cmake/ament_cmake_export_include_directories-extras.cmake\n'}
[22.480598] (-) TimerEvent: {}
[22.483136] (unitree_go) StdoutLine: {'line': b'-- Symlinking: /home/elijah/go2-convex-mpc/ros2_ws/install/unitree_go/share/unitree_go/cmake/ament_cmake_export_libraries-extras.cmake\n'}
[22.491462] (unitree_go) StdoutLine: {'line': b'-- Symlinking: /home/elijah/go2-convex-mpc/ros2_ws/install/unitree_go/share/unitree_go/cmake/ament_cmake_export_targets-extras.cmake\n'}
[22.499738] (unitree_go) StdoutLine: {'line': b'-- Symlinking: /home/elijah/go2-convex-mpc/ros2_ws/install/unitree_go/share/unitree_go/cmake/rosidl_cmake_export_typesupport_targets-extras.cmake\n'}
[22.507951] (unitree_go) StdoutLine: {'line': b'-- Symlinking: /home/elijah/go2-convex-mpc/ros2_ws/install/unitree_go/share/unitree_go/cmake/rosidl_cmake_export_typesupport_libraries-extras.cmake\n'}
[22.515724] (unitree_go) StdoutLine: {'line': b'-- Symlinking: /home/elijah/go2-convex-mpc/ros2_ws/install/unitree_go/share/unitree_go/cmake/unitree_goConfig.cmake\n'}
[22.523210] (unitree_go) StdoutLine: {'line': b'-- Symlinking: /home/elijah/go2-convex-mpc/ros2_ws/install/unitree_go/share/unitree_go/cmake/unitree_goConfig-version.cmake\n'}
[22.530278] (unitree_go) StdoutLine: {'line': b'-- Symlinking: /home/elijah/go2-convex-mpc/ros2_ws/install/unitree_go/share/unitree_go/package.xml\n'}
[22.537889] (unitree_go) StdoutLine: {'line': b'-- Installing: /home/elijah/go2-convex-mpc/ros2_ws/install/unitree_go/lib/libunitree_go__rosidl_generator_c.so\n'}
[22.538373] (unitree_go) StdoutLine: {'line': b'-- Set runtime path of "/home/elijah/go2-convex-mpc/ros2_ws/install/unitree_go/lib/libunitree_go__rosidl_generator_c.so" to ""\n'}
[22.538552] (unitree_go) StdoutLine: {'line': b'-- Installing: /home/elijah/go2-convex-mpc/ros2_ws/install/unitree_go/lib/libunitree_go__rosidl_typesupport_fastrtps_c.so\n'}
[22.538893] (unitree_go) StdoutLine: {'line': b'-- Set runtime path of "/home/elijah/go2-convex-mpc/ros2_ws/install/unitree_go/lib/libunitree_go__rosidl_typesupport_fastrtps_c.so" to ""\n'}
[22.538992] (unitree_go) StdoutLine: {'line': b'-- Installing: /home/elijah/go2-convex-mpc/ros2_ws/install/unitree_go/lib/libunitree_go__rosidl_typesupport_fastrtps_cpp.so\n'}
[22.539544] (unitree_go) StdoutLine: {'line': b'-- Set runtime path of "/home/elijah/go2-convex-mpc/ros2_ws/install/unitree_go/lib/libunitree_go__rosidl_typesupport_fastrtps_cpp.so" to ""\n'}
[22.539633] (unitree_go) StdoutLine: {'line': b'-- Installing: /home/elijah/go2-convex-mpc/ros2_ws/install/unitree_go/lib/libunitree_go__rosidl_typesupport_introspection_c.so\n'}
[22.540072] (unitree_go) StdoutLine: {'line': b'-- Set runtime path of "/home/elijah/go2-convex-mpc/ros2_ws/install/unitree_go/lib/libunitree_go__rosidl_typesupport_introspection_c.so" to ""\n'}
[22.540139] (unitree_go) StdoutLine: {'line': b'-- Installing: /home/elijah/go2-convex-mpc/ros2_ws/install/unitree_go/lib/libunitree_go__rosidl_typesupport_c.so\n'}
[22.540427] (unitree_go) StdoutLine: {'line': b'-- Set runtime path of "/home/elijah/go2-convex-mpc/ros2_ws/install/unitree_go/lib/libunitree_go__rosidl_typesupport_c.so" to ""\n'}
[22.540480] (unitree_go) StdoutLine: {'line': b'-- Installing: /home/elijah/go2-convex-mpc/ros2_ws/install/unitree_go/lib/libunitree_go__rosidl_typesupport_introspection_cpp.so\n'}
[22.541187] (unitree_go) StdoutLine: {'line': b'-- Set runtime path of "/home/elijah/go2-convex-mpc/ros2_ws/install/unitree_go/lib/libunitree_go__rosidl_typesupport_introspection_cpp.so" to ""\n'}
[22.541251] (unitree_go) StdoutLine: {'line': b'-- Installing: /home/elijah/go2-convex-mpc/ros2_ws/install/unitree_go/lib/libunitree_go__rosidl_typesupport_cpp.so\n'}
[22.541580] (unitree_go) StdoutLine: {'line': b'-- Set runtime path of "/home/elijah/go2-convex-mpc/ros2_ws/install/unitree_go/lib/libunitree_go__rosidl_typesupport_cpp.so" to ""\n'}
[22.580690] (-) TimerEvent: {}
[22.590110] (unitree_go) StdoutLine: {'line': b"Listing '/home/elijah/go2-convex-mpc/ros2_ws/install/unitree_go/local/lib/python3.10/dist-packages/unitree_go'...\n"}
[22.590424] (unitree_go) StdoutLine: {'line': b"Compiling '/home/elijah/go2-convex-mpc/ros2_ws/install/unitree_go/local/lib/python3.10/dist-packages/unitree_go/__init__.py'...\n"}
[22.590479] (unitree_go) StdoutLine: {'line': b"Listing '/home/elijah/go2-convex-mpc/ros2_ws/install/unitree_go/local/lib/python3.10/dist-packages/unitree_go/msg'...\n"}
[22.590525] (unitree_go) StdoutLine: {'line': b"Compiling '/home/elijah/go2-convex-mpc/ros2_ws/install/unitree_go/local/lib/python3.10/dist-packages/unitree_go/msg/__init__.py'...\n"}
[22.590571] (unitree_go) StdoutLine: {'line': b"Compiling '/home/elijah/go2-convex-mpc/ros2_ws/install/unitree_go/local/lib/python3.10/dist-packages/unitree_go/msg/_audio_data.py'...\n"}
[22.590672] (unitree_go) StdoutLine: {'line': b"Compiling '/home/elijah/go2-convex-mpc/ros2_ws/install/unitree_go/local/lib/python3.10/dist-packages/unitree_go/msg/_bms_cmd.py'...\n"}
[22.590737] (unitree_go) StdoutLine: {'line': b"Compiling '/home/elijah/go2-convex-mpc/ros2_ws/install/unitree_go/local/lib/python3.10/dist-packages/unitree_go/msg/_bms_state.py'...\n"}
[22.590788] (unitree_go) StdoutLine: {'line': b"Compiling '/home/elijah/go2-convex-mpc/ros2_ws/install/unitree_go/local/lib/python3.10/dist-packages/unitree_go/msg/_error.py'...\n"}
[22.590844] (unitree_go) StdoutLine: {'line': b"Compiling '/home/elijah/go2-convex-mpc/ros2_ws/install/unitree_go/local/lib/python3.10/dist-packages/unitree_go/msg/_go2_front_video_data.py'...\n"}
[22.590896] (unitree_go) StdoutLine: {'line': b"Compiling '/home/elijah/go2-convex-mpc/ros2_ws/install/unitree_go/local/lib/python3.10/dist-packages/unitree_go/msg/_height_map.py'...\n"}
[22.590941] (unitree_go) StdoutLine: {'line': b"Compiling '/home/elijah/go2-convex-mpc/ros2_ws/install/unitree_go/local/lib/python3.10/dist-packages/unitree_go/msg/_imu_state.py'...\n"}
[22.590983] (unitree_go) StdoutLine: {'line': b"Compiling '/home/elijah/go2-convex-mpc/ros2_ws/install/unitree_go/local/lib/python3.10/dist-packages/unitree_go/msg/_interface_config.py'...\n"}
[22.591025] (unitree_go) StdoutLine: {'line': b"Compiling '/home/elijah/go2-convex-mpc/ros2_ws/install/unitree_go/local/lib/python3.10/dist-packages/unitree_go/msg/_lidar_state.py'...\n"}
[22.591067] (unitree_go) StdoutLine: {'line': b"Compiling '/home/elijah/go2-convex-mpc/ros2_ws/install/unitree_go/local/lib/python3.10/dist-packages/unitree_go/msg/_low_cmd.py'...\n"}
[22.591115] (unitree_go) StdoutLine: {'line': b"Compiling '/home/elijah/go2-convex-mpc/ros2_ws/install/unitree_go/local/lib/python3.10/dist-packages/unitree_go/msg/_low_state.py'...\n"}
[22.591158] (unitree_go) StdoutLine: {'line': b"Compiling '/home/elijah/go2-convex-mpc/ros2_ws/install/unitree_go/local/lib/python3.10/dist-packages/unitree_go/msg/_motor_cmd.py'...\n"}
[22.591205] (unitree_go) StdoutLine: {'line': b"Compiling '/home/elijah/go2-convex-mpc/ros2_ws/install/unitree_go/local/lib/python3.10/dist-packages/unitree_go/msg/_motor_cmds.py'...\n"}
[22.591248] (unitree_go) StdoutLine: {'line': b"Compiling '/home/elijah/go2-convex-mpc/ros2_ws/install/unitree_go/local/lib/python3.10/dist-packages/unitree_go/msg/_motor_state.py'...\n"}
[22.591289] (unitree_go) StdoutLine: {'line': b"Compiling '/home/elijah/go2-convex-mpc/ros2_ws/install/unitree_go/local/lib/python3.10/dist-packages/unitree_go/msg/_motor_states.py'...\n"}
[22.591332] (unitree_go) StdoutLine: {'line': b"Compiling '/home/elijah/go2-convex-mpc/ros2_ws/install/unitree_go/local/lib/python3.10/dist-packages/unitree_go/msg/_path_point.py'...\n"}
[22.591373] (unitree_go) StdoutLine: {'line': b"Compiling '/home/elijah/go2-convex-mpc/ros2_ws/install/unitree_go/local/lib/python3.10/dist-packages/unitree_go/msg/_req.py'...\n"}
[22.591410] (unitree_go) StdoutLine: {'line': b"Compiling '/home/elijah/go2-convex-mpc/ros2_ws/install/unitree_go/local/lib/python3.10/dist-packages/unitree_go/msg/_res.py'...\n"}
[22.591447] (unitree_go) StdoutLine: {'line': b"Compiling '/home/elijah/go2-convex-mpc/ros2_ws/install/unitree_go/local/lib/python3.10/dist-packages/unitree_go/msg/_sport_mode_cmd.py'...\n"}
[22.591484] (unitree_go) StdoutLine: {'line': b"Compiling '/home/elijah/go2-convex-mpc/ros2_ws/install/unitree_go/local/lib/python3.10/dist-packages/unitree_go/msg/_sport_mode_state.py'...\n"}
[22.591521] (unitree_go) StdoutLine: {'line': b"Compiling '/home/elijah/go2-convex-mpc/ros2_ws/install/unitree_go/local/lib/python3.10/dist-packages/unitree_go/msg/_time_spec.py'...\n"}
[22.591559] (unitree_go) StdoutLine: {'line': b"Compiling '/home/elijah/go2-convex-mpc/ros2_ws/install/unitree_go/local/lib/python3.10/dist-packages/unitree_go/msg/_uwb_state.py'...\n"}
[22.591608] (unitree_go) StdoutLine: {'line': b"Compiling '/home/elijah/go2-convex-mpc/ros2_ws/install/unitree_go/local/lib/python3.10/dist-packages/unitree_go/msg/_uwb_switch.py'...\n"}
[22.591652] (unitree_go) StdoutLine: {'line': b"Compiling '/home/elijah/go2-convex-mpc/ros2_ws/install/unitree_go/local/lib/python3.10/dist-packages/unitree_go/msg/_wireless_controller.py'...\n"}
[22.595393] (unitree_go) StdoutLine: {'line': b'-- Installing: /home/elijah/go2-convex-mpc/ros2_ws/install/unitree_go/lib/libunitree_go__rosidl_generator_py.so\n'}
[22.596078] (unitree_go) StdoutLine: {'line': b'-- Set runtime path of "/home/elijah/go2-convex-mpc/ros2_ws/install/unitree_go/lib/libunitree_go__rosidl_generator_py.so" to ""\n'}
[22.596180] (unitree_go) StdoutLine: {'line': b'-- Installing: /home/elijah/go2-convex-mpc/ros2_ws/install/unitree_go/share/unitree_go/cmake/export_unitree_go__rosidl_generator_cExport.cmake\n'}
[22.596315] (unitree_go) StdoutLine: {'line': b'-- Installing: /home/elijah/go2-convex-mpc/ros2_ws/install/unitree_go/share/unitree_go/cmake/export_unitree_go__rosidl_generator_cExport-noconfig.cmake\n'}
[22.596485] (unitree_go) StdoutLine: {'line': b'-- Installing: /home/elijah/go2-convex-mpc/ros2_ws/install/unitree_go/share/unitree_go/cmake/export_unitree_go__rosidl_typesupport_fastrtps_cExport.cmake\n'}
[22.596660] (unitree_go) StdoutLine: {'line': b'-- Installing: /home/elijah/go2-convex-mpc/ros2_ws/install/unitree_go/share/unitree_go/cmake/export_unitree_go__rosidl_typesupport_fastrtps_cExport-noconfig.cmake\n'}
[22.596822] (unitree_go) StdoutLine: {'line': b'-- Installing: /home/elijah/go2-convex-mpc/ros2_ws/install/unitree_go/share/unitree_go/cmake/export_unitree_go__rosidl_generator_cppExport.cmake\n'}
[22.596953] (unitree_go) StdoutLine: {'line': b'-- Installing: /home/elijah/go2-convex-mpc/ros2_ws/install/unitree_go/share/unitree_go/cmake/export_unitree_go__rosidl_typesupport_fastrtps_cppExport.cmake\n'}
[22.597082] (unitree_go) StdoutLine: {'line': b'-- Installing: /home/elijah/go2-convex-mpc/ros2_ws/install/unitree_go/share/unitree_go/cmake/export_unitree_go__rosidl_typesupport_fastrtps_cppExport-noconfig.cmake\n'}
[22.597215] (unitree_go) StdoutLine: {'line': b'-- Installing: /home/elijah/go2-convex-mpc/ros2_ws/install/unitree_go/share/unitree_go/cmake/unitree_go__rosidl_typesupport_introspection_cExport.cmake\n'}
[22.597341] (unitree_go) StdoutLine: {'line': b'-- Installing: /home/elijah/go2-convex-mpc/ros2_ws/install/unitree_go/share/unitree_go/cmake/unitree_go__rosidl_typesupport_introspection_cExport-noconfig.cmake\n'}
[22.597473] (unitree_go) StdoutLine: {'line': b'-- Installing: /home/elijah/go2-convex-mpc/ros2_ws/install/unitree_go/share/unitree_go/cmake/unitree_go__rosidl_typesupport_cExport.cmake\n'}
[22.597603] (unitree_go) StdoutLine: {'line': b'-- Installing: /home/elijah/go2-convex-mpc/ros2_ws/install/unitree_go/share/unitree_go/cmake/unitree_go__rosidl_typesupport_cExport-noconfig.cmake\n'}
[22.597740] (unitree_go) StdoutLine: {'line': b'-- Installing: /home/elijah/go2-convex-mpc/ros2_ws/install/unitree_go/share/unitree_go/cmake/unitree_go__rosidl_typesupport_introspection_cppExport.cmake\n'}
[22.597870] (unitree_go) StdoutLine: {'line': b'-- Installing: /home/elijah/go2-convex-mpc/ros2_ws/install/unitree_go/share/unitree_go/cmake/unitree_go__rosidl_typesupport_introspection_cppExport-noconfig.cmake\n'}
[22.598003] (unitree_go) StdoutLine: {'line': b'-- Installing: /home/elijah/go2-convex-mpc/ros2_ws/install/unitree_go/share/unitree_go/cmake/unitree_go__rosidl_typesupport_cppExport.cmake\n'}
[22.598133] (unitree_go) StdoutLine: {'line': b'-- Installing: /home/elijah/go2-convex-mpc/ros2_ws/install/unitree_go/share/unitree_go/cmake/unitree_go__rosidl_typesupport_cppExport-noconfig.cmake\n'}
[22.598262] (unitree_go) StdoutLine: {'line': b'-- Installing: /home/elijah/go2-convex-mpc/ros2_ws/install/unitree_go/share/unitree_go/cmake/export_unitree_go__rosidl_generator_pyExport.cmake\n'}
[22.598389] (unitree_go) StdoutLine: {'line': b'-- Installing: /home/elijah/go2-convex-mpc/ros2_ws/install/unitree_go/share/unitree_go/cmake/export_unitree_go__rosidl_generator_pyExport-noconfig.cmake\n'}
[22.601094] (unitree_go) CommandEnded: {'returncode': 0}
[22.617444] (unitree_go) JobEnded: {'identifier': 'unitree_go', 'rc': 0}
[22.617954] (unitree_ros2_example) JobStarted: {'identifier': 'unitree_ros2_example'}
[22.626936] (unitree_ros2_example) JobProgress: {'identifier': 'unitree_ros2_example', 'progress': 'cmake'}
[22.627423] (unitree_ros2_example) Command: {'cmd': ['/usr/bin/cmake', '/home/elijah/go2-convex-mpc/ros2_ws/src/unitree_ros2/example/src', '-DAMENT_CMAKE_SYMLINK_INSTALL=1', '-DCMAKE_INSTALL_PREFIX=/home/elijah/go2-convex-mpc/ros2_ws/install/unitree_ros2_example'], 'cwd': '/home/elijah/go2-convex-mpc/ros2_ws/build/unitree_ros2_example', 'env': OrderedDict([('GJS_DEBUG_TOPICS', 'JS ERROR;JS LOG'), ('PYTHON_BASIC_REPL', '1'), ('LESSOPEN', '| /usr/bin/lesspipe %s'), ('CONDA_PROMPT_MODIFIER', ''), ('USER', 'elijah'), ('XDG_SESSION_TYPE', 'x11'), ('GIT_ASKPASS', '/usr/share/code/resources/app/extensions/git/dist/askpass.sh'), ('SHLVL', '1'), ('LD_LIBRARY_PATH', '/home/elijah/go2-convex-mpc/ros2_ws/install/unitree_hg/lib:/home/elijah/go2-convex-mpc/ros2_ws/install/unitree_go/lib:/home/elijah/go2-convex-mpc/ros2_ws/install/unitree_api/lib:/opt/ros/humble/opt/rviz_ogre_vendor/lib:/opt/ros/humble/lib/x86_64-linux-gnu:/opt/ros/humble/lib:/home/elijah/convex-mpc-unitree-go2/third_party/acados/lib'), ('ACADOS_SOURCE_DIR', '/home/elijah/convex-mpc-unitree-go2/third_party/acados'), ('HOME', '/home/elijah'), ('CHROME_DESKTOP', 'code.desktop'), ('CONDA_SHLVL', '0'), ('OLDPWD', '/home/elijah/go2-convex-mpc'), ('TERM_PROGRAM_VERSION', '1.104.2'), ('DESKTOP_SESSION', 'ubuntu'), ('GIO_LAUNCHED_DESKTOP_FILE', '/usr/share/applications/code.desktop'), ('ROS_PYTHON_VERSION', '3'), ('GNOME_SHELL_SESSION_MODE', 'ubuntu'), ('GTK_MODULES', 'gail:atk-bridge'), ('VSCODE_GIT_ASKPASS_MAIN', '/usr/share/code/resources/app/extensions/git/dist/askpass-main.js'), ('VSCODE_GIT_ASKPASS_NODE', '/usr/share/code/code'), ('MANAGERPID', '1248'), ('PYDEVD_DISABLE_FILE_VALIDATION', '1'), ('SYSTEMD_EXEC_PID', '2230'), ('BUNDLED_DEBUGPY_PATH', '/home/elijah/.vscode/extensions/ms-python.debugpy-2025.18.0-linux-x64/bundled/libs/debugpy'), ('VSCODE_PYTHON_AUTOACTIVATE_GUARD', '1'), ('DBUS_SESSION_BUS_ADDRESS', 'unix:path=/run/user/1000/bus'), ('COLORTERM', 'truecolor'), ('_CE_M', ''), ('PYTHONNOUSERSITE', '1'), ('_CONDA_ROOT', '/home/elijah/miniconda3'), ('GIO_LAUNCHED_DESKTOP_FILE_PID', '19285'), ('ROS_DISTRO', 'humble'), ('GTK_IM_MODULE', 'ibus'), ('LOGNAME', 'elijah'), ('JOURNAL_STREAM', '8:23301'), ('_', '/usr/bin/colcon'), ('ROS_VERSION', '2'), ('XDG_SESSION_CLASS', 'user'), ('USERNAME', 'elijah'), ('TERM', 'xterm-256color'), ('GNOME_DESKTOP_SESSION_ID', 'this-is-deprecated'), ('_CE_CONDA', ''), ('ROS_LOCALHOST_ONLY', '0'), ('WINDOWPATH', '2'), ('PATH', '/opt/ros/humble/bin:/home/elijah/MATLAB/R2025b/bin:/home/elijah/.local/bin:/home/elijah/MATLAB/R2025b/bin:/home/elijah/miniconda3/condabin:/home/elijah/.local/bin:/usr/local/sbin:/usr/local/bin:/usr/sbin:/usr/bin:/sbin:/bin:/usr/games:/usr/local/games:/snap/bin:/snap/bin:/home/elijah/.vscode/extensions/ms-python.debugpy-2025.18.0-linux-x64/bundled/scripts/noConfigScripts:/home/elijah/.config/Code/User/globalStorage/github.copilot-chat/debugCommand'), ('SESSION_MANAGER', 'local/blade14:@/tmp/.ICE-unix/2191,unix/blade14:/tmp/.ICE-unix/2191'), ('INVOCATION_ID', '2334c8eb0f6b414eb551b517251acb30'), ('XDG_MENU_PREFIX', 'gnome-'), ('XDG_RUNTIME_DIR', '/run/user/1000'), ('GDK_BACKEND', 'x11'), ('DISPLAY', ':0'), ('VSCODE_DEBUGPY_ADAPTER_ENDPOINTS', '/home/elijah/.vscode/extensions/ms-python.debugpy-2025.18.0-linux-x64/.noConfigDebugAdapterEndpoints/endpoint-e8e5ede5e48c9972.txt'), ('LANG', 'en_US.UTF-8'), ('XDG_CURRENT_DESKTOP', 'Unity'), ('PYTHONSTARTUP', '/home/elijah/.config/Code/User/workspaceStorage/3f9c70443e8b64211a210c374fcd3635/ms-python.python/pythonrc.py'), ('XMODIFIERS', '@im=ibus'), ('XDG_SESSION_DESKTOP', 'ubuntu'), ('XAUTHORITY', '/run/user/1000/gdm/Xauthority'), ('LS_COLORS', 'rs=0:di=01;34:ln=01;36:mh=00:pi=40;33:so=01;35:do=01;35:bd=40;33;01:cd=40;33;01:or=40;31;01:mi=00:su=37;41:sg=30;43:ca=30;41:tw=30;42:ow=34;42:st=37;44:ex=01;32:*.tar=01;31:*.tgz=01;31:*.arc=01;31:*.arj=01;31:*.taz=01;31:*.lha=01;31:*.lz4=01;31:*.lzh=01;31:*.lzma=01;31:*.tlz=01;31:*.txz=01;31:*.tzo=01;31:*.t7z=01;31:*.zip=01;31:*.z=01;31:*.dz=01;31:*.gz=01;31:*.lrz=01;31:*.lz=01;31:*.lzo=01;31:*.xz=01;31:*.zst=01;31:*.tzst=01;31:*.bz2=01;31:*.bz=01;31:*.tbz=01;31:*.tbz2=01;31:*.tz=01;31:*.deb=01;31:*.rpm=01;31:*.jar=01;31:*.war=01;31:*.ear=01;31:*.sar=01;31:*.rar=01;31:*.alz=01;31:*.ace=01;31:*.zoo=01;31:*.cpio=01;31:*.7z=01;31:*.rz=01;31:*.cab=01;31:*.wim=01;31:*.swm=01;31:*.dwm=01;31:*.esd=01;31:*.jpg=01;35:*.jpeg=01;35:*.mjpg=01;35:*.mjpeg=01;35:*.gif=01;35:*.bmp=01;35:*.pbm=01;35:*.pgm=01;35:*.ppm=01;35:*.tga=01;35:*.xbm=01;35:*.xpm=01;35:*.tif=01;35:*.tiff=01;35:*.png=01;35:*.svg=01;35:*.svgz=01;35:*.mng=01;35:*.pcx=01;35:*.mov=01;35:*.mpg=01;35:*.mpeg=01;35:*.m2v=01;35:*.mkv=01;35:*.webm=01;35:*.webp=01;35:*.ogm=01;35:*.mp4=01;35:*.m4v=01;35:*.mp4v=01;35:*.vob=01;35:*.qt=01;35:*.nuv=01;35:*.wmv=01;35:*.asf=01;35:*.rm=01;35:*.rmvb=01;35:*.flc=01;35:*.avi=01;35:*.fli=01;35:*.flv=01;35:*.gl=01;35:*.dl=01;35:*.xcf=01;35:*.xwd=01;35:*.yuv=01;35:*.cgm=01;35:*.emf=01;35:*.ogv=01;35:*.ogx=01;35:*.aac=00;36:*.au=00;36:*.flac=00;36:*.m4a=00;36:*.mid=00;36:*.midi=00;36:*.mka=00;36:*.mp3=00;36:*.mpc=00;36:*.ogg=00;36:*.ra=00;36:*.wav=00;36:*.oga=00;36:*.opus=00;36:*.spx=00;36:*.xspf=00;36:'), ('VSCODE_GIT_IPC_HANDLE', '/run/user/1000/vscode-git-220767a3ce.sock'), ('TERM_PROGRAM', 'vscode'), ('SSH_AGENT_LAUNCHER', 'gnome-keyring'), ('SSH_AUTH_SOCK', '/run/user/1000/keyring/ssh'), ('AMENT_PREFIX_PATH', '/home/elijah/go2-convex-mpc/ros2_ws/install/unitree_hg:/home/elijah/go2-convex-mpc/ros2_ws/install/unitree_go:/home/elijah/go2-convex-mpc/ros2_ws/install/unitree_api:/opt/ros/humble'), ('CONDA_PYTHON_EXE', '/home/elijah/miniconda3/bin/python'), ('ORIGINAL_XDG_CURRENT_DESKTOP', 'ubuntu:GNOME'), ('SHELL', '/bin/bash'), ('QT_ACCESSIBILITY', '1'), ('GDMSESSION', 'ubuntu'), ('LESSCLOSE', '/usr/bin/lesspipe %s %s'), ('CONDA_DEFAULT_ENV', ''), ('GPG_AGENT_INFO', '/run/user/1000/gnupg/S.gpg-agent:0:1'), ('GJS_DEBUG_OUTPUT', 'stderr'), ('_CONDA_EXE', '/home/elijah/miniconda3/bin/conda'), ('VSCODE_GIT_ASKPASS_EXTRA_ARGS', ''), ('QT_IM_MODULE', 'ibus'), ('PWD', '/home/elijah/go2-convex-mpc/ros2_ws/build/unitree_ros2_example'), ('XDG_CONFIG_DIRS', '/etc/xdg/xdg-ubuntu:/etc/xdg'), ('CONDA_EXE', '/home/elijah/miniconda3/bin/conda'), ('XDG_DATA_DIRS', '/usr/share/ubuntu:/usr/share/gnome:/usr/local/share/:/usr/share/:/var/lib/snapd/desktop'), ('PYTHONPATH', '/home/elijah/go2-convex-mpc/ros2_ws/install/unitree_hg/local/lib/python3.10/dist-packages:/home/elijah/go2-convex-mpc/ros2_ws/install/unitree_go/local/lib/python3.10/dist-packages:/home/elijah/go2-convex-mpc/ros2_ws/install/unitree_api/local/lib/python3.10/dist-packages:/opt/ros/humble/lib/python3.10/site-packages:/opt/ros/humble/local/lib/python3.10/dist-packages'), ('CONDA_PREFIX', ''), ('COLCON', '1'), ('CMAKE_PREFIX_PATH', '/home/elijah/go2-convex-mpc/ros2_ws/install/unitree_hg:/home/elijah/go2-convex-mpc/ros2_ws/install/unitree_go:/home/elijah/go2-convex-mpc/ros2_ws/install/unitree_api:/opt/ros/humble')]), 'shell': False}
[22.676904] (unitree_ros2_example) StdoutLine: {'line': b'-- The C compiler identification is GNU 11.4.0\n'}
[22.680756] (-) TimerEvent: {}
[22.722888] (unitree_ros2_example) StdoutLine: {'line': b'-- The CXX compiler identification is GNU 11.4.0\n'}
[22.728970] (unitree_ros2_example) StdoutLine: {'line': b'-- Detecting C compiler ABI info\n'}
[22.780865] (-) TimerEvent: {}
[22.788647] (unitree_ros2_example) StdoutLine: {'line': b'-- Detecting C compiler ABI info - done\n'}
[22.793795] (unitree_ros2_example) StdoutLine: {'line': b'-- Check for working C compiler: /usr/bin/cc - skipped\n'}
[22.793972] (unitree_ros2_example) StdoutLine: {'line': b'-- Detecting C compile features\n'}
[22.794238] (unitree_ros2_example) StdoutLine: {'line': b'-- Detecting C compile features - done\n'}
[22.796358] (unitree_ros2_example) StdoutLine: {'line': b'-- Detecting CXX compiler ABI info\n'}
[22.863997] (unitree_ros2_example) StdoutLine: {'line': b'-- Detecting CXX compiler ABI info - done\n'}
[22.869195] (unitree_ros2_example) StdoutLine: {'line': b'-- Check for working CXX compiler: /usr/bin/c++ - skipped\n'}
[22.869468] (unitree_ros2_example) StdoutLine: {'line': b'-- Detecting CXX compile features\n'}
[22.869798] (unitree_ros2_example) StdoutLine: {'line': b'-- Detecting CXX compile features - done\n'}
[22.872139] (unitree_ros2_example) StdoutLine: {'line': b'-- Found ament_cmake: 1.3.12 (/opt/ros/humble/share/ament_cmake/cmake)\n'}
[22.880924] (-) TimerEvent: {}
[22.981135] (-) TimerEvent: {}
[22.985727] (unitree_ros2_example) StdoutLine: {'line': b'-- Found Python3: /usr/bin/python3 (found version "3.10.12") found components: Interpreter \n'}
[23.034394] (unitree_ros2_example) StdoutLine: {'line': b'-- Override CMake install command with custom implementation using symlinks instead of copying resources\n'}
[23.056434] (unitree_ros2_example) StdoutLine: {'line': b'-- Found unitree_go: 0.0.0 (/home/elijah/go2-convex-mpc/ros2_ws/install/unitree_go/share/unitree_go/cmake)\n'}
[23.081215] (-) TimerEvent: {}
[23.086732] (unitree_ros2_example) StdoutLine: {'line': b'-- Found rosidl_generator_c: 3.1.7 (/opt/ros/humble/share/rosidl_generator_c/cmake)\n'}
[23.091754] (unitree_ros2_example) StdoutLine: {'line': b'-- Found rosidl_adapter: 3.1.7 (/opt/ros/humble/share/rosidl_adapter/cmake)\n'}
[23.098358] (unitree_ros2_example) StdoutLine: {'line': b'-- Found rosidl_generator_cpp: 3.1.7 (/opt/ros/humble/share/rosidl_generator_cpp/cmake)\n'}
[23.107631] (unitree_ros2_example) StdoutLine: {'line': b'-- Using all available rosidl_typesupport_c: rosidl_typesupport_fastrtps_c;rosidl_typesupport_introspection_c\n'}
[23.119629] (unitree_ros2_example) StdoutLine: {'line': b'-- Using all available rosidl_typesupport_cpp: rosidl_typesupport_fastrtps_cpp;rosidl_typesupport_introspection_cpp\n'}
[23.158710] (unitree_ros2_example) StdoutLine: {'line': b'-- Found unitree_hg: 0.0.0 (/home/elijah/go2-convex-mpc/ros2_ws/install/unitree_hg/share/unitree_hg/cmake)\n'}
[23.167981] (unitree_ros2_example) StdoutLine: {'line': b'-- Found unitree_api: 0.0.0 (/home/elijah/go2-convex-mpc/ros2_ws/install/unitree_api/share/unitree_api/cmake)\n'}
[23.181330] (-) TimerEvent: {}
[23.186415] (unitree_ros2_example) StdoutLine: {'line': b'-- Found rclcpp: 16.0.15 (/opt/ros/humble/share/rclcpp/cmake)\n'}
[23.226424] (unitree_ros2_example) StdoutLine: {'line': b'-- Found rmw_implementation_cmake: 6.1.2 (/opt/ros/humble/share/rmw_implementation_cmake/cmake)\n'}
[23.229485] (unitree_ros2_example) StdoutLine: {'line': b'-- Found rmw_fastrtps_cpp: 6.2.8 (/opt/ros/humble/share/rmw_fastrtps_cpp/cmake)\n'}
[23.281440] (-) TimerEvent: {}
[23.315195] (unitree_ros2_example) StdoutLine: {'line': b'-- Found OpenSSL: /usr/lib/x86_64-linux-gnu/libcrypto.so (found version "3.0.2")  \n'}
[23.338879] (unitree_ros2_example) StdoutLine: {'line': b'-- Found FastRTPS: /opt/ros/humble/include  \n'}
[23.374925] (unitree_ros2_example) StdoutLine: {'line': b"-- Using RMW implementation 'rmw_fastrtps_cpp' as default\n"}
[23.381515] (-) TimerEvent: {}
[23.384020] (unitree_ros2_example) StdoutLine: {'line': b'-- Looking for pthread.h\n'}
[23.447660] (unitree_ros2_example) StdoutLine: {'line': b'-- Looking for pthread.h - found\n'}
[23.447976] (unitree_ros2_example) StdoutLine: {'line': b'-- Performing Test CMAKE_HAVE_LIBC_PTHREAD\n'}
[23.481732] (-) TimerEvent: {}
[23.513725] (unitree_ros2_example) StdoutLine: {'line': b'-- Performing Test CMAKE_HAVE_LIBC_PTHREAD - Success\n'}
[23.514594] (unitree_ros2_example) StdoutLine: {'line': b'-- Found Threads: TRUE  \n'}
[23.552274] (unitree_ros2_example) StdoutLine: {'line': b'-- Found rosbag2_cpp: 0.15.15 (/opt/ros/humble/share/rosbag2_cpp/cmake)\n'}
[23.581779] (-) TimerEvent: {}
[23.623020] (unitree_ros2_example) StdoutLine: {'line': b'-- Found yaml-cpp version 0.7.0\n'}
[23.627098] (unitree_ros2_example) StdoutLine: {'line': b'-- Found ament_lint_auto: 0.12.14 (/opt/ros/humble/share/ament_lint_auto/cmake)\n'}
[23.681881] (-) TimerEvent: {}
[23.692804] (unitree_ros2_example) StdoutLine: {'line': b"-- Added test 'copyright' to check source files copyright and LICENSE\n"}
[23.698387] (unitree_ros2_example) StdoutLine: {'line': b"-- Added test 'cppcheck' to perform static code analysis on C / C++ code\n"}
[23.700086] (unitree_ros2_example) StdoutLine: {'line': b'-- Configured cppcheck include dirs: /home/elijah/go2-convex-mpc/ros2_ws/src/unitree_ros2/example/src/include;/home/elijah/go2-convex-mpc/ros2_ws/src/unitree_ros2/example/src/include/common;/home/elijah/go2-convex-mpc/ros2_ws/src/unitree_ros2/example/src/include/nlohmann\n'}
[23.700180] (unitree_ros2_example) StdoutLine: {'line': b'-- Configured cppcheck exclude dirs and/or files: \n'}
[23.705744] (unitree_ros2_example) StdoutLine: {'line': b"-- Added test 'cpplint' to check C / C++ code against the Google style\n"}
[23.705847] (unitree_ros2_example) StdoutLine: {'line': b'-- Configured cpplint exclude dirs and/or files: \n'}
[23.707992] (unitree_ros2_example) StdoutLine: {'line': b"-- Added test 'lint_cmake' to check CMake code style\n"}
[23.713919] (unitree_ros2_example) StdoutLine: {'line': b"-- Added test 'uncrustify' to check C / C++ code style\n"}
[23.714002] (unitree_ros2_example) StdoutLine: {'line': b'-- Configured uncrustify additional arguments: \n'}
[23.714879] (unitree_ros2_example) StdoutLine: {'line': b"-- Added test 'xmllint' to check XML markup files\n"}
[23.716116] (unitree_ros2_example) StdoutLine: {'line': b'-- Configuring done\n'}
[23.781978] (-) TimerEvent: {}
[23.798464] (unitree_ros2_example) StdoutLine: {'line': b'-- Generating done\n'}
[23.825712] (unitree_ros2_example) StdoutLine: {'line': b'-- Build files have been written to: /home/elijah/go2-convex-mpc/ros2_ws/build/unitree_ros2_example\n'}
[23.839803] (unitree_ros2_example) CommandEnded: {'returncode': 0}
[23.840313] (unitree_ros2_example) JobProgress: {'identifier': 'unitree_ros2_example', 'progress': 'build'}
[23.840637] (unitree_ros2_example) Command: {'cmd': ['/usr/bin/cmake', '--build', '/home/elijah/go2-convex-mpc/ros2_ws/build/unitree_ros2_example', '--', '-j16', '-l16'], 'cwd': '/home/elijah/go2-convex-mpc/ros2_ws/build/unitree_ros2_example', 'env': OrderedDict([('GJS_DEBUG_TOPICS', 'JS ERROR;JS LOG'), ('PYTHON_BASIC_REPL', '1'), ('LESSOPEN', '| /usr/bin/lesspipe %s'), ('CONDA_PROMPT_MODIFIER', ''), ('USER', 'elijah'), ('XDG_SESSION_TYPE', 'x11'), ('GIT_ASKPASS', '/usr/share/code/resources/app/extensions/git/dist/askpass.sh'), ('SHLVL', '1'), ('LD_LIBRARY_PATH', '/home/elijah/go2-convex-mpc/ros2_ws/install/unitree_hg/lib:/home/elijah/go2-convex-mpc/ros2_ws/install/unitree_go/lib:/home/elijah/go2-convex-mpc/ros2_ws/install/unitree_api/lib:/opt/ros/humble/opt/rviz_ogre_vendor/lib:/opt/ros/humble/lib/x86_64-linux-gnu:/opt/ros/humble/lib:/home/elijah/convex-mpc-unitree-go2/third_party/acados/lib'), ('ACADOS_SOURCE_DIR', '/home/elijah/convex-mpc-unitree-go2/third_party/acados'), ('HOME', '/home/elijah'), ('CHROME_DESKTOP', 'code.desktop'), ('CONDA_SHLVL', '0'), ('OLDPWD', '/home/elijah/go2-convex-mpc'), ('TERM_PROGRAM_VERSION', '1.104.2'), ('DESKTOP_SESSION', 'ubuntu'), ('GIO_LAUNCHED_DESKTOP_FILE', '/usr/share/applications/code.desktop'), ('ROS_PYTHON_VERSION', '3'), ('GNOME_SHELL_SESSION_MODE', 'ubuntu'), ('GTK_MODULES', 'gail:atk-bridge'), ('VSCODE_GIT_ASKPASS_MAIN', '/usr/share/code/resources/app/extensions/git/dist/askpass-main.js'), ('VSCODE_GIT_ASKPASS_NODE', '/usr/share/code/code'), ('MANAGERPID', '1248'), ('PYDEVD_DISABLE_FILE_VALIDATION', '1'), ('SYSTEMD_EXEC_PID', '2230'), ('BUNDLED_DEBUGPY_PATH', '/home/elijah/.vscode/extensions/ms-python.debugpy-2025.18.0-linux-x64/bundled/libs/debugpy'), ('VSCODE_PYTHON_AUTOACTIVATE_GUARD', '1'), ('DBUS_SESSION_BUS_ADDRESS', 'unix:path=/run/user/1000/bus'), ('COLORTERM', 'truecolor'), ('_CE_M', ''), ('PYTHONNOUSERSITE', '1'), ('_CONDA_ROOT', '/home/elijah/miniconda3'), ('GIO_LAUNCHED_DESKTOP_FILE_PID', '19285'), ('ROS_DISTRO', 'humble'), ('GTK_IM_MODULE', 'ibus'), ('LOGNAME', 'elijah'), ('JOURNAL_STREAM', '8:23301'), ('_', '/usr/bin/colcon'), ('ROS_VERSION', '2'), ('XDG_SESSION_CLASS', 'user'), ('USERNAME', 'elijah'), ('TERM', 'xterm-256color'), ('GNOME_DESKTOP_SESSION_ID', 'this-is-deprecated'), ('_CE_CONDA', ''), ('ROS_LOCALHOST_ONLY', '0'), ('WINDOWPATH', '2'), ('PATH', '/opt/ros/humble/bin:/home/elijah/MATLAB/R2025b/bin:/home/elijah/.local/bin:/home/elijah/MATLAB/R2025b/bin:/home/elijah/miniconda3/condabin:/home/elijah/.local/bin:/usr/local/sbin:/usr/local/bin:/usr/sbin:/usr/bin:/sbin:/bin:/usr/games:/usr/local/games:/snap/bin:/snap/bin:/home/elijah/.vscode/extensions/ms-python.debugpy-2025.18.0-linux-x64/bundled/scripts/noConfigScripts:/home/elijah/.config/Code/User/globalStorage/github.copilot-chat/debugCommand'), ('SESSION_MANAGER', 'local/blade14:@/tmp/.ICE-unix/2191,unix/blade14:/tmp/.ICE-unix/2191'), ('INVOCATION_ID', '2334c8eb0f6b414eb551b517251acb30'), ('XDG_MENU_PREFIX', 'gnome-'), ('XDG_RUNTIME_DIR', '/run/user/1000'), ('GDK_BACKEND', 'x11'), ('DISPLAY', ':0'), ('VSCODE_DEBUGPY_ADAPTER_ENDPOINTS', '/home/elijah/.vscode/extensions/ms-python.debugpy-2025.18.0-linux-x64/.noConfigDebugAdapterEndpoints/endpoint-e8e5ede5e48c9972.txt'), ('LANG', 'en_US.UTF-8'), ('XDG_CURRENT_DESKTOP', 'Unity'), ('PYTHONSTARTUP', '/home/elijah/.config/Code/User/workspaceStorage/3f9c70443e8b64211a210c374fcd3635/ms-python.python/pythonrc.py'), ('XMODIFIERS', '@im=ibus'), ('XDG_SESSION_DESKTOP', 'ubuntu'), ('XAUTHORITY', '/run/user/1000/gdm/Xauthority'), ('LS_COLORS', 'rs=0:di=01;34:ln=01;36:mh=00:pi=40;33:so=01;35:do=01;35:bd=40;33;01:cd=40;33;01:or=40;31;01:mi=00:su=37;41:sg=30;43:ca=30;41:tw=30;42:ow=34;42:st=37;44:ex=01;32:*.tar=01;31:*.tgz=01;31:*.arc=01;31:*.arj=01;31:*.taz=01;31:*.lha=01;31:*.lz4=01;31:*.lzh=01;31:*.lzma=01;31:*.tlz=01;31:*.txz=01;31:*.tzo=01;31:*.t7z=01;31:*.zip=01;31:*.z=01;31:*.dz=01;31:*.gz=01;31:*.lrz=01;31:*.lz=01;31:*.lzo=01;31:*.xz=01;31:*.zst=01;31:*.tzst=01;31:*.bz2=01;31:*.bz=01;31:*.tbz=01;31:*.tbz2=01;31:*.tz=01;31:*.deb=01;31:*.rpm=01;31:*.jar=01;31:*.war=01;31:*.ear=01;31:*.sar=01;31:*.rar=01;31:*.alz=01;31:*.ace=01;31:*.zoo=01;31:*.cpio=01;31:*.7z=01;31:*.rz=01;31:*.cab=01;31:*.wim=01;31:*.swm=01;31:*.dwm=01;31:*.esd=01;31:*.jpg=01;35:*.jpeg=01;35:*.mjpg=01;35:*.mjpeg=01;35:*.gif=01;35:*.bmp=01;35:*.pbm=01;35:*.pgm=01;35:*.ppm=01;35:*.tga=01;35:*.xbm=01;35:*.xpm=01;35:*.tif=01;35:*.tiff=01;35:*.png=01;35:*.svg=01;35:*.svgz=01;35:*.mng=01;35:*.pcx=01;35:*.mov=01;35:*.mpg=01;35:*.mpeg=01;35:*.m2v=01;35:*.mkv=01;35:*.webm=01;35:*.webp=01;35:*.ogm=01;35:*.mp4=01;35:*.m4v=01;35:*.mp4v=01;35:*.vob=01;35:*.qt=01;35:*.nuv=01;35:*.wmv=01;35:*.asf=01;35:*.rm=01;35:*.rmvb=01;35:*.flc=01;35:*.avi=01;35:*.fli=01;35:*.flv=01;35:*.gl=01;35:*.dl=01;35:*.xcf=01;35:*.xwd=01;35:*.yuv=01;35:*.cgm=01;35:*.emf=01;35:*.ogv=01;35:*.ogx=01;35:*.aac=00;36:*.au=00;36:*.flac=00;36:*.m4a=00;36:*.mid=00;36:*.midi=00;36:*.mka=00;36:*.mp3=00;36:*.mpc=00;36:*.ogg=00;36:*.ra=00;36:*.wav=00;36:*.oga=00;36:*.opus=00;36:*.spx=00;36:*.xspf=00;36:'), ('VSCODE_GIT_IPC_HANDLE', '/run/user/1000/vscode-git-220767a3ce.sock'), ('TERM_PROGRAM', 'vscode'), ('SSH_AGENT_LAUNCHER', 'gnome-keyring'), ('SSH_AUTH_SOCK', '/run/user/1000/keyring/ssh'), ('AMENT_PREFIX_PATH', '/home/elijah/go2-convex-mpc/ros2_ws/install/unitree_hg:/home/elijah/go2-convex-mpc/ros2_ws/install/unitree_go:/home/elijah/go2-convex-mpc/ros2_ws/install/unitree_api:/opt/ros/humble'), ('CONDA_PYTHON_EXE', '/home/elijah/miniconda3/bin/python'), ('ORIGINAL_XDG_CURRENT_DESKTOP', 'ubuntu:GNOME'), ('SHELL', '/bin/bash'), ('QT_ACCESSIBILITY', '1'), ('GDMSESSION', 'ubuntu'), ('LESSCLOSE', '/usr/bin/lesspipe %s %s'), ('CONDA_DEFAULT_ENV', ''), ('GPG_AGENT_INFO', '/run/user/1000/gnupg/S.gpg-agent:0:1'), ('GJS_DEBUG_OUTPUT', 'stderr'), ('_CONDA_EXE', '/home/elijah/miniconda3/bin/conda'), ('VSCODE_GIT_ASKPASS_EXTRA_ARGS', ''), ('QT_IM_MODULE', 'ibus'), ('PWD', '/home/elijah/go2-convex-mpc/ros2_ws/build/unitree_ros2_example'), ('XDG_CONFIG_DIRS', '/etc/xdg/xdg-ubuntu:/etc/xdg'), ('CONDA_EXE', '/home/elijah/miniconda3/bin/conda'), ('XDG_DATA_DIRS', '/usr/share/ubuntu:/usr/share/gnome:/usr/local/share/:/usr/share/:/var/lib/snapd/desktop'), ('PYTHONPATH', '/home/elijah/go2-convex-mpc/ros2_ws/install/unitree_hg/local/lib/python3.10/dist-packages:/home/elijah/go2-convex-mpc/ros2_ws/install/unitree_go/local/lib/python3.10/dist-packages:/home/elijah/go2-convex-mpc/ros2_ws/install/unitree_api/local/lib/python3.10/dist-packages:/opt/ros/humble/lib/python3.10/site-packages:/opt/ros/humble/local/lib/python3.10/dist-packages'), ('CONDA_PREFIX', ''), ('COLCON', '1'), ('CMAKE_PREFIX_PATH', '/home/elijah/go2-convex-mpc/ros2_ws/install/unitree_hg:/home/elijah/go2-convex-mpc/ros2_ws/install/unitree_go:/home/elijah/go2-convex-mpc/ros2_ws/install/unitree_api:/opt/ros/humble')]), 'shell': False}
[23.882185] (-) TimerEvent: {}
[23.907247] (unitree_ros2_example) StdoutLine: {'line': b'[  3%] \x1b[32mBuilding CXX object CMakeFiles/low_level_ctrl.dir/src/low_level_ctrl.cpp.o\x1b[0m\n'}
[23.908905] (unitree_ros2_example) StdoutLine: {'line': b'[  3%] \x1b[32mBuilding CXX object CMakeFiles/low_level_ctrl_hg.dir/src/h1-2/lowlevel/low_level_ctrl_hg.cpp.o\x1b[0m\n'}
[23.909162] (unitree_ros2_example) StdoutLine: {'line': b'[  5%] \x1b[32mBuilding CXX object CMakeFiles/go2_sport_client.dir/src/go2/go2_sport_client.cpp.o\x1b[0m\n'}
[23.909295] (unitree_ros2_example) StdoutLine: {'line': b'[  6%] \x1b[32mBuilding CXX object CMakeFiles/read_motion_state.dir/src/read_motion_state.cpp.o\x1b[0m\n'}
[23.909393] (unitree_ros2_example) StdoutLine: {'line': b'[  8%] \x1b[32mBuilding CXX object CMakeFiles/read_low_state.dir/src/read_low_state.cpp.o\x1b[0m\n'}
[23.909486] (unitree_ros2_example) StdoutLine: {'line': b'[ 10%] \x1b[32mBuilding CXX object CMakeFiles/go2_stand_example.dir/src/go2/go2_stand_example.cpp.o\x1b[0m\n'}
[23.909568] (unitree_ros2_example) StdoutLine: {'line': b'[ 12%] \x1b[32mBuilding CXX object CMakeFiles/g1_arm_action_example.dir/src/g1/high_level/g1_arm_action_example.cpp.o\x1b[0m\n'}
[23.910123] (unitree_ros2_example) StdoutLine: {'line': b'[ 15%] \x1b[32mBuilding CXX object CMakeFiles/g1_ankle_swing_example.dir/src/g1/lowlevel/g1_ankle_swing_example.cpp.o\x1b[0m\n'}
[23.910212] (unitree_ros2_example) StdoutLine: {'line': b'[ 15%] \x1b[32mBuilding CXX object CMakeFiles/go2_robot_state_client.dir/src/go2/go2_robot_state_client.cpp.o\x1b[0m\n'}
[23.910270] (unitree_ros2_example) StdoutLine: {'line': b'[ 17%] \x1b[32mBuilding CXX object CMakeFiles/read_low_state_hg.dir/src/read_low_state_hg.cpp.o\x1b[0m\n'}
[23.910328] (unitree_ros2_example) StdoutLine: {'line': b'[ 18%] \x1b[32mBuilding CXX object CMakeFiles/g1_arm_sdk_dds_example.dir/src/g1/high_level/g1_arm_sdk_dds_example.cpp.o\x1b[0m\n'}
[23.910384] (unitree_ros2_example) StdoutLine: {'line': b'[ 22%] \x1b[32mBuilding CXX object CMakeFiles/g1_loco_client_example.dir/src/g1/high_level/loco_client_example.cpp.o\x1b[0m\n'}
[23.910440] (unitree_ros2_example) StdoutLine: {'line': b'[ 22%] \x1b[32mBuilding CXX object CMakeFiles/g1_dex3_example.dir/src/g1/dex3/g1_dex3_example.cpp.o\x1b[0m\n'}
[23.910627] (unitree_ros2_example) StdoutLine: {'line': b'[ 24%] \x1b[32mBuilding CXX object CMakeFiles/read_wireless_controller.dir/src/read_wireless_controller.cpp.o\x1b[0m\n'}
[23.912732] (unitree_ros2_example) StdoutLine: {'line': b'[ 25%] \x1b[32mBuilding CXX object CMakeFiles/g1_low_level_example.dir/src/g1/lowlevel/g1_low_level_example.cpp.o\x1b[0m\n'}
[23.917188] (unitree_ros2_example) StdoutLine: {'line': b'[ 27%] \x1b[32mBuilding CXX object CMakeFiles/g1_audio_client_example.dir/src/g1/audio_client/g1_audio_client_example.cpp.o\x1b[0m\n'}
[23.985651] (-) TimerEvent: {}
[24.085859] (unitree_ros2_example) StderrLine: {'line': b'In file included from \x1b[01m\x1b[K/home/elijah/go2-convex-mpc/ros2_ws/src/unitree_ros2/example/src/src/g1/high_level/g1_arm_action_example.cpp:11\x1b[m\x1b[K:\n'}
[24.086233] (-) TimerEvent: {}
[24.086482] (unitree_ros2_example) StderrLine: {'line': b'\x1b[01m\x1b[K/home/elijah/go2-convex-mpc/ros2_ws/src/unitree_ros2/example/src/include/common/ut_errror.hpp:13:59:\x1b[m\x1b[K \x1b[01;35m\x1b[Kwarning: \x1b[m\x1b[Kbackslash-newline at end of file\n'}
[24.086682] (unitree_ros2_example) StderrLine: {'line': b'   13 | #define UT_PRINT_ERR(code, error)                         \\\n'}
[24.086823] (unitree_ros2_example) StderrLine: {'line': b'      |                                                            \n'}
[24.186358] (-) TimerEvent: {}
[24.286776] (-) TimerEvent: {}
[24.387217] (-) TimerEvent: {}
[24.401373] (unitree_ros2_example) StderrLine: {'line': b'In file included from \x1b[01m\x1b[K/home/elijah/go2-convex-mpc/ros2_ws/src/unitree_ros2/example/src/include/common/base_client.hpp:11\x1b[m\x1b[K,\n'}
[24.402450] (unitree_ros2_example) StderrLine: {'line': b'                 from \x1b[01m\x1b[K/home/elijah/go2-convex-mpc/ros2_ws/src/unitree_ros2/example/src/include/g1/g1_loco_client.hpp:10\x1b[m\x1b[K,\n'}
[24.403136] (unitree_ros2_example) StderrLine: {'line': b'                 from \x1b[01m\x1b[K/home/elijah/go2-convex-mpc/ros2_ws/src/unitree_ros2/example/src/src/g1/high_level/loco_client_example.cpp:3\x1b[m\x1b[K:\n'}
[24.403745] (unitree_ros2_example) StderrLine: {'line': b'\x1b[01m\x1b[K/home/elijah/go2-convex-mpc/ros2_ws/src/unitree_ros2/example/src/include/common/ut_errror.hpp:13:59:\x1b[m\x1b[K \x1b[01;35m\x1b[Kwarning: \x1b[m\x1b[Kbackslash-newline at end of file\n'}
[24.404402] (unitree_ros2_example) StderrLine: {'line': b'   13 | #define UT_PRINT_ERR(code, error)                         \\\n'}
[24.406277] (unitree_ros2_example) StderrLine: {'line': b'      |                                                            \n'}
[24.415122] (unitree_ros2_example) StderrLine: {'line': b'In file included from \x1b[01m\x1b[K/home/elijah/go2-convex-mpc/ros2_ws/src/unitree_ros2/example/src/include/common/base_client.hpp:11\x1b[m\x1b[K,\n'}
[24.417937] (unitree_ros2_example) StderrLine: {'line': b'                 from \x1b[01m\x1b[K/home/elijah/go2-convex-mpc/ros2_ws/src/unitree_ros2/example/src/include/g1/g1_audio_client.hpp:6\x1b[m\x1b[K,\n'}
[24.418713] (unitree_ros2_example) StderrLine: {'line': b'                 from \x1b[01m\x1b[K/home/elijah/go2-convex-mpc/ros2_ws/src/unitree_ros2/example/src/src/g1/audio_client/g1_audio_client_example.cpp:11\x1b[m\x1b[K:\n'}
[24.419462] (unitree_ros2_example) StderrLine: {'line': b'\x1b[01m\x1b[K/home/elijah/go2-convex-mpc/ros2_ws/src/unitree_ros2/example/src/include/common/ut_errror.hpp:13:59:\x1b[m\x1b[K \x1b[01;35m\x1b[Kwarning: \x1b[m\x1b[Kbackslash-newline at end of file\n'}
[24.420125] (unitree_ros2_example) StderrLine: {'line': b'   13 | #define UT_PRINT_ERR(code, error)                         \\\n'}
[24.420783] (unitree_ros2_example) StderrLine: {'line': b'      |                                                            \n'}
[24.487383] (-) TimerEvent: {}
[24.591095] (-) TimerEvent: {}
[24.691651] (-) TimerEvent: {}
[24.792158] (-) TimerEvent: {}
[24.892683] (-) TimerEvent: {}
[24.993250] (-) TimerEvent: {}
[25.097720] (-) TimerEvent: {}
[25.200702] (-) TimerEvent: {}
[25.301208] (-) TimerEvent: {}
[25.401709] (-) TimerEvent: {}
[25.505716] (-) TimerEvent: {}
[25.606231] (-) TimerEvent: {}
[25.706714] (-) TimerEvent: {}
[25.807227] (-) TimerEvent: {}
[25.907736] (-) TimerEvent: {}
[26.008442] (-) TimerEvent: {}
[26.109019] (-) TimerEvent: {}
[26.210696] (-) TimerEvent: {}
[26.311227] (-) TimerEvent: {}
[26.411879] (-) TimerEvent: {}
[26.513820] (-) TimerEvent: {}
[26.614310] (-) TimerEvent: {}
[26.718688] (-) TimerEvent: {}
[26.819159] (-) TimerEvent: {}
[26.919706] (-) TimerEvent: {}
[27.020189] (-) TimerEvent: {}
[27.120706] (-) TimerEvent: {}
[27.221194] (-) TimerEvent: {}
[27.322705] (-) TimerEvent: {}
[27.423209] (-) TimerEvent: {}
[27.528693] (-) TimerEvent: {}
[27.629175] (-) TimerEvent: {}
[27.730390] (-) TimerEvent: {}
[27.831560] (-) TimerEvent: {}
[27.932804] (-) TimerEvent: {}
[28.033957] (-) TimerEvent: {}
[28.134700] (-) TimerEvent: {}
[28.235718] (-) TimerEvent: {}
[28.340064] (-) TimerEvent: {}
[28.440817] (-) TimerEvent: {}
[28.541521] (-) TimerEvent: {}
[28.642292] (-) TimerEvent: {}
[28.743002] (-) TimerEvent: {}
[28.843771] (-) TimerEvent: {}
[28.944489] (-) TimerEvent: {}
[29.047700] (-) TimerEvent: {}
[29.148424] (-) TimerEvent: {}
[29.249101] (-) TimerEvent: {}
[29.349827] (-) TimerEvent: {}
[29.450522] (-) TimerEvent: {}
[29.554681] (-) TimerEvent: {}
[29.655325] (-) TimerEvent: {}
[29.756011] (-) TimerEvent: {}
[29.856719] (-) TimerEvent: {}
[29.957441] (-) TimerEvent: {}
[30.058060] (-) TimerEvent: {}
[30.158520] (-) TimerEvent: {}
[30.259182] (-) TimerEvent: {}
[30.360687] (-) TimerEvent: {}
[30.461410] (-) TimerEvent: {}
[30.563014] (-) TimerEvent: {}
[30.663695] (-) TimerEvent: {}
[30.767699] (-) TimerEvent: {}
[30.868342] (-) TimerEvent: {}
[30.968982] (-) TimerEvent: {}
[31.069661] (-) TimerEvent: {}
[31.170294] (-) TimerEvent: {}
[31.270969] (-) TimerEvent: {}
[31.289621] (unitree_ros2_example) StdoutLine: {'line': b'[ 29%] \x1b[32mBuilding CXX object CMakeFiles/low_level_ctrl.dir/src/common/motor_crc.cpp.o\x1b[0m\n'}
[31.371153] (-) TimerEvent: {}
[31.471867] (-) TimerEvent: {}
[31.572536] (-) TimerEvent: {}
[31.673214] (-) TimerEvent: {}
[31.773878] (-) TimerEvent: {}
[31.878075] (-) TimerEvent: {}
[31.978856] (-) TimerEvent: {}
[32.079522] (-) TimerEvent: {}
[32.180234] (-) TimerEvent: {}
[32.280959] (-) TimerEvent: {}
[32.381693] (-) TimerEvent: {}
[32.482396] (-) TimerEvent: {}
[32.586042] (-) TimerEvent: {}
[32.686716] (-) TimerEvent: {}
[32.787442] (-) TimerEvent: {}
[32.888216] (-) TimerEvent: {}
[32.988978] (-) TimerEvent: {}
[33.093698] (-) TimerEvent: {}
[33.194369] (-) TimerEvent: {}
[33.295093] (-) TimerEvent: {}
[33.395695] (-) TimerEvent: {}
[33.496357] (-) TimerEvent: {}
[33.597067] (-) TimerEvent: {}
[33.697933] (-) TimerEvent: {}
[33.798378] (-) TimerEvent: {}
[33.899085] (-) TimerEvent: {}
[34.001821] (-) TimerEvent: {}
[34.102821] (-) TimerEvent: {}
[34.203502] (-) TimerEvent: {}
[34.304177] (-) TimerEvent: {}
[34.404753] (-) TimerEvent: {}
[34.507833] (-) TimerEvent: {}
[34.608472] (-) TimerEvent: {}
[34.709083] (-) TimerEvent: {}
[34.809703] (-) TimerEvent: {}
[34.910417] (-) TimerEvent: {}
[35.011049] (-) TimerEvent: {}
[35.112879] (-) TimerEvent: {}
[35.217396] (-) TimerEvent: {}
[35.318841] (-) TimerEvent: {}
[35.419391] (-) TimerEvent: {}
[35.523890] (-) TimerEvent: {}
[35.624289] (-) TimerEvent: {}
[35.724696] (-) TimerEvent: {}
[35.825280] (-) TimerEvent: {}
[35.925719] (-) TimerEvent: {}
[36.026211] (-) TimerEvent: {}
[36.130757] (-) TimerEvent: {}
[36.232304] (-) TimerEvent: {}
[36.335010] (-) TimerEvent: {}
[36.436240] (-) TimerEvent: {}
[36.542762] (-) TimerEvent: {}
[36.643343] (-) TimerEvent: {}
[36.744736] (-) TimerEvent: {}
[36.845875] (-) TimerEvent: {}
[36.948099] (-) TimerEvent: {}
[37.048927] (-) TimerEvent: {}
[37.153932] (-) TimerEvent: {}
[37.255490] (-) TimerEvent: {}
[37.356385] (-) TimerEvent: {}
[37.458577] (-) TimerEvent: {}
[37.464072] (unitree_ros2_example) StdoutLine: {'line': b'[ 31%] \x1b[32m\x1b[1mLinking CXX executable low_level_ctrl\x1b[0m\n'}
[37.560726] (-) TimerEvent: {}
[37.661212] (-) TimerEvent: {}
[37.761747] (-) TimerEvent: {}
[37.864124] (-) TimerEvent: {}
[37.898655] (unitree_ros2_example) StdoutLine: {'line': b'[ 32%] \x1b[32m\x1b[1mLinking CXX executable read_wireless_controller\x1b[0m\n'}
[37.964312] (-) TimerEvent: {}
[38.020995] (unitree_ros2_example) StdoutLine: {'line': b'[ 34%] \x1b[32m\x1b[1mLinking CXX executable read_low_state_hg\x1b[0m\n'}
[38.064485] (-) TimerEvent: {}
[38.165324] (-) TimerEvent: {}
[38.237769] (unitree_ros2_example) StdoutLine: {'line': b'[ 36%] \x1b[32m\x1b[1mLinking CXX executable read_low_state\x1b[0m\n'}
[38.265529] (-) TimerEvent: {}
[38.367265] (-) TimerEvent: {}
[38.383619] (unitree_ros2_example) StdoutLine: {'line': b'[ 37%] \x1b[32m\x1b[1mLinking CXX executable read_motion_state\x1b[0m\n'}
[38.467459] (-) TimerEvent: {}
[38.569972] (-) TimerEvent: {}
[38.644111] (unitree_ros2_example) StdoutLine: {'line': b'[ 39%] \x1b[32mBuilding CXX object CMakeFiles/low_level_ctrl_hg.dir/src/common/motor_crc_hg.cpp.o\x1b[0m\n'}
[38.673137] (-) TimerEvent: {}
[38.740765] (unitree_ros2_example) StdoutLine: {'line': b'[ 39%] Built target low_level_ctrl\n'}
[38.774751] (-) TimerEvent: {}
[38.790940] (unitree_ros2_example) StdoutLine: {'line': b'[ 41%] \x1b[32mBuilding CXX object CMakeFiles/b2w_sport_client.dir/src/b2w/b2w_sport_client.cpp.o\x1b[0m\n'}
[38.876705] (-) TimerEvent: {}
[38.896334] (unitree_ros2_example) StdoutLine: {'line': b'[ 43%] \x1b[32mBuilding CXX object CMakeFiles/g1_low_level_example.dir/src/common/motor_crc_hg.cpp.o\x1b[0m\n'}
[38.977427] (-) TimerEvent: {}
[39.077957] (-) TimerEvent: {}
[39.179112] (-) TimerEvent: {}
[39.210451] (unitree_ros2_example) StdoutLine: {'line': b'[ 43%] Built target read_low_state_hg\n'}
[39.229150] (unitree_ros2_example) StdoutLine: {'line': b'[ 44%] \x1b[32mBuilding CXX object CMakeFiles/g1_loco_client_example.dir/src/common/motor_crc.cpp.o\x1b[0m\n'}
[39.245686] (unitree_ros2_example) StdoutLine: {'line': b'[ 44%] Built target read_wireless_controller\n'}
[39.261397] (unitree_ros2_example) StdoutLine: {'line': b'[ 46%] \x1b[32mBuilding CXX object CMakeFiles/go2_sport_client.dir/src/common/ros2_sport_client.cpp.o\x1b[0m\n'}
[39.281677] (-) TimerEvent: {}
[39.382081] (-) TimerEvent: {}
[39.429267] (unitree_ros2_example) StdoutLine: {'line': b'[ 46%] Built target read_low_state\n'}
[39.457661] (unitree_ros2_example) StdoutLine: {'line': b'[ 48%] \x1b[32mBuilding CXX object CMakeFiles/g1_dex3_example.dir/src/common/motor_crc.cpp.o\x1b[0m\n'}
[39.460108] (unitree_ros2_example) StdoutLine: {'line': b'[ 48%] Built target read_motion_state\n'}
[39.474889] (unitree_ros2_example) StdoutLine: {'line': b'[ 50%] \x1b[32mBuilding CXX object CMakeFiles/go2_stand_example.dir/src/common/motor_crc.cpp.o\x1b[0m\n'}
[39.482642] (-) TimerEvent: {}
[39.583688] (-) TimerEvent: {}
[39.687690] (-) TimerEvent: {}
[39.788223] (-) TimerEvent: {}
[39.888808] (-) TimerEvent: {}
[39.989264] (-) TimerEvent: {}
[40.089702] (-) TimerEvent: {}
[40.127730] (unitree_ros2_example) StdoutLine: {'line': b'[ 51%] \x1b[32mBuilding CXX object CMakeFiles/g1_arm_sdk_dds_example.dir/src/common/motor_crc.cpp.o\x1b[0m\n'}
[40.175064] (unitree_ros2_example) StdoutLine: {'line': b'[ 53%] \x1b[32mBuilding CXX object CMakeFiles/g1_arm_action_example.dir/src/common/motor_crc.cpp.o\x1b[0m\n'}
[40.189840] (-) TimerEvent: {}
[40.290895] (-) TimerEvent: {}
[40.391348] (-) TimerEvent: {}
[40.493832] (-) TimerEvent: {}
[40.594278] (-) TimerEvent: {}
[40.694698] (-) TimerEvent: {}
[40.795146] (-) TimerEvent: {}
[40.895652] (-) TimerEvent: {}
[40.999904] (-) TimerEvent: {}
[41.100385] (-) TimerEvent: {}
[41.124326] (unitree_ros2_example) StdoutLine: {'line': b'[ 55%] \x1b[32mBuilding CXX object CMakeFiles/g1_ankle_swing_example.dir/src/common/motor_crc_hg.cpp.o\x1b[0m\n'}
[41.200527] (-) TimerEvent: {}
[41.301364] (-) TimerEvent: {}
[41.401839] (-) TimerEvent: {}
[41.502292] (-) TimerEvent: {}
[41.602683] (-) TimerEvent: {}
[41.705704] (-) TimerEvent: {}
[41.806162] (-) TimerEvent: {}
[41.906626] (-) TimerEvent: {}
[42.007103] (-) TimerEvent: {}
[42.107565] (-) TimerEvent: {}
[42.208019] (-) TimerEvent: {}
[42.308764] (-) TimerEvent: {}
[42.412696] (-) TimerEvent: {}
[42.513162] (-) TimerEvent: {}
[42.613647] (-) TimerEvent: {}
[42.714112] (-) TimerEvent: {}
[42.814570] (-) TimerEvent: {}
[42.903715] (unitree_ros2_example) StdoutLine: {'line': b'[ 56%] \x1b[32mBuilding CXX object CMakeFiles/b2w_sport_client.dir/src/common/ros2_b2_sport_client.cpp.o\x1b[0m\n'}
[42.914711] (-) TimerEvent: {}
[43.015201] (-) TimerEvent: {}
[43.115676] (-) TimerEvent: {}
[43.154690] (unitree_ros2_example) StdoutLine: {'line': b'[ 58%] \x1b[32mBuilding CXX object CMakeFiles/go2_robot_state_client.dir/src/common/motor_crc.cpp.o\x1b[0m\n'}
[43.215820] (-) TimerEvent: {}
[43.300327] (unitree_ros2_example) StdoutLine: {'line': b'[ 60%] \x1b[32m\x1b[1mLinking CXX executable g1_audio_client_example\x1b[0m\n'}
[43.315967] (-) TimerEvent: {}
[43.416622] (-) TimerEvent: {}
[43.520067] (-) TimerEvent: {}
[43.620602] (-) TimerEvent: {}
[43.721122] (-) TimerEvent: {}
[43.821694] (-) TimerEvent: {}
[43.922212] (-) TimerEvent: {}
[44.022702] (-) TimerEvent: {}
[44.093063] (unitree_ros2_example) StdoutLine: {'line': b'[ 62%] \x1b[32mBuilding CXX object CMakeFiles/b2w_stand_example.dir/src/b2w/b2w_stand_example.cpp.o\x1b[0m\n'}
[44.122839] (-) TimerEvent: {}
[44.223946] (-) TimerEvent: {}
[44.268424] (unitree_ros2_example) StdoutLine: {'line': b'[ 63%] \x1b[32m\x1b[1mLinking CXX executable g1_low_level_example\x1b[0m\n'}
[44.324059] (-) TimerEvent: {}
[44.427074] (-) TimerEvent: {}
[44.429278] (unitree_ros2_example) StdoutLine: {'line': b'[ 65%] \x1b[32mBuilding CXX object CMakeFiles/b2w_stand_example.dir/src/common/motor_crc.cpp.o\x1b[0m\n'}
[44.506017] (unitree_ros2_example) StdoutLine: {'line': b'[ 67%] \x1b[32m\x1b[1mLinking CXX executable low_level_ctrl_hg\x1b[0m\n'}
[44.527221] (-) TimerEvent: {}
[44.528683] (unitree_ros2_example) StdoutLine: {'line': b'[ 67%] Built target g1_audio_client_example\n'}
[44.589792] (unitree_ros2_example) StdoutLine: {'line': b'[ 68%] \x1b[32mBuilding CXX object CMakeFiles/b2_stand_example.dir/src/b2/b2_stand_example.cpp.o\x1b[0m\n'}
[44.611824] (unitree_ros2_example) StderrLine: {'line': b'In file included from \x1b[01m\x1b[K/home/elijah/go2-convex-mpc/ros2_ws/src/unitree_ros2/example/src/include/common/b2_base_client.hpp:16\x1b[m\x1b[K,\n'}
[44.612965] (unitree_ros2_example) StderrLine: {'line': b'                 from \x1b[01m\x1b[K/home/elijah/go2-convex-mpc/ros2_ws/src/unitree_ros2/example/src/include/b2/b2_motion_switch_client.hpp:11\x1b[m\x1b[K,\n'}
[44.613627] (unitree_ros2_example) StderrLine: {'line': b'                 from \x1b[01m\x1b[K/home/elijah/go2-convex-mpc/ros2_ws/src/unitree_ros2/example/src/src/b2w/b2w_stand_example.cpp:11\x1b[m\x1b[K:\n'}
[44.614221] (unitree_ros2_example) StderrLine: {'line': b'\x1b[01m\x1b[K/home/elijah/go2-convex-mpc/ros2_ws/src/unitree_ros2/example/src/include/common/ut_errror.hpp:13:59:\x1b[m\x1b[K \x1b[01;35m\x1b[Kwarning: \x1b[m\x1b[Kbackslash-newline at end of file\n'}
[44.614793] (unitree_ros2_example) StderrLine: {'line': b'   13 | #define UT_PRINT_ERR(code, error)                         \\\n'}
[44.619145] (unitree_ros2_example) StderrLine: {'line': b'      |                                                            \n'}
[44.627368] (-) TimerEvent: {}
[44.728806] (-) TimerEvent: {}
[44.829917] (-) TimerEvent: {}
[44.930478] (-) TimerEvent: {}
[45.027505] (unitree_ros2_example) StdoutLine: {'line': b'[ 70%] \x1b[32mBuilding CXX object CMakeFiles/b2_sport_client.dir/src/b2/b2_sport_client.cpp.o\x1b[0m\n'}
[45.030593] (-) TimerEvent: {}
[45.078756] (unitree_ros2_example) StdoutLine: {'line': b'[ 72%] \x1b[32m\x1b[1mLinking CXX executable g1_loco_client_example\x1b[0m\n'}
[45.117350] (unitree_ros2_example) StderrLine: {'line': b'In file included from \x1b[01m\x1b[K/home/elijah/go2-convex-mpc/ros2_ws/src/unitree_ros2/example/src/include/common/b2_base_client.hpp:16\x1b[m\x1b[K,\n'}
[45.117779] (unitree_ros2_example) StderrLine: {'line': b'                 from \x1b[01m\x1b[K/home/elijah/go2-convex-mpc/ros2_ws/src/unitree_ros2/example/src/include/b2/b2_motion_switch_client.hpp:11\x1b[m\x1b[K,\n'}
[45.117939] (unitree_ros2_example) StderrLine: {'line': b'                 from \x1b[01m\x1b[K/home/elijah/go2-convex-mpc/ros2_ws/src/unitree_ros2/example/src/src/b2/b2_stand_example.cpp:11\x1b[m\x1b[K:\n'}
[45.118039] (unitree_ros2_example) StderrLine: {'line': b'\x1b[01m\x1b[K/home/elijah/go2-convex-mpc/ros2_ws/src/unitree_ros2/example/src/include/common/ut_errror.hpp:13:59:\x1b[m\x1b[K \x1b[01;35m\x1b[Kwarning: \x1b[m\x1b[Kbackslash-newline at end of file\n'}
[45.118129] (unitree_ros2_example) StderrLine: {'line': b'   13 | #define UT_PRINT_ERR(code, error)                         \\\n'}
[45.118201] (unitree_ros2_example) StderrLine: {'line': b'      |                                                            \n'}
[45.130692] (-) TimerEvent: {}
[45.231325] (-) TimerEvent: {}
[45.331795] (-) TimerEvent: {}
[45.432240] (-) TimerEvent: {}
[45.468754] (unitree_ros2_example) StdoutLine: {'line': b'[ 72%] Built target g1_low_level_example\n'}
[45.484655] (unitree_ros2_example) StdoutLine: {'line': b'[ 74%] \x1b[32m\x1b[1mLinking CXX executable g1_dex3_example\x1b[0m\n'}
[45.486631] (unitree_ros2_example) StdoutLine: {'line': b'[ 75%] \x1b[32mBuilding CXX object CMakeFiles/b2_sport_client.dir/src/common/ros2_b2_sport_client.cpp.o\x1b[0m\n'}
[45.495559] (unitree_ros2_example) StdoutLine: {'line': b'[ 75%] Built target low_level_ctrl_hg\n'}
[45.518677] (unitree_ros2_example) StdoutLine: {'line': b'[ 77%] \x1b[32mBuilding CXX object CMakeFiles/b2_stand_example.dir/src/common/motor_crc.cpp.o\x1b[0m\n'}
[45.532418] (-) TimerEvent: {}
[45.547196] (unitree_ros2_example) StdoutLine: {'line': b'[ 79%] \x1b[32m\x1b[1mLinking CXX executable go2_stand_example\x1b[0m\n'}
[45.632563] (-) TimerEvent: {}
[45.736710] (-) TimerEvent: {}
[45.837360] (-) TimerEvent: {}
[45.938028] (-) TimerEvent: {}
[46.038648] (-) TimerEvent: {}
[46.091905] (unitree_ros2_example) StdoutLine: {'line': b'[ 81%] \x1b[32m\x1b[1mLinking CXX executable g1_arm_action_example\x1b[0m\n'}
[46.138829] (-) TimerEvent: {}
[46.156429] (unitree_ros2_example) StdoutLine: {'line': b'[ 82%] \x1b[32m\x1b[1mLinking CXX executable g1_arm_sdk_dds_example\x1b[0m\n'}
[46.238974] (-) TimerEvent: {}
[46.339720] (-) TimerEvent: {}
[46.440368] (-) TimerEvent: {}
[46.541890] (-) TimerEvent: {}
[46.642420] (-) TimerEvent: {}
[46.743849] (-) TimerEvent: {}
[46.827852] (unitree_ros2_example) StdoutLine: {'line': b'[ 82%] Built target g1_loco_client_example\n'}
[46.845721] (-) TimerEvent: {}
[46.890505] (unitree_ros2_example) StdoutLine: {'line': b'[ 84%] \x1b[32mBuilding CXX object CMakeFiles/g1_dual_arm_example.dir/src/g1/lowlevel/g1_dual_arm_example.cpp.o\x1b[0m\n'}
[46.896266] (unitree_ros2_example) StdoutLine: {'line': b'[ 84%] Built target go2_stand_example\n'}
[46.917773] (unitree_ros2_example) StdoutLine: {'line': b'[ 86%] \x1b[32mBuilding CXX object CMakeFiles/g1_dual_arm_example.dir/src/common/motor_crc_hg.cpp.o\x1b[0m\n'}
[46.945875] (-) TimerEvent: {}
[46.981940] (unitree_ros2_example) StdoutLine: {'line': b'[ 86%] Built target g1_dex3_example\n'}
[47.046001] (-) TimerEvent: {}
[47.111475] (unitree_ros2_example) StdoutLine: {'line': b'[ 87%] \x1b[32m\x1b[1mLinking CXX executable g1_ankle_swing_example\x1b[0m\n'}
[47.146139] (-) TimerEvent: {}
[47.246610] (-) TimerEvent: {}
[47.331436] (unitree_ros2_example) StdoutLine: {'line': b'[ 87%] Built target g1_arm_sdk_dds_example\n'}
[47.346719] (-) TimerEvent: {}
[47.447127] (unitree_ros2_example) StderrLine: {'line': b'In file included from \x1b[01m\x1b[K/home/elijah/go2-convex-mpc/ros2_ws/src/unitree_ros2/example/src/include/common/base_client.hpp:11\x1b[m\x1b[K,\n'}
[47.447497] (-) TimerEvent: {}
[47.447740] (unitree_ros2_example) StderrLine: {'line': b'                 from \x1b[01m\x1b[K/home/elijah/go2-convex-mpc/ros2_ws/src/unitree_ros2/example/src/include/g1/g1_motion_switch_client.hpp:11\x1b[m\x1b[K,\n'}
[47.447954] (unitree_ros2_example) StderrLine: {'line': b'                 from \x1b[01m\x1b[K/home/elijah/go2-convex-mpc/ros2_ws/src/unitree_ros2/example/src/src/g1/lowlevel/g1_dual_arm_example.cpp:18\x1b[m\x1b[K:\n'}
[47.448112] (unitree_ros2_example) StderrLine: {'line': b'\x1b[01m\x1b[K/home/elijah/go2-convex-mpc/ros2_ws/src/unitree_ros2/example/src/include/common/ut_errror.hpp:13:59:\x1b[m\x1b[K \x1b[01;35m\x1b[Kwarning: \x1b[m\x1b[Kbackslash-newline at end of file\n'}
[47.448255] (unitree_ros2_example) StderrLine: {'line': b'   13 | #define UT_PRINT_ERR(code, error)                         \\\n'}
[47.448361] (unitree_ros2_example) StderrLine: {'line': b'      |                                                            \n'}
[47.478861] (unitree_ros2_example) StdoutLine: {'line': b'[ 87%] Built target g1_arm_action_example\n'}
[47.547712] (-) TimerEvent: {}
[47.652102] (-) TimerEvent: {}
[47.753731] (-) TimerEvent: {}
[47.854258] (-) TimerEvent: {}
[47.954808] (-) TimerEvent: {}
[48.055311] (-) TimerEvent: {}
[48.155854] (-) TimerEvent: {}
[48.256383] (-) TimerEvent: {}
[48.278324] (unitree_ros2_example) StdoutLine: {'line': b'[ 87%] Built target g1_ankle_swing_example\n'}
[48.356523] (-) TimerEvent: {}
[48.457022] (-) TimerEvent: {}
[48.557525] (-) TimerEvent: {}
[48.657994] (-) TimerEvent: {}
[48.710896] (unitree_ros2_example) StdoutLine: {'line': b'[ 89%] \x1b[32m\x1b[1mLinking CXX executable go2_robot_state_client\x1b[0m\n'}
[48.758708] (-) TimerEvent: {}
[48.859116] (-) TimerEvent: {}
[48.959559] (-) TimerEvent: {}
[49.060017] (-) TimerEvent: {}
[49.160520] (-) TimerEvent: {}
[49.261202] (-) TimerEvent: {}
[49.361691] (-) TimerEvent: {}
[49.462403] (-) TimerEvent: {}
[49.565969] (-) TimerEvent: {}
[49.663363] (unitree_ros2_example) StdoutLine: {'line': b'[ 89%] Built target go2_robot_state_client\n'}
[49.666060] (-) TimerEvent: {}
[49.766437] (-) TimerEvent: {}
[49.866935] (-) TimerEvent: {}
[49.967372] (-) TimerEvent: {}
[50.067793] (-) TimerEvent: {}
[50.168223] (-) TimerEvent: {}
[50.268746] (-) TimerEvent: {}
[50.369145] (-) TimerEvent: {}
[50.469572] (-) TimerEvent: {}
[50.569997] (-) TimerEvent: {}
[50.670417] (-) TimerEvent: {}
[50.770886] (-) TimerEvent: {}
[50.871307] (-) TimerEvent: {}
[50.971691] (-) TimerEvent: {}
[51.072078] (-) TimerEvent: {}
[51.172493] (-) TimerEvent: {}
[51.272890] (-) TimerEvent: {}
[51.373271] (-) TimerEvent: {}
[51.435112] (unitree_ros2_example) StdoutLine: {'line': b'[ 91%] \x1b[32m\x1b[1mLinking CXX executable b2w_sport_client\x1b[0m\n'}
[51.473421] (-) TimerEvent: {}
[51.573892] (-) TimerEvent: {}
[51.661919] (unitree_ros2_example) StdoutLine: {'line': b'[ 91%] Built target b2w_sport_client\n'}
[51.674008] (-) TimerEvent: {}
[51.774366] (-) TimerEvent: {}
[51.874770] (-) TimerEvent: {}
[51.975148] (-) TimerEvent: {}
[52.075551] (-) TimerEvent: {}
[52.175932] (-) TimerEvent: {}
[52.276305] (-) TimerEvent: {}
[52.376674] (-) TimerEvent: {}
[52.477020] (-) TimerEvent: {}
[52.577365] (-) TimerEvent: {}
[52.677910] (-) TimerEvent: {}
[52.771493] (unitree_ros2_example) StdoutLine: {'line': b'[ 93%] \x1b[32m\x1b[1mLinking CXX executable b2_sport_client\x1b[0m\n'}
[52.777964] (-) TimerEvent: {}
[52.878331] (-) TimerEvent: {}
[52.978791] (-) TimerEvent: {}
[52.982452] (unitree_ros2_example) StdoutLine: {'line': b'[ 93%] Built target b2_sport_client\n'}
[53.078899] (-) TimerEvent: {}
[53.179228] (-) TimerEvent: {}
[53.279579] (-) TimerEvent: {}
[53.380026] (-) TimerEvent: {}
[53.480373] (-) TimerEvent: {}
[53.580859] (-) TimerEvent: {}
[53.681485] (-) TimerEvent: {}
[53.781935] (-) TimerEvent: {}
[53.882631] (-) TimerEvent: {}
[53.983171] (-) TimerEvent: {}
[54.083513] (-) TimerEvent: {}
[54.183839] (-) TimerEvent: {}
[54.284158] (-) TimerEvent: {}
[54.384475] (-) TimerEvent: {}
[54.405834] (unitree_ros2_example) StdoutLine: {'line': b'[ 94%] \x1b[32m\x1b[1mLinking CXX executable go2_sport_client\x1b[0m\n'}
[54.484641] (-) TimerEvent: {}
[54.585053] (-) TimerEvent: {}
[54.685366] (-) TimerEvent: {}
[54.785651] (-) TimerEvent: {}
[54.885940] (-) TimerEvent: {}
[54.986241] (-) TimerEvent: {}
[55.023488] (unitree_ros2_example) StdoutLine: {'line': b'[ 94%] Built target go2_sport_client\n'}
[55.086339] (-) TimerEvent: {}
[55.186638] (-) TimerEvent: {}
[55.286959] (-) TimerEvent: {}
[55.387263] (-) TimerEvent: {}
[55.487577] (-) TimerEvent: {}
[55.587873] (-) TimerEvent: {}
[55.688163] (-) TimerEvent: {}
[55.788447] (-) TimerEvent: {}
[55.888745] (-) TimerEvent: {}
[55.989042] (-) TimerEvent: {}
[56.089356] (-) TimerEvent: {}
[56.189650] (-) TimerEvent: {}
[56.289925] (-) TimerEvent: {}
[56.390199] (-) TimerEvent: {}
[56.490474] (-) TimerEvent: {}
[56.590759] (-) TimerEvent: {}
[56.691062] (-) TimerEvent: {}
[56.791348] (-) TimerEvent: {}
[56.891635] (-) TimerEvent: {}
[56.991915] (-) TimerEvent: {}
[57.092186] (-) TimerEvent: {}
[57.192466] (-) TimerEvent: {}
[57.292750] (-) TimerEvent: {}
[57.393042] (-) TimerEvent: {}
[57.493322] (-) TimerEvent: {}
[57.593630] (-) TimerEvent: {}
[57.693911] (-) TimerEvent: {}
[57.794187] (-) TimerEvent: {}
[57.894472] (-) TimerEvent: {}
[57.994764] (-) TimerEvent: {}
[58.095055] (-) TimerEvent: {}
[58.195345] (-) TimerEvent: {}
[58.295647] (-) TimerEvent: {}
[58.395925] (-) TimerEvent: {}
[58.496199] (-) TimerEvent: {}
[58.596480] (-) TimerEvent: {}
[58.696757] (-) TimerEvent: {}
[58.797067] (-) TimerEvent: {}
[58.897374] (-) TimerEvent: {}
[58.997696] (-) TimerEvent: {}
[59.098004] (-) TimerEvent: {}
[59.198322] (-) TimerEvent: {}
[59.298674] (-) TimerEvent: {}
[59.398957] (unitree_ros2_example) StdoutLine: {'line': b'[ 96%] \x1b[32m\x1b[1mLinking CXX executable b2_stand_example\x1b[0m\n'}
[59.399138] (-) TimerEvent: {}
[59.499362] (-) TimerEvent: {}
[59.546681] (unitree_ros2_example) StdoutLine: {'line': b'[ 98%] \x1b[32m\x1b[1mLinking CXX executable b2w_stand_example\x1b[0m\n'}
[59.599490] (-) TimerEvent: {}
[59.699864] (-) TimerEvent: {}
[59.800221] (-) TimerEvent: {}
[59.900570] (-) TimerEvent: {}
[59.910255] (unitree_ros2_example) StdoutLine: {'line': b'[ 98%] Built target b2_stand_example\n'}
[60.000689] (-) TimerEvent: {}
[60.035738] (unitree_ros2_example) StdoutLine: {'line': b'[ 98%] Built target b2w_stand_example\n'}
[60.100795] (-) TimerEvent: {}
[60.201066] (-) TimerEvent: {}
[60.301381] (-) TimerEvent: {}
[60.401670] (-) TimerEvent: {}
[60.501966] (-) TimerEvent: {}
[60.602243] (-) TimerEvent: {}
[60.702538] (-) TimerEvent: {}
[60.745690] (unitree_ros2_example) StdoutLine: {'line': b'[100%] \x1b[32m\x1b[1mLinking CXX executable g1_dual_arm_example\x1b[0m\n'}
[60.802661] (-) TimerEvent: {}
[60.903030] (-) TimerEvent: {}
[61.003310] (-) TimerEvent: {}
[61.103578] (-) TimerEvent: {}
[61.203856] (-) TimerEvent: {}
[61.212308] (unitree_ros2_example) StdoutLine: {'line': b'[100%] Built target g1_dual_arm_example\n'}
[61.227328] (unitree_ros2_example) CommandEnded: {'returncode': 0}
[61.228793] (unitree_ros2_example) JobProgress: {'identifier': 'unitree_ros2_example', 'progress': 'install'}
[61.229677] (unitree_ros2_example) Command: {'cmd': ['/usr/bin/cmake', '--install', '/home/elijah/go2-convex-mpc/ros2_ws/build/unitree_ros2_example'], 'cwd': '/home/elijah/go2-convex-mpc/ros2_ws/build/unitree_ros2_example', 'env': OrderedDict([('GJS_DEBUG_TOPICS', 'JS ERROR;JS LOG'), ('PYTHON_BASIC_REPL', '1'), ('LESSOPEN', '| /usr/bin/lesspipe %s'), ('CONDA_PROMPT_MODIFIER', ''), ('USER', 'elijah'), ('XDG_SESSION_TYPE', 'x11'), ('GIT_ASKPASS', '/usr/share/code/resources/app/extensions/git/dist/askpass.sh'), ('SHLVL', '1'), ('LD_LIBRARY_PATH', '/home/elijah/go2-convex-mpc/ros2_ws/install/unitree_hg/lib:/home/elijah/go2-convex-mpc/ros2_ws/install/unitree_go/lib:/home/elijah/go2-convex-mpc/ros2_ws/install/unitree_api/lib:/opt/ros/humble/opt/rviz_ogre_vendor/lib:/opt/ros/humble/lib/x86_64-linux-gnu:/opt/ros/humble/lib:/home/elijah/convex-mpc-unitree-go2/third_party/acados/lib'), ('ACADOS_SOURCE_DIR', '/home/elijah/convex-mpc-unitree-go2/third_party/acados'), ('HOME', '/home/elijah'), ('CHROME_DESKTOP', 'code.desktop'), ('CONDA_SHLVL', '0'), ('OLDPWD', '/home/elijah/go2-convex-mpc'), ('TERM_PROGRAM_VERSION', '1.104.2'), ('DESKTOP_SESSION', 'ubuntu'), ('GIO_LAUNCHED_DESKTOP_FILE', '/usr/share/applications/code.desktop'), ('ROS_PYTHON_VERSION', '3'), ('GNOME_SHELL_SESSION_MODE', 'ubuntu'), ('GTK_MODULES', 'gail:atk-bridge'), ('VSCODE_GIT_ASKPASS_MAIN', '/usr/share/code/resources/app/extensions/git/dist/askpass-main.js'), ('VSCODE_GIT_ASKPASS_NODE', '/usr/share/code/code'), ('MANAGERPID', '1248'), ('PYDEVD_DISABLE_FILE_VALIDATION', '1'), ('SYSTEMD_EXEC_PID', '2230'), ('BUNDLED_DEBUGPY_PATH', '/home/elijah/.vscode/extensions/ms-python.debugpy-2025.18.0-linux-x64/bundled/libs/debugpy'), ('VSCODE_PYTHON_AUTOACTIVATE_GUARD', '1'), ('DBUS_SESSION_BUS_ADDRESS', 'unix:path=/run/user/1000/bus'), ('COLORTERM', 'truecolor'), ('_CE_M', ''), ('PYTHONNOUSERSITE', '1'), ('_CONDA_ROOT', '/home/elijah/miniconda3'), ('GIO_LAUNCHED_DESKTOP_FILE_PID', '19285'), ('ROS_DISTRO', 'humble'), ('GTK_IM_MODULE', 'ibus'), ('LOGNAME', 'elijah'), ('JOURNAL_STREAM', '8:23301'), ('_', '/usr/bin/colcon'), ('ROS_VERSION', '2'), ('XDG_SESSION_CLASS', 'user'), ('USERNAME', 'elijah'), ('TERM', 'xterm-256color'), ('GNOME_DESKTOP_SESSION_ID', 'this-is-deprecated'), ('_CE_CONDA', ''), ('ROS_LOCALHOST_ONLY', '0'), ('WINDOWPATH', '2'), ('PATH', '/opt/ros/humble/bin:/home/elijah/MATLAB/R2025b/bin:/home/elijah/.local/bin:/home/elijah/MATLAB/R2025b/bin:/home/elijah/miniconda3/condabin:/home/elijah/.local/bin:/usr/local/sbin:/usr/local/bin:/usr/sbin:/usr/bin:/sbin:/bin:/usr/games:/usr/local/games:/snap/bin:/snap/bin:/home/elijah/.vscode/extensions/ms-python.debugpy-2025.18.0-linux-x64/bundled/scripts/noConfigScripts:/home/elijah/.config/Code/User/globalStorage/github.copilot-chat/debugCommand'), ('SESSION_MANAGER', 'local/blade14:@/tmp/.ICE-unix/2191,unix/blade14:/tmp/.ICE-unix/2191'), ('INVOCATION_ID', '2334c8eb0f6b414eb551b517251acb30'), ('XDG_MENU_PREFIX', 'gnome-'), ('XDG_RUNTIME_DIR', '/run/user/1000'), ('GDK_BACKEND', 'x11'), ('DISPLAY', ':0'), ('VSCODE_DEBUGPY_ADAPTER_ENDPOINTS', '/home/elijah/.vscode/extensions/ms-python.debugpy-2025.18.0-linux-x64/.noConfigDebugAdapterEndpoints/endpoint-e8e5ede5e48c9972.txt'), ('LANG', 'en_US.UTF-8'), ('XDG_CURRENT_DESKTOP', 'Unity'), ('PYTHONSTARTUP', '/home/elijah/.config/Code/User/workspaceStorage/3f9c70443e8b64211a210c374fcd3635/ms-python.python/pythonrc.py'), ('XMODIFIERS', '@im=ibus'), ('XDG_SESSION_DESKTOP', 'ubuntu'), ('XAUTHORITY', '/run/user/1000/gdm/Xauthority'), ('LS_COLORS', 'rs=0:di=01;34:ln=01;36:mh=00:pi=40;33:so=01;35:do=01;35:bd=40;33;01:cd=40;33;01:or=40;31;01:mi=00:su=37;41:sg=30;43:ca=30;41:tw=30;42:ow=34;42:st=37;44:ex=01;32:*.tar=01;31:*.tgz=01;31:*.arc=01;31:*.arj=01;31:*.taz=01;31:*.lha=01;31:*.lz4=01;31:*.lzh=01;31:*.lzma=01;31:*.tlz=01;31:*.txz=01;31:*.tzo=01;31:*.t7z=01;31:*.zip=01;31:*.z=01;31:*.dz=01;31:*.gz=01;31:*.lrz=01;31:*.lz=01;31:*.lzo=01;31:*.xz=01;31:*.zst=01;31:*.tzst=01;31:*.bz2=01;31:*.bz=01;31:*.tbz=01;31:*.tbz2=01;31:*.tz=01;31:*.deb=01;31:*.rpm=01;31:*.jar=01;31:*.war=01;31:*.ear=01;31:*.sar=01;31:*.rar=01;31:*.alz=01;31:*.ace=01;31:*.zoo=01;31:*.cpio=01;31:*.7z=01;31:*.rz=01;31:*.cab=01;31:*.wim=01;31:*.swm=01;31:*.dwm=01;31:*.esd=01;31:*.jpg=01;35:*.jpeg=01;35:*.mjpg=01;35:*.mjpeg=01;35:*.gif=01;35:*.bmp=01;35:*.pbm=01;35:*.pgm=01;35:*.ppm=01;35:*.tga=01;35:*.xbm=01;35:*.xpm=01;35:*.tif=01;35:*.tiff=01;35:*.png=01;35:*.svg=01;35:*.svgz=01;35:*.mng=01;35:*.pcx=01;35:*.mov=01;35:*.mpg=01;35:*.mpeg=01;35:*.m2v=01;35:*.mkv=01;35:*.webm=01;35:*.webp=01;35:*.ogm=01;35:*.mp4=01;35:*.m4v=01;35:*.mp4v=01;35:*.vob=01;35:*.qt=01;35:*.nuv=01;35:*.wmv=01;35:*.asf=01;35:*.rm=01;35:*.rmvb=01;35:*.flc=01;35:*.avi=01;35:*.fli=01;35:*.flv=01;35:*.gl=01;35:*.dl=01;35:*.xcf=01;35:*.xwd=01;35:*.yuv=01;35:*.cgm=01;35:*.emf=01;35:*.ogv=01;35:*.ogx=01;35:*.aac=00;36:*.au=00;36:*.flac=00;36:*.m4a=00;36:*.mid=00;36:*.midi=00;36:*.mka=00;36:*.mp3=00;36:*.mpc=00;36:*.ogg=00;36:*.ra=00;36:*.wav=00;36:*.oga=00;36:*.opus=00;36:*.spx=00;36:*.xspf=00;36:'), ('VSCODE_GIT_IPC_HANDLE', '/run/user/1000/vscode-git-220767a3ce.sock'), ('TERM_PROGRAM', 'vscode'), ('SSH_AGENT_LAUNCHER', 'gnome-keyring'), ('SSH_AUTH_SOCK', '/run/user/1000/keyring/ssh'), ('AMENT_PREFIX_PATH', '/home/elijah/go2-convex-mpc/ros2_ws/install/unitree_hg:/home/elijah/go2-convex-mpc/ros2_ws/install/unitree_go:/home/elijah/go2-convex-mpc/ros2_ws/install/unitree_api:/opt/ros/humble'), ('CONDA_PYTHON_EXE', '/home/elijah/miniconda3/bin/python'), ('ORIGINAL_XDG_CURRENT_DESKTOP', 'ubuntu:GNOME'), ('SHELL', '/bin/bash'), ('QT_ACCESSIBILITY', '1'), ('GDMSESSION', 'ubuntu'), ('LESSCLOSE', '/usr/bin/lesspipe %s %s'), ('CONDA_DEFAULT_ENV', ''), ('GPG_AGENT_INFO', '/run/user/1000/gnupg/S.gpg-agent:0:1'), ('GJS_DEBUG_OUTPUT', 'stderr'), ('_CONDA_EXE', '/home/elijah/miniconda3/bin/conda'), ('VSCODE_GIT_ASKPASS_EXTRA_ARGS', ''), ('QT_IM_MODULE', 'ibus'), ('PWD', '/home/elijah/go2-convex-mpc/ros2_ws/build/unitree_ros2_example'), ('XDG_CONFIG_DIRS', '/etc/xdg/xdg-ubuntu:/etc/xdg'), ('CONDA_EXE', '/home/elijah/miniconda3/bin/conda'), ('XDG_DATA_DIRS', '/usr/share/ubuntu:/usr/share/gnome:/usr/local/share/:/usr/share/:/var/lib/snapd/desktop'), ('PYTHONPATH', '/home/elijah/go2-convex-mpc/ros2_ws/install/unitree_hg/local/lib/python3.10/dist-packages:/home/elijah/go2-convex-mpc/ros2_ws/install/unitree_go/local/lib/python3.10/dist-packages:/home/elijah/go2-convex-mpc/ros2_ws/install/unitree_api/local/lib/python3.10/dist-packages:/opt/ros/humble/lib/python3.10/site-packages:/opt/ros/humble/local/lib/python3.10/dist-packages'), ('CONDA_PREFIX', ''), ('COLCON', '1'), ('CMAKE_PREFIX_PATH', '/home/elijah/go2-convex-mpc/ros2_ws/install/unitree_hg:/home/elijah/go2-convex-mpc/ros2_ws/install/unitree_go:/home/elijah/go2-convex-mpc/ros2_ws/install/unitree_api:/opt/ros/humble')]), 'shell': False}
[61.238160] (unitree_ros2_example) StdoutLine: {'line': b'-- Install configuration: ""\n'}
[61.239098] (unitree_ros2_example) StdoutLine: {'line': b'-- Execute custom install script\n'}
[61.239535] (unitree_ros2_example) StdoutLine: {'line': b'-- Symlinking: /home/elijah/go2-convex-mpc/ros2_ws/install/unitree_ros2_example//low_level_ctrl\n'}
[61.246866] (unitree_ros2_example) StdoutLine: {'line': b'-- Symlinking: /home/elijah/go2-convex-mpc/ros2_ws/install/unitree_ros2_example//low_level_ctrl_hg\n'}
[61.254112] (unitree_ros2_example) StdoutLine: {'line': b'-- Symlinking: /home/elijah/go2-convex-mpc/ros2_ws/install/unitree_ros2_example//g1_low_level_example\n'}
[61.261189] (unitree_ros2_example) StdoutLine: {'line': b'-- Symlinking: /home/elijah/go2-convex-mpc/ros2_ws/install/unitree_ros2_example//read_low_state\n'}
[61.268417] (unitree_ros2_example) StdoutLine: {'line': b'-- Symlinking: /home/elijah/go2-convex-mpc/ros2_ws/install/unitree_ros2_example//read_low_state_hg\n'}
[61.275432] (unitree_ros2_example) StdoutLine: {'line': b'-- Symlinking: /home/elijah/go2-convex-mpc/ros2_ws/install/unitree_ros2_example//read_motion_state\n'}
[61.282213] (unitree_ros2_example) StdoutLine: {'line': b'-- Symlinking: /home/elijah/go2-convex-mpc/ros2_ws/install/unitree_ros2_example//read_wireless_controller\n'}
[61.289394] (unitree_ros2_example) StdoutLine: {'line': b'-- Symlinking: /home/elijah/go2-convex-mpc/ros2_ws/install/unitree_ros2_example//go2_sport_client\n'}
[61.296261] (unitree_ros2_example) StdoutLine: {'line': b'-- Symlinking: /home/elijah/go2-convex-mpc/ros2_ws/install/unitree_ros2_example//go2_stand_example\n'}
[61.303817] (unitree_ros2_example) StdoutLine: {'line': b'-- Symlinking: /home/elijah/go2-convex-mpc/ros2_ws/install/unitree_ros2_example//go2_robot_state_client\n'}
[61.303923] (-) TimerEvent: {}
[61.311520] (unitree_ros2_example) StdoutLine: {'line': b'-- Symlinking: /home/elijah/go2-convex-mpc/ros2_ws/install/unitree_ros2_example//g1_arm_sdk_dds_example\n'}
[61.320665] (unitree_ros2_example) StdoutLine: {'line': b'-- Symlinking: /home/elijah/go2-convex-mpc/ros2_ws/install/unitree_ros2_example//g1_arm_action_example\n'}
[61.328946] (unitree_ros2_example) StdoutLine: {'line': b'-- Symlinking: /home/elijah/go2-convex-mpc/ros2_ws/install/unitree_ros2_example//g1_dex3_example\n'}
[61.337177] (unitree_ros2_example) StdoutLine: {'line': b'-- Symlinking: /home/elijah/go2-convex-mpc/ros2_ws/install/unitree_ros2_example//g1_loco_client_example\n'}
[61.345206] (unitree_ros2_example) StdoutLine: {'line': b'-- Symlinking: /home/elijah/go2-convex-mpc/ros2_ws/install/unitree_ros2_example//g1_ankle_swing_example\n'}
[61.353489] (unitree_ros2_example) StdoutLine: {'line': b'-- Symlinking: /home/elijah/go2-convex-mpc/ros2_ws/install/unitree_ros2_example//g1_dual_arm_example\n'}
[61.361484] (unitree_ros2_example) StdoutLine: {'line': b'-- Symlinking: /home/elijah/go2-convex-mpc/ros2_ws/install/unitree_ros2_example//g1_audio_client_example\n'}
[61.370334] (unitree_ros2_example) StdoutLine: {'line': b'-- Symlinking: /home/elijah/go2-convex-mpc/ros2_ws/install/unitree_ros2_example/share/ament_index/resource_index/package_run_dependencies/unitree_ros2_example\n'}
[61.378813] (unitree_ros2_example) StdoutLine: {'line': b'-- Symlinking: /home/elijah/go2-convex-mpc/ros2_ws/install/unitree_ros2_example/share/ament_index/resource_index/parent_prefix_path/unitree_ros2_example\n'}
[61.387953] (unitree_ros2_example) StdoutLine: {'line': b'-- Symlinking: /home/elijah/go2-convex-mpc/ros2_ws/install/unitree_ros2_example/share/unitree_ros2_example/environment/ament_prefix_path.sh\n'}
[61.396010] (unitree_ros2_example) StdoutLine: {'line': b'-- Symlinking: /home/elijah/go2-convex-mpc/ros2_ws/install/unitree_ros2_example/share/unitree_ros2_example/environment/ament_prefix_path.dsv\n'}
[61.403274] (unitree_ros2_example) StdoutLine: {'line': b'-- Symlinking: /home/elijah/go2-convex-mpc/ros2_ws/install/unitree_ros2_example/share/unitree_ros2_example/environment/path.sh\n'}
[61.403987] (-) TimerEvent: {}
[61.410519] (unitree_ros2_example) StdoutLine: {'line': b'-- Symlinking: /home/elijah/go2-convex-mpc/ros2_ws/install/unitree_ros2_example/share/unitree_ros2_example/environment/path.dsv\n'}
[61.419534] (unitree_ros2_example) StdoutLine: {'line': b'-- Symlinking: /home/elijah/go2-convex-mpc/ros2_ws/install/unitree_ros2_example/share/unitree_ros2_example/local_setup.bash\n'}
[61.427420] (unitree_ros2_example) StdoutLine: {'line': b'-- Symlinking: /home/elijah/go2-convex-mpc/ros2_ws/install/unitree_ros2_example/share/unitree_ros2_example/local_setup.sh\n'}
[61.434927] (unitree_ros2_example) StdoutLine: {'line': b'-- Symlinking: /home/elijah/go2-convex-mpc/ros2_ws/install/unitree_ros2_example/share/unitree_ros2_example/local_setup.zsh\n'}
[61.442237] (unitree_ros2_example) StdoutLine: {'line': b'-- Symlinking: /home/elijah/go2-convex-mpc/ros2_ws/install/unitree_ros2_example/share/unitree_ros2_example/local_setup.dsv\n'}
[61.449722] (unitree_ros2_example) StdoutLine: {'line': b'-- Symlinking: /home/elijah/go2-convex-mpc/ros2_ws/install/unitree_ros2_example/share/unitree_ros2_example/package.dsv\n'}
[61.456994] (unitree_ros2_example) StdoutLine: {'line': b'-- Symlinking: /home/elijah/go2-convex-mpc/ros2_ws/install/unitree_ros2_example/share/ament_index/resource_index/packages/unitree_ros2_example\n'}
[61.464599] (unitree_ros2_example) StdoutLine: {'line': b'-- Symlinking: /home/elijah/go2-convex-mpc/ros2_ws/install/unitree_ros2_example/share/unitree_ros2_example/cmake/unitree_ros2_exampleConfig.cmake\n'}
[61.471892] (unitree_ros2_example) StdoutLine: {'line': b'-- Symlinking: /home/elijah/go2-convex-mpc/ros2_ws/install/unitree_ros2_example/share/unitree_ros2_example/cmake/unitree_ros2_exampleConfig-version.cmake\n'}
[61.479159] (unitree_ros2_example) StdoutLine: {'line': b'-- Symlinking: /home/elijah/go2-convex-mpc/ros2_ws/install/unitree_ros2_example/share/unitree_ros2_example/package.xml\n'}
[61.488373] (unitree_ros2_example) CommandEnded: {'returncode': 0}
[61.501328] (unitree_ros2_example) JobEnded: {'identifier': 'unitree_ros2_example', 'rc': 0}
[61.501894] (-) EventReactorShutdown: {}
